ts,beam_id,power,wave,pulse,err,date,shift,laser_type,status
1600022040,33,43.865273,90.87072,3.1608627,0,2020-09-13 18:34:00,day,Diode,OK
1600034199,13,72.26742,25.688148,20.043594,0,2020-09-13 21:56:39,day,Diode,OK
1600037246,66,19.763985,95.48578,10.450898,0,2020-09-13 22:47:26,night,Nd:YAG,OK
1600068762,83,54.791325,53.108006,6.426904,0,2020-09-14 07:32:42,morning,Diode,OK
1600069560,18,47.282642,24.527264,7.9323926,0,2020-09-14 07:46:00,morning,Diode,OK
1600100315,66,70.17278,6.078584,1.6297754,0,2020-09-14 16:18:35,day,Nd:YAG,OK
1600106027,32,36.661106,64.20544,12.162906,0,2020-09-14 17:53:47,day,Fiber,OK
1600130630,74,49.070713,79.75358,2.8148417,0,2020-09-15 00:43:50,night,Excimer,OK
1600161099,96,99.31459,33.57276,17.131021,0,2020-09-15 09:11:39,morning,Nd:YAG,OK
1600221019,81,48.35409,42.88747,9.211537,0,2020-09-16 01:50:19,night,Nd:YAG,OK
1600243198,97,58.506393,51.439445,6.2481,0,2020-09-16 07:59:58,morning,Fiber,OK
1600272506,12,0.80863506,77.17932,0.9950299,0,2020-09-16 16:08:26,day,Fiber,WARNING
1600272793,10,85.35935,16.153091,3.9118416,0,2020-09-16 16:13:13,day,CO2,OK
1600278846,17,108.621185,23.708279,14.184467,0,2020-09-16 17:54:06,day,Fiber,WARNING
1600281180,36,65.33073,95.21317,4.3075595,0,2020-09-16 18:33:00,day,Nd:YAG,OK
1600328497,3,29.09931,4.043597,12.45976,0,2020-09-17 07:41:37,morning,Diode,OK
1600343224,40,76.08977,47.86077,10.63378,0,2020-09-17 11:47:04,morning,CO2,OK
1600360008,41,100.74526,0.31677058,85.33052,0,2020-09-17 16:26:48,day,Nd:YAG,WARNING
1600365270,99,21.564255,51.537235,20.357008,0,2020-09-17 17:54:30,day,Excimer,OK
1600376308,78,60.237442,74.75073,6.943973,0,2020-09-17 20:58:28,day,Diode,OK
1600377531,13,73.433754,31.53494,14.102457,0,2020-09-17 21:18:51,day,Diode,OK
1600405002,16,78.40719,65.322655,7.0131135,0,2020-09-18 04:56:42,night,Nd:YAG,OK
1600470075,63,90.59117,17.33697,5.560777,0,2020-09-18 23:01:15,night,Diode,OK
1600476775,43,68.54756,7.8743944,16.184658,0,2020-09-19 00:52:55,night,Diode,OK
1600524944,21,62.840622,6.8332543,9.358212,0,2020-09-19 14:15:44,day,Nd:YAG,OK
1600545542,61,54.081936,51.117245,4.928639,0,2020-09-19 19:59:02,day,Nd:YAG,OK
1600562334,2,42.974335,73.86617,2.2567503,0,2020-09-20 00:38:54,night,Fiber,OK
1600581803,51,44.267445,17.137932,8.634709,0,2020-09-20 06:03:23,morning,Nd:YAG,OK
1600616147,62,56.460247,36.695072,13.990932,0,2020-09-20 15:35:47,day,Fiber,OK
1600650314,58,39.56198,32.67867,13.270579,0,2020-09-21 01:05:14,night,Diode,OK
1600660155,60,58.42064,43.978046,7.678324,0,2020-09-21 03:49:15,night,CO2,OK
1600684648,57,35.343315,51.40744,0.97527146,0,2020-09-21 10:37:28,morning,Fiber,OK
1600702317,97,5.978399,63.82938,5.0413833,0,2020-09-21 15:31:57,day,Fiber,WARNING
1600715977,95,66.55663,27.589725,4.9716663,0,2020-09-21 19:19:37,day,CO2,OK
1600747388,50,54.88995,61.504925,9.800258,0,2020-09-22 04:03:08,night,CO2,OK
1600774097,59,84.89783,53.530758,0.19990064,0,2020-09-22 11:28:17,morning,Excimer,OK
1600777628,67,59.76237,3.3659427,3.509039,0,2020-09-22 12:27:08,morning,Fiber,OK
1600785534,39,57.16559,43.424366,9.159858,0,2020-09-22 14:38:54,day,Excimer,OK
1600786524,85,9.42852,27.263702,10.815482,0,2020-09-22 14:55:24,day,CO2,WARNING
1600786733,18,6.641887,83.96552,2.2693303,0,2020-09-22 14:58:53,day,Diode,WARNING
1600795074,90,81.000496,23.651375,8.581462,0,2020-09-22 17:17:54,day,CO2,OK
1600811753,53,65.08635,12.533919,1.1824139,0,2020-09-22 21:55:53,day,Diode,OK
1600820043,83,9.804564,34.302246,1.8859873,0,2020-09-23 00:14:03,night,Diode,WARNING
1600820162,76,30.33297,10.665261,11.326301,0,2020-09-23 00:16:02,night,Nd:YAG,OK
1600838504,90,34.502342,67.90864,10.499129,0,2020-09-23 05:21:44,night,CO2,ERROR
1600860454,91,44.41785,26.45558,7.967184,0,2020-09-23 11:27:34,morning,Nd:YAG,OK
1600874384,36,35.40876,94.08504,5.786224,0,2020-09-23 15:19:44,day,Nd:YAG,OK
1600893688,73,374.55695,80.359085,1.9007844,0,2020-09-23 20:41:28,day,Diode,WARNING
1600945210,6,90.37295,384.5955,2.2016187,0,2020-09-24 11:00:10,morning,Nd:YAG,OK
1600946176,65,38.161808,5.9745884,7.5997195,0,2020-09-24 11:16:16,morning,CO2,OK
1600956099,79,30.644539,30.35081,8.07879,0,2020-09-24 14:01:39,day,Excimer,OK
1600961531,67,33.605423,65.160645,6.2799845,0,2020-09-24 15:32:11,day,Fiber,OK
1600964582,1,68.79995,51.71452,7.9077744,0,2020-09-24 16:23:02,day,Nd:YAG,OK
1600964663,38,59.44425,100.23135,20.088093,0,2020-09-24 16:24:23,day,Diode,OK
1600978473,95,43.596916,66.896515,10.221434,0,2020-09-24 20:14:33,day,CO2,OK
1600987609,4,69.77535,1.29106,6.280604,0,2020-09-24 22:46:49,night,Excimer,OK
1600991417,1,23.591373,29.371647,0.8474415,0,2020-09-24 23:50:17,night,Nd:YAG,OK
1600993624,98,33.04989,88.58255,2.0902598,0,2020-09-25 00:27:04,night,Diode,OK
1601050482,56,29.337961,43.74647,6.7239237,0,2020-09-25 16:14:42,day,Nd:YAG,OK
1601070286,93,26.029,1.8342737,12.363307,0,2020-09-25 21:44:46,day,Diode,OK
1601073898,38,36.561684,291.95123,0.65970826,0,2020-09-25 22:44:58,night,Diode,OK
1601090941,78,92.87429,67.020386,6.935563,0,2020-09-26 03:29:01,night,Diode,OK
1601106501,22,77.04174,34.862007,5.0163865,0,2020-09-26 07:48:21,morning,Fiber,OK
1601110943,76,54.181892,28.397614,18.424398,0,2020-09-26 09:02:23,morning,Nd:YAG,OK
1601138898,40,48.732178,41.390335,129.49088,0,2020-09-26 16:48:18,day,CO2,OK
1601143338,12,93.71293,54.726753,6.6477923,0,2020-09-26 18:02:18,day,Fiber,OK
1601169647,73,45.284378,410.74136,3.0387506,0,2020-09-27 01:20:47,night,Diode,OK
1601198518,42,47.533775,74.93197,3.415061,0,2020-09-27 09:21:58,morning,Fiber,OK
1601255680,11,36.78053,97.4009,10.606185,0,2020-09-28 01:14:40,night,Nd:YAG,OK
1601269778,87,34.004547,47.37474,7.233683,0,2020-09-28 05:09:38,night,Fiber,OK
1601284691,68,56.85764,86.49718,125.225174,0,2020-09-28 09:18:11,morning,Diode,OK
1601293084,77,13.162256,30.97875,10.739757,0,2020-09-28 11:38:04,morning,Fiber,OK
1601332566,24,40.12824,50.776405,146.62392,0,2020-09-28 22:36:06,night,Excimer,OK
1601351769,88,75.55155,6.4502106,131.15337,0,2020-09-29 03:56:09,night,Diode,OK
1601354018,81,9.120376,52.502426,5.023631,0,2020-09-29 04:33:38,night,Nd:YAG,WARNING
1601361023,57,80.330696,24.251759,12.763393,0,2020-09-29 06:30:23,morning,Fiber,OK
1601370044,21,65.34308,44.688725,5.447656,0,2020-09-29 09:00:44,morning,Nd:YAG,OK
1601388177,17,136.92456,66.79926,14.386866,0,2020-09-29 14:02:57,day,Fiber,WARNING
1601391203,34,95.45612,41.810772,10.0267935,0,2020-09-29 14:53:23,day,Excimer,OK
1601391449,91,58.324436,70.047165,4.5301213,0,2020-09-29 14:57:29,day,Nd:YAG,OK
1601397418,33,69.45751,70.62506,5.834557,0,2020-09-29 16:36:58,day,Diode,OK
1601445812,76,42.992,81.06306,2.9770257,0,2020-09-30 06:03:32,morning,Nd:YAG,OK
1601450462,94,60.07349,42.64869,132.8181,0,2020-09-30 07:21:02,morning,Excimer,OK
1601450785,85,59.729473,48.25637,12.491773,0,2020-09-30 07:26:25,morning,CO2,OK
1601456339,37,12.568174,59.913616,4.8566346,0,2020-09-30 08:58:59,morning,Fiber,OK
1601456524,62,26.962143,11.630242,5.472374,0,2020-09-30 09:02:04,morning,Fiber,OK
1601503378,9,50.863487,43.63792,130.18542,0,2020-09-30 22:02:58,night,Excimer,OK
1601511794,32,16.268597,47.184227,9.077892,0,2020-10-01 00:23:14,night,Fiber,OK
1601544147,44,68.730194,42.564377,0.9113377,0,2020-10-01 09:22:27,morning,Excimer,OK
1601574544,34,48.68123,62.349155,7.630364,0,2020-10-01 17:49:04,day,Excimer,OK
1601574913,64,67.3997,53.16713,9.047868,0,2020-10-01 17:55:13,day,Excimer,OK
1601582147,65,65.136505,49.217953,5.1082277,0,2020-10-01 19:55:47,day,CO2,OK
1601622408,66,10.737057,44.202015,12.051881,0,2020-10-02 07:06:48,morning,Nd:YAG,OK
1601629692,61,55.845375,83.58488,9.998621,0,2020-10-02 09:08:12,morning,Nd:YAG,OK
1601629992,88,70.76894,49.991085,6.1181073,0,2020-10-02 09:13:12,morning,Diode,OK
1601661355,23,25.749872,0.8878299,4.739949,0,2020-10-02 17:55:55,day,Diode,OK
1601685183,38,68.58009,67.94087,5.5729957,0,2020-10-03 00:33:03,night,Diode,OK
1601708383,74,44.485504,58.559807,120.38035,0,2020-10-03 06:59:43,morning,Excimer,OK
1601715460,58,38.7146,75.30884,5.415172,0,2020-10-03 08:57:40,morning,Diode,OK
1601716798,61,69.58053,36.083767,6.5797462,0,2020-10-03 09:19:58,morning,Nd:YAG,OK
1601733405,56,85.70982,44.08357,11.282288,0,2020-10-03 13:56:45,morning,Nd:YAG,OK
1601749268,45,20.944695,7.1681123,16.977018,0,2020-10-03 18:21:08,day,CO2,OK
1601759522,64,94.72353,47.290318,2.1395006,0,2020-10-03 21:12:02,day,Excimer,OK
1601777182,3,55.16577,26.744581,3.5350583,0,2020-10-04 02:06:22,night,Diode,OK
1601784985,12,103.24374,40.0924,101.17591,0,2020-10-04 04:16:25,night,Fiber,WARNING
1601799553,65,11.913698,76.361404,11.473155,0,2020-10-04 08:19:13,morning,CO2,OK
1601833093,24,41.437244,58.73639,2.9513006,0,2020-10-04 17:38:13,day,Excimer,OK
1601882508,62,48.761604,70.5191,12.145872,0,2020-10-05 07:21:48,morning,Fiber,OK
1601885120,47,0.42562574,74.65619,2.0045233,0,2020-10-05 08:05:20,morning,Fiber,WARNING
1601894724,55,76.731384,59.249786,13.196158,0,2020-10-05 10:45:24,morning,CO2,OK
1601917964,25,13.8004465,43.31334,3.3483741,0,2020-10-05 17:12:44,day,CO2,OK
1601933359,63,98.48526,29.165998,4.4673114,0,2020-10-05 21:29:19,day,Diode,OK
1601942504,89,39.3614,77.80425,3.704272,0,2020-10-06 00:01:44,night,Excimer,ERROR
1601956905,12,234.5955,84.597565,24.390472,0,2020-10-06 04:01:45,night,Fiber,WARNING
1602013674,26,52.00882,49.241608,10.785477,0,2020-10-06 19:47:54,day,Nd:YAG,OK
1602026667,35,22.383305,51.747272,130.94308,0,2020-10-06 23:24:27,night,CO2,OK
1602078165,98,55.85076,26.973436,13.759813,0,2020-10-07 13:42:45,morning,Diode,OK
1602084243,71,44.805965,30.115734,0.45596555,0,2020-10-07 15:24:03,day,Nd:YAG,OK
1602088883,43,28.799135,3.8964596,7.9734154,0,2020-10-07 16:41:23,day,Diode,OK
1602105216,2,17.967913,64.290665,2.0901008,0,2020-10-07 21:13:36,day,Fiber,OK
1602114393,83,70.33858,28.07571,131.22626,0,2020-10-07 23:46:33,night,Diode,OK
1602156609,72,42.148582,3.1228452,6.7951674,0,2020-10-08 11:30:09,morning,Fiber,OK
1602167022,30,68.716675,39.522118,2.575355,0,2020-10-08 14:23:42,day,CO2,OK
1602192432,61,68.26985,53.248737,3.4261038,0,2020-10-08 21:27:12,day,Nd:YAG,OK
1602199881,21,31.554892,65.74855,8.096532,0,2020-10-08 23:31:21,night,Nd:YAG,OK
1602209791,83,42.952168,68.026886,12.988006,0,2020-10-09 02:16:31,night,Diode,OK
1602249548,2,37.155136,65.42212,0.8886462,0,2020-10-09 13:19:08,morning,Fiber,OK
1602253203,49,123.322174,38.18339,3.9690273,0,2020-10-09 14:20:03,day,Excimer,WARNING
1602273698,78,61.13544,67.26033,14.978247,0,2020-10-09 20:01:38,day,Diode,OK
1602313770,53,78.151215,42.08683,4.775603,0,2020-10-10 07:09:30,morning,Diode,OK
1602327896,61,13.651371,14.3646,127.42381,0,2020-10-10 11:04:56,morning,Nd:YAG,OK
1602347717,30,70.352264,51.708458,9.676815,0,2020-10-10 16:35:17,day,CO2,OK
1602365177,90,11.331147,74.702194,10.972287,0,2020-10-10 21:26:17,day,CO2,OK
1602365745,26,61.265846,31.214088,125.09357,0,2020-10-10 21:35:45,day,Nd:YAG,OK
1602373011,83,326.82043,67.22191,24.9562,0,2020-10-10 23:36:51,night,Diode,WARNING
1602388965,75,41.054253,63.619267,2.9127407,0,2020-10-11 04:02:45,night,CO2,OK
1602390952,18,90.59902,43.62732,8.0990505,0,2020-10-11 04:35:52,night,Diode,OK
1602394341,79,34.618526,38.60804,18.90807,0,2020-10-11 05:32:21,night,Excimer,OK
1602414956,12,76.336784,72.89996,15.687624,0,2020-10-11 11:15:56,morning,Fiber,OK
1602427421,69,40.38288,20.095201,3.1557474,0,2020-10-11 14:43:41,day,Excimer,OK
1602430734,60,44.65971,7.5571003,9.789787,0,2020-10-11 15:38:54,day,CO2,OK
1602436190,84,57.14788,45.75922,12.547642,0,2020-10-11 17:09:50,day,Excimer,OK
1602436265,66,70.67322,91.87374,3.1531003,0,2020-10-11 17:11:05,day,Nd:YAG,OK
1602505700,53,51.28741,31.81837,12.37054,0,2020-10-12 12:28:20,morning,Diode,OK
1602507592,95,308.5518,31.961231,0.5788468,0,2020-10-12 12:59:52,morning,CO2,WARNING
1602554218,46,77.84992,68.98747,9.731431,0,2020-10-13 01:56:58,night,Nd:YAG,OK
1602558478,34,251.15497,54.932686,3.0587778,0,2020-10-13 03:07:58,night,Excimer,WARNING
1602559010,0,6.916972,68.786705,7.729248,0,2020-10-13 03:16:50,night,CO2,WARNING
1602560886,48,42.763794,53.07036,0.38867667,0,2020-10-13 03:48:06,night,Diode,OK
1602563545,83,2.3572102,27.432007,10.323136,0,2020-10-13 04:32:25,night,Diode,WARNING
1602618609,83,62.741947,33.2204,18.435293,0,2020-10-13 19:50:09,day,Diode,OK
1602682260,69,37.631462,363.52518,7.5681834,0,2020-10-14 13:31:00,morning,Excimer,OK
1602699851,23,39.354046,74.28891,2.9063632,0,2020-10-14 18:24:11,day,Diode,OK
1602708459,8,62.364655,45.18052,10.952572,0,2020-10-14 20:47:39,day,Diode,OK
1602719519,16,21.029293,34.676407,0.5497753,0,2020-10-14 23:51:59,night,Nd:YAG,OK
1602764988,36,72.78523,70.70065,7.4201045,0,2020-10-15 12:29:48,morning,Nd:YAG,OK
1602790579,88,101.241135,32.677773,8.543324,0,2020-10-15 19:36:19,day,Diode,WARNING
1602791806,81,50.47643,53.71484,9.291929,0,2020-10-15 19:56:46,day,Nd:YAG,OK
1602805132,73,100.1313,32.61296,1.0586495,0,2020-10-15 23:38:52,night,Diode,OK
1602805349,74,72.53445,44.599026,12.679007,0,2020-10-15 23:42:29,night,Excimer,OK
1602816348,37,71.480774,318.28568,4.4872756,0,2020-10-16 02:45:48,night,Fiber,OK
1602817980,58,45.3208,380.21564,5.017319,0,2020-10-16 03:13:00,night,Diode,OK
1602841997,33,51.48343,32.65878,128.14188,0,2020-10-16 09:53:17,morning,Diode,OK
1602842127,49,45.22329,43.946762,18.61265,0,2020-10-16 09:55:27,morning,Excimer,OK
1602853696,95,36.80416,67.624794,25.978695,0,2020-10-16 13:08:16,morning,CO2,OK
1602881630,38,55.333977,36.03333,8.234214,0,2020-10-16 20:53:50,day,Diode,OK
1602925599,87,71.30027,21.486444,2.3368623,0,2020-10-17 09:06:39,morning,Fiber,OK
1602926173,49,32.36858,61.20976,11.143022,0,2020-10-17 09:16:13,morning,Excimer,OK
1602981667,35,58.112995,41.88991,0.6959648,0,2020-10-18 00:41:07,night,CO2,OK
1602982154,52,104.434654,41.670998,13.060537,0,2020-10-18 00:49:14,night,Fiber,WARNING
1603001360,98,64.87196,66.12896,5.9469647,0,2020-10-18 06:09:20,morning,Diode,OK
1603001717,94,79.934975,43.70709,1.8640999,0,2020-10-18 06:15:17,morning,Excimer,OK
1603012689,37,61.277863,94.39996,18.430344,0,2020-10-18 09:18:09,morning,Fiber,OK
1603014828,75,58.72253,99.7215,9.249589,0,2020-10-18 09:53:48,morning,CO2,OK
1603027524,7,33.426517,71.12707,12.082171,0,2020-10-18 13:25:24,morning,Fiber,OK
1603078115,21,83.07308,34.71951,7.044182,0,2020-10-19 03:28:35,night,Nd:YAG,OK
1603119211,9,85.58052,47.688442,23.931398,0,2020-10-19 14:53:31,day,Excimer,OK
1603128183,27,3.8887956,24.796001,135.50565,0,2020-10-19 17:23:03,day,Fiber,WARNING
1603144209,12,361.54044,21.143091,20.792297,0,2020-10-19 21:50:09,day,Fiber,WARNING
1603186686,49,64.415344,62.258003,7.535649,0,2020-10-20 09:38:06,morning,Excimer,OK
1603190894,84,54.562252,390.26956,8.445085,0,2020-10-20 10:48:14,morning,Excimer,OK
1603192151,35,68.68701,24.95283,139.44238,0,2020-10-20 11:09:11,morning,CO2,ERROR
1603235978,82,42.064938,42.561577,1.8826866,0,2020-10-20 23:19:38,night,Fiber,OK
1603247713,21,24.034294,16.429497,0.6285313,0,2020-10-21 02:35:13,night,Nd:YAG,OK
1603249284,95,58.944736,47.298367,9.269924,0,2020-10-21 03:01:24,night,CO2,OK
1603250962,93,65.241615,120.96954,5.550058,0,2020-10-21 03:29:22,night,Diode,OK
1603269751,66,74.14074,51.483704,3.7657719,0,2020-10-21 08:42:31,morning,Nd:YAG,OK
1603276559,7,5.1186147,41.680836,10.144557,0,2020-10-21 10:35:59,morning,Fiber,WARNING
1603325925,79,57.34234,62.447388,13.306342,0,2020-10-22 00:18:45,night,Excimer,OK
1603339776,31,87.73821,86.26395,12.193611,0,2020-10-22 04:09:36,night,Nd:YAG,OK
1603349936,69,100.4316,403.75546,2.0596972,0,2020-10-22 06:58:56,morning,Excimer,OK
1603358952,45,0.31129432,60.936317,110.464966,0,2020-10-22 09:29:12,morning,CO2,WARNING
1603397972,86,21.685362,47.24596,2.7893448,0,2020-10-22 20:19:32,day,Nd:YAG,OK
1603419445,33,67.456276,33.43842,6.927077,0,2020-10-23 02:17:25,night,Diode,OK
1603426554,19,58.2486,48.53783,0.39800254,0,2020-10-23 04:15:54,night,Excimer,OK
1603452415,54,24.065294,28.05121,19.15329,0,2020-10-23 11:26:55,morning,Excimer,OK
1603487522,16,21.88401,314.21625,10.022348,0,2020-10-23 21:12:02,day,Nd:YAG,OK
1603543706,69,79.84158,33.127277,7.5991917,0,2020-10-24 12:48:26,morning,Excimer,OK
1603576687,42,27.192081,33.80429,13.934548,0,2020-10-24 21:58:07,day,Fiber,OK
1603587796,39,34.96189,30.251469,3.2705536,0,2020-10-25 01:03:16,night,Excimer,OK
1603620783,75,40.838135,64.81773,7.404679,0,2020-10-25 10:13:03,morning,CO2,OK
1603638487,65,44.21266,39.27566,5.19314,0,2020-10-25 15:08:07,day,CO2,OK
1603657631,92,56.12376,87.687004,6.998253,0,2020-10-25 20:27:11,day,Fiber,OK
1603657962,98,51.674065,15.945575,0.84610695,0,2020-10-25 20:32:42,day,Diode,OK
1603670193,57,43.694782,16.37746,0.8293329,0,2020-10-25 23:56:33,night,Fiber,OK
1603692067,27,66.02418,21.68514,6.0830865,0,2020-10-26 06:01:07,morning,Fiber,OK
1603694046,24,7.840821,360.62314,2.7091255,0,2020-10-26 06:34:06,morning,Excimer,WARNING
1603720029,50,92.07789,49.249832,11.236422,0,2020-10-26 13:47:09,morning,CO2,OK
1603747935,79,38.99289,20.889277,8.27805,0,2020-10-26 21:32:15,day,Excimer,OK
1603759601,4,27.943779,41.473442,8.13025,0,2020-10-27 00:46:41,night,Excimer,OK
1603761369,88,75.339424,55.665394,4.22704,0,2020-10-27 01:16:09,night,Diode,OK
1603791200,38,57.52722,29.399227,3.0880198,0,2020-10-27 09:33:20,morning,Diode,OK
1603816306,85,95.2109,72.26931,98.21331,0,2020-10-27 16:31:46,day,CO2,OK
1603816941,86,38.040337,60.547745,6.783439,0,2020-10-27 16:42:21,day,Nd:YAG,OK
1603826072,27,295.89114,11.128261,8.232408,0,2020-10-27 19:14:32,day,Fiber,WARNING
1603826428,59,37.005817,31.415613,15.67779,0,2020-10-27 19:20:28,day,Excimer,OK
1603830360,1,24.427282,60.15189,1.9596934,0,2020-10-27 20:26:00,day,Nd:YAG,OK
1603830631,5,15.885079,6.800989,121.183235,0,2020-10-27 20:30:31,day,CO2,OK
1603846525,22,104.54727,34.967422,24.23262,0,2020-10-28 00:55:25,night,Fiber,WARNING
1603854573,0,50.121727,66.7351,4.9649224,0,2020-10-28 03:09:33,night,CO2,OK
1603895993,82,22.004057,75.80234,4.774161,0,2020-10-28 14:39:53,day,Fiber,OK
1603903280,96,69.325134,21.166498,2.299114,0,2020-10-28 16:41:20,day,Nd:YAG,OK
1603925620,5,73.86351,81.31181,4.754918,0,2020-10-28 22:53:40,night,CO2,OK
1603930279,67,39.077576,10.617008,1.731555,0,2020-10-29 00:11:19,night,Fiber,OK
1603939933,97,77.42525,41.322563,0.2739909,0,2020-10-29 02:52:13,night,Fiber,OK
1603951453,98,38.33546,82.38235,12.93549,0,2020-10-29 06:04:13,morning,Diode,OK
1603962480,52,91.14118,8.198455,1.2027613,0,2020-10-29 09:08:00,morning,Fiber,OK
1603962538,65,63.815666,31.049572,9.906165,0,2020-10-29 09:08:58,morning,CO2,OK
1604016334,17,36.32161,57.825367,11.099561,0,2020-10-30 00:05:34,night,Fiber,OK
1604055057,46,11.268973,19.961178,8.680645,0,2020-10-30 10:50:57,morning,Nd:YAG,OK
1604063513,73,75.13727,104.42096,2.9455252,0,2020-10-30 13:11:53,morning,Diode,OK
1604069326,99,74.14614,59.84973,8.234243,0,2020-10-30 14:48:46,day,Excimer,OK
1604072393,76,35.96208,31.150988,5.660396,0,2020-10-30 15:39:53,day,Nd:YAG,OK
1604078472,78,49.795086,49.79323,0.1687535,0,2020-10-30 17:21:12,day,Diode,OK
1604079725,68,35.698696,59.73451,25.18087,0,2020-10-30 17:42:05,day,Diode,OK
1604092730,15,50.330254,59.22591,4.4617395,0,2020-10-30 21:18:50,day,CO2,OK
1604093797,11,22.072662,105.232506,12.2946005,0,2020-10-30 21:36:37,day,Nd:YAG,OK
1604144876,92,55.523174,58.400246,5.6926303,0,2020-10-31 11:47:56,morning,Fiber,OK
1604178073,66,63.71282,97.17402,14.448906,0,2020-10-31 21:01:13,day,Nd:YAG,OK
1604182619,89,28.9613,27.492193,3.877504,0,2020-10-31 22:16:59,night,Excimer,OK
1604185003,83,47.059093,65.824394,4.507222,0,2020-10-31 22:56:43,night,Diode,OK
1604190467,20,79.7374,123.42308,7.3279796,0,2020-11-01 00:27:47,night,CO2,OK
1604193633,72,30.04037,64.867714,8.755468,0,2020-11-01 01:20:33,night,Fiber,OK
1604207333,93,52.192978,88.5476,2.9269135,0,2020-11-01 05:08:53,night,Diode,OK
1604216366,55,57.67576,31.274609,16.257782,0,2020-11-01 07:39:26,morning,CO2,OK
1604228191,11,35.685783,122.06283,8.466821,0,2020-11-01 10:56:31,morning,Nd:YAG,OK
1604300377,69,45.624996,38.58738,10.655204,0,2020-11-02 06:59:37,morning,Excimer,OK
1604311787,85,85.988106,99.47031,0.30135575,0,2020-11-02 10:09:47,morning,CO2,OK
1604335913,25,70.733246,50.50702,0.86986583,0,2020-11-02 16:51:53,day,CO2,OK
1604350815,19,39.80113,49.21126,3.486911,0,2020-11-02 21:00:15,day,Excimer,OK
1604354473,4,42.744385,10.155237,1.3123384,0,2020-11-02 22:01:13,night,Excimer,OK
1604379802,92,14.119487,7.039156,0.114303194,0,2020-11-03 05:03:22,night,Fiber,OK
1604416524,55,41.831436,36.5959,9.531768,0,2020-11-03 15:15:24,day,CO2,OK
1604417396,52,92.609436,60.98868,0.97439873,0,2020-11-03 15:29:56,day,Fiber,OK
1604422280,89,19.59763,38.82138,2.3496542,0,2020-11-03 16:51:20,day,Excimer,OK
1604483666,3,76.008,70.74627,7.3740487,0,2020-11-04 09:54:26,morning,Diode,OK
1604505285,57,46.903362,37.32435,3.672206,0,2020-11-04 15:54:45,day,Fiber,OK
1604505799,38,83.20171,28.478569,14.77237,0,2020-11-04 16:03:19,day,Diode,OK
1604508435,7,77.50407,45.943718,12.910383,0,2020-11-04 16:47:15,day,Fiber,OK
1604519841,98,37.171947,58.057087,10.817896,0,2020-11-04 19:57:21,day,Diode,OK
1604529293,80,47.02619,19.9636,11.536582,0,2020-11-04 22:34:53,night,CO2,OK
1604530914,51,52.15955,70.80135,5.3059616,0,2020-11-04 23:01:54,night,Nd:YAG,OK
1604531633,14,34.998005,49.99227,8.189287,0,2020-11-04 23:13:53,night,Excimer,OK
1604543642,1,48.330708,58.66063,9.700115,0,2020-11-05 02:34:02,night,Nd:YAG,OK
1604556236,82,25.338758,10.756949,0.7885776,0,2020-11-05 06:03:56,morning,Fiber,OK
1604576038,70,33.55952,49.11806,26.915176,0,2020-11-05 11:33:58,morning,CO2,OK
1604586538,60,61.527016,70.071236,4.0327945,0,2020-11-05 14:28:58,day,CO2,OK
1604587207,39,39.74859,33.046505,15.188342,0,2020-11-05 14:40:07,day,Excimer,OK
1604593462,57,62.45342,33.447334,6.6182017,0,2020-11-05 16:24:22,day,Fiber,OK
1604643956,86,1.1082323,51.27373,12.227547,0,2020-11-06 06:25:56,morning,Nd:YAG,WARNING
1604654043,43,49.879128,12.954804,6.9948416,0,2020-11-06 09:14:03,morning,Diode,OK
1604655392,54,62.589413,60.016544,16.539505,0,2020-11-06 09:36:32,morning,Excimer,OK
1604665755,99,23.419104,66.07887,9.522113,0,2020-11-06 12:29:15,morning,Excimer,OK
1604681152,23,44.686657,83.28262,0.71067756,0,2020-11-06 16:45:52,day,Diode,OK
1604691938,9,53.708084,120.57956,4.2795396,0,2020-11-06 19:45:38,day,Excimer,OK
1604704660,27,56.228264,70.871216,11.10853,0,2020-11-06 23:17:40,night,Fiber,OK
1604749510,85,52.537666,14.026356,1.7291244,0,2020-11-07 11:45:10,morning,CO2,OK
1604782672,87,91.44115,41.159767,6.1297436,0,2020-11-07 20:57:52,day,Fiber,OK
1604802119,68,42.41331,52.57696,1.9248655,0,2020-11-08 02:21:59,night,Diode,OK
1604815322,68,81.01992,51.065933,3.6297984,0,2020-11-08 06:02:02,morning,Diode,OK
1604838683,19,51.782825,25.706049,0.3302428,0,2020-11-08 12:31:23,morning,Excimer,OK
1604858931,98,82.670204,80.47064,7.2527194,0,2020-11-08 18:08:51,day,Diode,OK
1604865553,66,52.91825,276.4923,3.3335347,0,2020-11-08 19:59:13,day,Nd:YAG,OK
1604873376,4,31.870247,2.0130775,104.810165,0,2020-11-08 22:09:36,night,Excimer,OK
1604897045,80,85.376,28.310776,3.8531313,0,2020-11-09 04:44:05,night,CO2,OK
1604902248,50,52.205677,74.24681,7.3181252,0,2020-11-09 06:10:48,morning,CO2,OK
1604916156,14,37.081623,32.16358,8.835522,0,2020-11-09 10:02:36,morning,Excimer,OK
1604996104,59,45.405422,54.947697,2.9068873,0,2020-11-10 08:15:04,morning,Excimer,OK
1605017592,42,23.103586,47.28704,0.030072277,0,2020-11-10 14:13:12,day,Fiber,OK
1605078358,11,112.5864,41.16482,3.1952825,0,2020-11-11 07:05:58,morning,Nd:YAG,WARNING
1605087791,93,70.14596,40.346035,14.005608,0,2020-11-11 09:43:11,morning,Diode,OK
1605110904,68,46.016514,43.504387,18.108301,0,2020-11-11 16:08:24,day,Diode,OK
1605149515,77,67.14004,44.35329,13.591282,0,2020-11-12 02:51:55,night,Fiber,OK
1605181938,85,44.80875,63.153988,7.1068516,0,2020-11-12 11:52:18,morning,CO2,OK
1605182233,51,76.15814,114.77448,14.471,0,2020-11-12 11:57:13,morning,Nd:YAG,OK
1605191607,35,23.652647,49.406857,5.0467525,0,2020-11-12 14:33:27,day,CO2,OK
1605232076,52,85.64424,47.331474,6.5791717,0,2020-11-13 01:47:56,night,Fiber,OK
1605232266,27,64.437035,51.497635,16.645199,0,2020-11-13 01:51:06,night,Fiber,OK
1605237509,28,71.84081,30.289564,9.414183,0,2020-11-13 03:18:29,night,Diode,OK
1605241933,37,68.60085,50.15778,10.5925,0,2020-11-13 04:32:13,night,Fiber,OK
1605261459,37,33.40913,67.65501,0.441829,0,2020-11-13 09:57:39,morning,Fiber,OK
1605289885,24,43.658848,83.47134,8.502777,0,2020-11-13 17:51:25,day,Excimer,OK
1605317932,72,31.376215,58.73179,11.155236,0,2020-11-14 01:38:52,night,Fiber,OK
1605351263,20,56.280544,49.784626,4.5734386,0,2020-11-14 10:54:23,morning,CO2,OK
1605353372,2,49.962578,17.729172,14.423241,0,2020-11-14 11:29:32,morning,Fiber,OK
1605371807,30,11.229655,66.231834,5.0488396,0,2020-11-14 16:36:47,day,CO2,OK
1605374822,76,93.16769,60.644176,3.8878596,0,2020-11-14 17:27:02,day,Nd:YAG,OK
1605450861,9,0.28937092,78.29343,1.410493,0,2020-11-15 14:34:21,day,Excimer,WARNING
1605453696,88,81.94334,56.398857,0.8656677,0,2020-11-15 15:21:36,day,Diode,OK
1605506289,39,66.97065,7.747664,1.6676579,0,2020-11-16 05:58:09,night,Excimer,OK
1605511095,96,70.85457,11.491433,107.16304,0,2020-11-16 07:18:15,morning,Nd:YAG,OK
1605545652,98,66.033615,80.71835,124.76195,0,2020-11-16 16:54:12,day,Diode,OK
1605554825,35,65.54327,25.864124,0.919206,0,2020-11-16 19:27:05,day,CO2,OK
1605558758,43,26.881344,36.254208,19.622616,0,2020-11-16 20:32:38,day,Diode,OK
1605601652,41,4.538654,45.87856,25.883831,0,2020-11-17 08:27:32,morning,Nd:YAG,WARNING
1605616265,99,36.691933,56.409492,22.206297,0,2020-11-17 12:31:05,morning,Excimer,OK
1605626710,81,37.118378,39.962765,11.986436,0,2020-11-17 15:25:10,day,Nd:YAG,OK
1605654634,89,39.92447,56.840202,8.622373,0,2020-11-17 23:10:34,night,Excimer,OK
1605680123,48,70.14373,57.35073,13.36523,0,2020-11-18 06:15:23,morning,Diode,OK
1605709563,44,21.423933,37.1051,3.6111355,0,2020-11-18 14:26:03,day,Excimer,OK
1605712001,77,74.74995,7.217696,4.0962033,0,2020-11-18 15:06:41,day,Fiber,OK
1605768288,0,3.8574164,59.20122,0.5792387,0,2020-11-19 06:44:48,morning,CO2,WARNING
1605768755,11,38.72692,55.320194,10.053636,0,2020-11-19 06:52:35,morning,Nd:YAG,OK
1605836726,40,18.430084,34.21481,2.6240675,0,2020-11-20 01:45:26,night,CO2,OK
1605890873,45,9.964,35.647846,11.53899,0,2020-11-20 16:47:53,day,CO2,WARNING
1605903532,9,61.47332,292.42343,8.210158,0,2020-11-20 20:18:52,day,Excimer,OK
1605910214,51,24.825785,69.3625,135.36551,0,2020-11-20 22:10:14,night,Nd:YAG,OK
1605962032,68,25.999294,38.061153,6.2032905,0,2020-11-21 12:33:52,morning,Diode,OK
1605976759,36,22.18464,40.742363,15.181661,0,2020-11-21 16:39:19,day,Nd:YAG,OK
1605988337,62,71.48299,86.50947,1.6376473,0,2020-11-21 19:52:17,day,Fiber,OK
1605992003,66,22.338694,71.49336,2.1904316,0,2020-11-21 20:53:23,day,Nd:YAG,OK
1606008389,69,39.65411,58.53672,7.2831182,0,2020-11-22 01:26:29,night,Excimer,OK
1606010500,57,46.80414,4.856739,8.78367,0,2020-11-22 02:01:40,night,Fiber,OK
1606018485,56,33.418785,43.231815,4.525332,0,2020-11-22 04:14:45,night,Nd:YAG,OK
1606056151,78,27.476707,77.471054,4.1419272,0,2020-11-22 14:42:31,day,Diode,OK
1606097701,30,42.71988,62.169662,9.263161,0,2020-11-23 02:15:01,night,CO2,OK
1606108396,33,46.1449,67.72122,8.321394,0,2020-11-23 05:13:16,night,Diode,OK
1606110379,43,67.15097,6.2133555,2.9830372,0,2020-11-23 05:46:19,night,Diode,OK
1606122105,91,37.588894,60.247135,12.492068,0,2020-11-23 09:01:45,morning,Nd:YAG,OK
1606135647,62,39.044598,50.104347,2.9888752,0,2020-11-23 12:47:27,morning,Fiber,OK
1606145880,43,56.50288,58.364143,2.01107,0,2020-11-23 15:38:00,day,Diode,OK
1606148118,6,55.53595,120.1102,6.933519,0,2020-11-23 16:15:18,day,Nd:YAG,OK
1606155814,18,43.219154,2.307669,0.79032546,0,2020-11-23 18:23:34,day,Diode,OK
1606173905,19,244.01819,88.09002,6.5805335,0,2020-11-23 23:25:05,night,Excimer,WARNING
1606205889,73,56.16851,351.8109,11.091908,0,2020-11-24 08:18:09,morning,Diode,OK
1606218712,38,34.054512,12.377267,10.793564,0,2020-11-24 11:51:52,morning,Diode,OK
1606246285,64,39.918434,33.304283,8.893774,0,2020-11-24 19:31:25,day,Excimer,OK
1606254445,55,82.42161,91.86283,6.191592,0,2020-11-24 21:47:25,day,CO2,OK
1606307917,44,305.1568,52.82855,15.272372,0,2020-11-25 12:38:37,morning,Excimer,WARNING
1606314250,88,86.46531,91.88206,18.461918,0,2020-11-25 14:24:10,day,Diode,OK
1606325201,59,68.79037,51.93873,12.217801,0,2020-11-25 17:26:41,day,Excimer,OK
1606329929,32,41.314335,14.189766,19.254461,0,2020-11-25 18:45:29,day,Fiber,OK
1606377506,45,56.92298,53.64876,13.260942,0,2020-11-26 07:58:26,morning,CO2,OK
1606405779,71,249.02667,75.437675,7.598155,0,2020-11-26 15:49:39,day,Nd:YAG,WARNING
1606408346,26,75.37778,79.2198,5.0130916,0,2020-11-26 16:32:26,day,Nd:YAG,OK
1606412896,32,58.204655,79.001045,1.426304,0,2020-11-26 17:48:16,day,Fiber,OK
1606414684,27,70.80478,22.850065,0.673438,0,2020-11-26 18:18:04,day,Fiber,OK
1606490553,45,32.449482,62.962948,8.658244,0,2020-11-27 15:22:33,day,CO2,OK
1606522395,31,24.032368,64.81621,4.64894,0,2020-11-28 00:13:15,night,Nd:YAG,OK
1606539705,82,47.685425,37.614723,13.041454,0,2020-11-28 05:01:45,night,Fiber,OK
1606546336,73,47.296844,36.425594,6.093398,0,2020-11-28 06:52:16,morning,Diode,OK
1606591585,68,34.15735,107.70643,0.08519902,0,2020-11-28 19:26:25,day,Diode,OK
1606604610,77,23.845139,55.303356,8.108181,0,2020-11-28 23:03:30,night,Fiber,OK
1606661565,41,19.50938,42.473408,1.954,0,2020-11-29 14:52:45,day,Nd:YAG,OK
1606661711,18,55.400673,35.928734,1.7020153,0,2020-11-29 14:55:11,day,Diode,OK
1606661793,36,9.500627,26.252264,9.192368,0,2020-11-29 14:56:33,day,Nd:YAG,WARNING
1606663563,75,276.77164,26.99835,14.622272,0,2020-11-29 15:26:03,day,CO2,WARNING
1606689497,29,62.17652,65.803085,19.498653,0,2020-11-29 22:38:17,night,Excimer,OK
1606689547,79,39.36406,10.548932,3.734454,0,2020-11-29 22:39:07,night,Excimer,OK
1606749541,18,39.26809,44.67018,6.7753377,0,2020-11-30 15:19:01,day,Diode,OK
1606764161,54,61.04105,51.00226,27.701036,0,2020-11-30 19:22:41,day,Excimer,OK
1606812327,12,34.209255,24.042667,9.804132,0,2020-12-01 08:45:27,morning,Fiber,OK
1606843483,49,45.225323,76.62613,5.525297,0,2020-12-01 17:24:43,day,Excimer,ERROR
1606883071,37,27.465488,81.540344,1.8017274,0,2020-12-02 04:24:31,night,Fiber,OK
1606928934,98,13.865827,61.438843,24.765423,0,2020-12-02 17:08:54,day,Diode,OK
1606941669,67,18.343666,63.119896,5.58944,0,2020-12-02 20:41:09,day,Fiber,OK
1607013319,9,57.839138,95.34855,9.636973,0,2020-12-03 16:35:19,day,Excimer,OK
1607040166,56,41.25281,37.883602,2.8812063,0,2020-12-04 00:02:46,night,Nd:YAG,OK
1607049083,58,39.033157,42.621017,6.9003844,0,2020-12-04 02:31:23,night,Diode,ERROR
1607082314,88,35.222275,66.87576,0.9404021,0,2020-12-04 11:45:14,morning,Diode,OK
1607086096,73,44.70809,59.366817,8.336254,0,2020-12-04 12:48:16,morning,Diode,OK
1607106108,31,70.07839,76.660805,9.031524,0,2020-12-04 18:21:48,day,Nd:YAG,OK
1607136733,35,60.44229,28.199112,4.936293,0,2020-12-05 02:52:13,night,CO2,OK
1607149919,3,37.410984,41.201637,1.2689676,0,2020-12-05 06:31:59,morning,Diode,OK
1607185033,68,85.80386,4.765866,8.898179,0,2020-12-05 16:17:13,day,Diode,OK
1607192527,85,51.94506,62.336666,77.9538,0,2020-12-05 18:22:07,day,CO2,OK
1607216368,32,45.77611,27.338549,5.0445943,0,2020-12-06 00:59:28,night,Fiber,OK
1607232517,15,27.713903,68.04431,2.3435066,0,2020-12-06 05:28:37,night,CO2,OK
1607255930,44,32.97068,19.657646,25.006693,0,2020-12-06 11:58:50,morning,Excimer,OK
1607276418,70,33.918724,87.38289,20.288088,0,2020-12-06 17:40:18,day,CO2,OK
1607348255,34,51.504997,51.67969,5.596502,0,2020-12-07 13:37:35,morning,Excimer,OK
1607392573,69,58.681377,41.299706,26.217983,0,2020-12-08 01:56:13,night,Excimer,OK
1607399896,28,33.72284,9.741708,9.074151,0,2020-12-08 03:58:16,night,Diode,OK
1607416735,60,39.354324,61.678085,3.6507866,0,2020-12-08 08:38:55,morning,CO2,OK
1607420298,70,364.43536,61.580696,0.94190496,0,2020-12-08 09:38:18,morning,CO2,WARNING
1607446973,63,40.673244,56.3259,5.005957,0,2020-12-08 17:02:53,day,Diode,OK
1607465176,81,45.53995,40.600067,1.4547904,0,2020-12-08 22:06:16,night,Nd:YAG,OK
1607498708,21,68.86241,23.79843,6.4953775,0,2020-12-09 07:25:08,morning,Nd:YAG,OK
1607503498,49,77.43569,45.902596,0.66606545,0,2020-12-09 08:44:58,morning,Excimer,OK
1607511829,91,29.919418,43.435352,6.4065633,0,2020-12-09 11:03:49,morning,Nd:YAG,OK
1607515629,94,69.424965,35.693928,4.728799,0,2020-12-09 12:07:09,morning,Excimer,OK
1607543634,62,56.534103,51.019604,8.559001,0,2020-12-09 19:53:54,day,Fiber,OK
1607551963,11,49.061657,83.380295,9.601101,0,2020-12-09 22:12:43,night,Nd:YAG,OK
1607565151,75,46.129635,46.988865,7.371268,0,2020-12-10 01:52:31,night,CO2,OK
1607592515,23,22.39421,22.356037,12.264973,0,2020-12-10 09:28:35,morning,Diode,OK
1607598575,71,8.341909,13.176402,12.000844,0,2020-12-10 11:09:35,morning,Nd:YAG,WARNING
1607626248,27,62.225,323.11322,3.543228,0,2020-12-10 18:50:48,day,Fiber,OK
1607628715,56,14.258761,19.732002,132.93015,0,2020-12-10 19:31:55,day,Nd:YAG,OK
1607646740,89,5.3194075,31.13616,0.99358386,0,2020-12-11 00:32:20,night,Excimer,WARNING
1607647943,16,8.965321,6.202088,0.2862166,0,2020-12-11 00:52:23,night,Nd:YAG,WARNING
1607657916,13,62.531143,87.62175,8.845181,0,2020-12-11 03:38:36,night,Diode,OK
1607692284,45,80.18885,42.943546,0.65004027,0,2020-12-11 13:11:24,morning,CO2,OK
1607731730,51,45.792885,14.232256,1.3961207,0,2020-12-12 00:08:50,night,Nd:YAG,OK
1607739615,48,40.14432,65.65829,21.486834,0,2020-12-12 02:20:15,night,Diode,OK
1607758734,27,50.008144,16.918776,20.435812,0,2020-12-12 07:38:54,morning,Fiber,OK
1607774812,47,50.302567,22.910973,140.67838,0,2020-12-12 12:06:52,morning,Fiber,OK
1607801037,68,45.594124,79.72844,8.684123,0,2020-12-12 19:23:57,day,Diode,OK
1607844292,10,99.85863,38.76843,10.77402,0,2020-12-13 07:24:52,morning,CO2,OK
1607850576,55,82.82136,58.72161,5.6719694,0,2020-12-13 09:09:36,morning,CO2,OK
1607860855,59,19.50548,44.515575,4.6131973,0,2020-12-13 12:00:55,morning,Excimer,OK
1607887328,45,92.96472,51.070004,10.634094,0,2020-12-13 19:22:08,day,CO2,OK
1607918703,4,85.544235,44.636253,4.430369,0,2020-12-14 04:05:03,night,Excimer,OK
1607945750,13,66.93683,91.07519,11.879435,0,2020-12-14 11:35:50,morning,Diode,OK
1607947105,36,58.94519,56.246315,1.2088647,0,2020-12-14 11:58:25,morning,Nd:YAG,OK
1607949024,44,45.23212,14.228731,20.106726,0,2020-12-14 12:30:24,morning,Excimer,OK
1607958234,51,38.14369,18.811346,0.07584547,0,2020-12-14 15:03:54,day,Nd:YAG,OK
1607984646,1,78.294914,64.621185,9.988873,0,2020-12-14 22:24:06,night,Nd:YAG,OK
1607995270,10,375.03244,45.04388,7.2996016,0,2020-12-15 01:21:10,night,CO2,WARNING
1608014183,46,89.85709,12.543236,8.049479,0,2020-12-15 06:36:23,morning,Nd:YAG,OK
1608014617,32,26.54841,60.015778,0.15668906,0,2020-12-15 06:43:37,morning,Fiber,OK
1608089147,58,102.57883,56.95333,8.72893,0,2020-12-16 03:25:47,night,Diode,WARNING
1608093462,82,4.9417048,46.78457,2.096179,0,2020-12-16 04:37:42,night,Fiber,WARNING
1608115002,36,40.72464,78.5236,0.16200891,0,2020-12-16 10:36:42,morning,Nd:YAG,OK
1608119786,87,4.85536,38.4738,11.929798,0,2020-12-16 11:56:26,morning,Fiber,WARNING
1608138527,7,48.354965,67.72055,7.221342,0,2020-12-16 17:08:47,day,Fiber,OK
1608138718,64,19.863014,56.917725,2.1279526,0,2020-12-16 17:11:58,day,Excimer,OK
1608141814,37,47.886497,64.133896,0.10759335,0,2020-12-16 18:03:34,day,Fiber,OK
1608145866,8,62.357758,57.894436,5.197401,0,2020-12-16 19:11:06,day,Diode,OK
1608156575,83,72.24957,21.792885,7.959723,0,2020-12-16 22:09:35,night,Diode,OK
1608193094,2,62.611786,32.20059,8.42892,0,2020-12-17 08:18:14,morning,Fiber,OK
1608239918,40,71.906555,40.293922,7.778572,0,2020-12-17 21:18:38,day,CO2,OK
1608242579,43,35.37912,54.63211,8.152963,0,2020-12-17 22:02:59,night,Diode,OK
1608253281,5,42.03248,71.50178,4.853341,0,2020-12-18 01:01:21,night,CO2,OK
1608270222,63,18.648706,69.99017,13.444363,0,2020-12-18 05:43:42,night,Diode,OK
1608288410,44,30.954357,34.170193,13.039245,0,2020-12-18 10:46:50,morning,Excimer,OK
1608289610,61,40.64262,32.284184,12.190743,0,2020-12-18 11:06:50,morning,Nd:YAG,OK
1608368839,5,86.0093,64.89672,20.189621,0,2020-12-19 09:07:19,morning,CO2,OK
1608420479,84,63.473503,56.870964,16.394802,0,2020-12-19 23:27:59,night,Excimer,OK
1608426298,22,30.988123,85.474754,13.032975,0,2020-12-20 01:04:58,night,Fiber,OK
1608427153,28,21.393602,87.67236,2.5393276,0,2020-12-20 01:19:13,night,Diode,OK
1608438139,39,97.735985,61.82321,8.003838,0,2020-12-20 04:22:19,night,Excimer,OK
1608451070,73,109.39981,23.539198,6.3257074,0,2020-12-20 07:57:50,morning,Diode,WARNING
1608587415,87,53.313057,75.29266,3.2853532,0,2020-12-21 21:50:15,day,Fiber,OK
1608593799,19,81.435905,67.60459,3.7223032,0,2020-12-21 23:36:39,night,Excimer,OK
1608597176,72,53.81858,51.81601,14.445725,0,2020-12-22 00:32:56,night,Fiber,OK
1608604246,65,52.986076,25.085127,4.0490923,0,2020-12-22 02:30:46,night,CO2,OK
1608637900,39,34.342957,9.557188,10.868507,0,2020-12-22 11:51:40,morning,Excimer,OK
1608656246,55,51.249496,48.79745,15.6268215,0,2020-12-22 16:57:26,day,CO2,OK
1608664063,46,73.03585,44.731983,3.1534064,0,2020-12-22 19:07:43,day,Nd:YAG,OK
1608675275,82,24.372055,55.930496,17.616556,0,2020-12-22 22:14:35,night,Fiber,OK
1608693624,90,73.92988,55.588154,13.083406,0,2020-12-23 03:20:24,night,CO2,OK
1608716258,40,28.343636,37.45418,1.827231,0,2020-12-23 09:37:38,morning,CO2,OK
1608731199,98,18.432806,47.78826,20.561062,0,2020-12-23 13:46:39,morning,Diode,OK
1608743127,45,43.69796,74.39298,8.093144,0,2020-12-23 17:05:27,day,CO2,OK
1608774481,76,68.168015,52.117283,2.0401587,0,2020-12-24 01:48:01,night,Nd:YAG,OK
1608789236,11,17.744919,38.14471,7.235663,0,2020-12-24 05:53:56,night,Nd:YAG,OK
1608798139,89,15.397853,7.8405523,1.534071,0,2020-12-24 08:22:19,morning,Excimer,OK
1608832906,16,20.989725,50.644222,3.6414304,0,2020-12-24 18:01:46,day,Nd:YAG,OK
1608834687,46,26.921068,30.421947,8.202195,0,2020-12-24 18:31:27,day,Nd:YAG,OK
1608838752,30,29.454567,58.88426,8.506944,0,2020-12-24 19:39:12,day,CO2,OK
1608901875,12,95.51944,18.29324,69.728714,0,2020-12-25 13:11:15,morning,Fiber,OK
1608918082,52,58.902927,38.06134,12.48257,0,2020-12-25 17:41:22,day,Fiber,OK
1608921680,82,67.836716,22.186039,10.467568,0,2020-12-25 18:41:20,day,Fiber,OK
1608962672,69,110.38027,50.172325,14.754923,0,2020-12-26 06:04:32,morning,Excimer,WARNING
1609010854,39,22.87233,69.27716,112.05212,0,2020-12-26 19:27:34,day,Excimer,OK
1609016606,55,47.57874,307.49805,10.0691805,0,2020-12-26 21:03:26,day,CO2,OK
1609054641,99,67.983475,61.20428,10.3782,0,2020-12-27 07:37:21,morning,Excimer,OK
1609054728,11,65.717766,66.44097,7.344201,0,2020-12-27 07:38:48,morning,Nd:YAG,OK
1609064242,90,70.678986,22.170631,2.9598281,0,2020-12-27 10:17:22,morning,CO2,OK
1609085349,85,46.42023,25.672588,7.342678,0,2020-12-27 16:09:09,day,CO2,OK
1609149569,3,62.923286,70.78205,3.39782,0,2020-12-28 09:59:29,morning,Diode,OK
1609153104,5,77.49094,49.6039,5.8057704,0,2020-12-28 10:58:24,morning,CO2,OK
1609157937,57,53.679646,71.26644,4.03407,0,2020-12-28 12:18:57,morning,Fiber,OK
1609179486,21,63.13465,81.66981,0.12865092,0,2020-12-28 18:18:06,day,Nd:YAG,OK
1609224380,20,60.27005,17.673841,18.018324,0,2020-12-29 06:46:20,morning,CO2,OK
1609227459,11,45.15133,50.618237,16.06742,0,2020-12-29 07:37:39,morning,Nd:YAG,OK
1609240899,77,21.338533,45.86085,16.277449,0,2020-12-29 11:21:39,morning,Fiber,OK
1609275932,26,32.815517,29.899796,6.5759516,0,2020-12-29 21:05:32,day,Nd:YAG,OK
1609277623,69,60.030827,57.043236,8.482241,0,2020-12-29 21:33:43,day,Excimer,OK
1609281033,4,56.78456,58.621605,16.906855,0,2020-12-29 22:30:33,night,Excimer,OK
1609293540,21,59.653595,11.551569,11.405687,0,2020-12-30 01:59:00,night,Nd:YAG,OK
1609307978,64,1.1774688,34.46098,125.24284,0,2020-12-30 05:59:38,night,Excimer,ERROR
1609327677,13,34.050304,53.251556,8.218327,0,2020-12-30 11:27:57,morning,Diode,OK
1609370175,37,5.2034445,47.499992,2.9000783,0,2020-12-30 23:16:15,night,Fiber,WARNING
1609376700,19,56.97958,36.7571,12.078016,0,2020-12-31 01:05:00,night,Excimer,OK
1609384464,89,60.903896,55.085556,9.456437,0,2020-12-31 03:14:24,night,Excimer,OK
1609391629,78,35.37427,16.821444,9.955681,0,2020-12-31 05:13:49,night,Diode,OK
1609427088,56,82.28061,65.16313,7.7984843,0,2020-12-31 15:04:48,day,Nd:YAG,OK
1609427706,48,32.899933,54.01398,6.0018897,0,2020-12-31 15:15:06,day,Diode,OK
1609512741,80,52.17134,61.915154,9.301437,0,2021-01-01 14:52:21,day,CO2,OK
1609519248,56,26.142408,24.767982,11.688194,0,2021-01-01 16:40:48,day,Nd:YAG,OK
1609521328,95,290.97363,103.65991,0.79462886,0,2021-01-01 17:15:28,day,CO2,WARNING
1609533396,74,62.226204,28.073626,5.9104285,0,2021-01-01 20:36:36,day,Excimer,OK
1609534533,46,36.76627,80.93559,19.985552,0,2021-01-01 20:55:33,day,Nd:YAG,OK
1609546205,48,46.780827,58.020264,3.9982533,0,2021-01-02 00:10:05,night,Diode,OK
1609549184,83,48.16013,60.06978,15.99367,0,2021-01-02 00:59:44,night,Diode,OK
1609629113,14,82.2326,367.7058,7.4052043,0,2021-01-02 23:11:53,night,Excimer,OK
1609633495,54,88.029274,49.95669,1.7337527,0,2021-01-03 00:24:55,night,Excimer,OK
1609635864,82,68.1773,37.612698,3.0819893,0,2021-01-03 01:04:24,night,Fiber,OK
1609668670,9,49.25665,77.3707,5.7729416,0,2021-01-03 10:11:10,morning,Excimer,OK
1609669117,62,77.414505,8.8109865,3.9219475,0,2021-01-03 10:18:37,morning,Fiber,OK
1609685998,28,94.24202,9.838243,3.8562198,0,2021-01-03 14:59:58,day,Diode,OK
1609731752,10,61.11325,4.3986626,12.265411,0,2021-01-04 03:42:32,night,CO2,OK
1609814333,24,1.5803366,48.47401,8.371659,0,2021-01-05 02:38:53,night,Excimer,WARNING
1609869597,94,0.59107053,49.862083,22.58269,0,2021-01-05 17:59:57,day,Excimer,WARNING
1609923431,56,12.115447,27.189177,8.0699005,0,2021-01-06 08:57:11,morning,Nd:YAG,OK
1609930360,57,63.89938,61.397053,5.335599,0,2021-01-06 10:52:40,morning,Fiber,OK
1609931565,24,23.100105,43.76871,18.146805,0,2021-01-06 11:12:45,morning,Excimer,OK
1609948133,14,22.981167,288.3112,5.781805,0,2021-01-06 15:48:53,day,Excimer,OK
1609956864,14,84.36471,91.620514,8.230217,0,2021-01-06 18:14:24,day,Excimer,OK
1609962543,82,43.2064,36.993244,5.6701546,0,2021-01-06 19:49:03,day,Fiber,OK
1609968400,11,84.45845,80.48416,3.9974177,0,2021-01-06 21:26:40,day,Nd:YAG,OK
1609985719,75,74.52868,68.72385,4.2173204,0,2021-01-07 02:15:19,night,CO2,OK
1609988292,31,79.89352,49.45836,14.908657,0,2021-01-07 02:58:12,night,Nd:YAG,OK
1610003428,39,37.13051,32.619404,0.14948775,0,2021-01-07 07:10:28,morning,Excimer,OK
1610009697,62,63.393745,70.98243,13.935072,0,2021-01-07 08:54:57,morning,Fiber,OK
1610041248,40,63.61776,52.968292,5.955774,0,2021-01-07 17:40:48,day,CO2,OK
1610062716,81,35.866962,68.76701,9.386725,0,2021-01-07 23:38:36,night,Nd:YAG,OK
1610065667,82,67.355675,24.029484,4.2313056,0,2021-01-08 00:27:47,night,Fiber,OK
1610078931,65,64.01833,56.868324,1.5099391,0,2021-01-08 04:08:51,night,CO2,OK
1610100663,70,22.268623,10.90011,94.93998,0,2021-01-08 10:11:03,morning,CO2,OK
1610136997,73,42.167084,17.226213,4.6115913,0,2021-01-08 20:16:37,day,Diode,OK
1610160587,49,73.250114,30.06652,9.796255,0,2021-01-09 02:49:47,night,Excimer,OK
1610160781,36,58.756477,40.79267,13.0519905,0,2021-01-09 02:53:01,night,Nd:YAG,OK
1610171632,7,75.151886,60.045876,1.0586833,0,2021-01-09 05:53:52,night,Fiber,OK
1610175827,12,82.771515,44.315365,5.441693,0,2021-01-09 07:03:47,morning,Fiber,OK
1610211336,43,62.002697,47.983856,13.100119,0,2021-01-09 16:55:36,day,Diode,OK
1610245292,4,77.64571,26.428158,12.114032,0,2021-01-10 02:21:32,night,Excimer,OK
1610245438,73,52.871143,6.859446,15.896168,0,2021-01-10 02:23:58,night,Diode,OK
1610271292,56,54.17525,69.10674,10.757043,0,2021-01-10 09:34:52,morning,Nd:YAG,OK
1610276989,49,45.483856,74.13239,0.31800988,0,2021-01-10 11:09:49,morning,Excimer,OK
1610279720,88,66.647934,100.95973,2.2474887,0,2021-01-10 11:55:20,morning,Diode,OK
1610302632,96,38.659176,54.80987,7.59201,0,2021-01-10 18:17:12,day,Nd:YAG,OK
1610308233,68,377.06476,53.51609,3.9826837,0,2021-01-10 19:50:33,day,Diode,WARNING
1610311124,41,3.621389,25.514194,5.5921254,0,2021-01-10 20:38:44,day,Nd:YAG,WARNING
1610339170,37,88.94926,303.91098,9.085382,0,2021-01-11 04:26:10,night,Fiber,OK
1610473138,59,3.4212134,61.52858,8.387769,0,2021-01-12 17:38:58,day,Excimer,WARNING
1610511020,83,69.75596,325.2288,1.4160229,0,2021-01-13 04:10:20,night,Diode,OK
1610529957,49,53.86294,40.99822,8.27906,0,2021-01-13 09:25:57,morning,Excimer,OK
1610552787,3,63.40327,27.734463,15.336443,0,2021-01-13 15:46:27,day,Diode,OK
1610557745,34,419.4967,37.16176,2.9287667,0,2021-01-13 17:09:05,day,Excimer,WARNING
1610560516,89,50.114666,66.38254,14.815316,0,2021-01-13 17:55:16,day,Excimer,OK
1610577459,31,21.898165,298.82568,2.5604174,0,2021-01-13 22:37:39,night,Nd:YAG,OK
1610604366,40,41.666485,63.325348,6.7461233,0,2021-01-14 06:06:06,morning,CO2,OK
1610646107,17,39.690765,35.573177,2.5258408,0,2021-01-14 17:41:47,day,Fiber,OK
1610657548,51,62.35164,39.76652,2.031412,0,2021-01-14 20:52:28,day,Nd:YAG,OK
1610669172,34,63.285152,78.797195,2.9148233,0,2021-01-15 00:06:12,night,Excimer,OK
1610689738,32,63.55619,53.980927,10.180033,0,2021-01-15 05:48:58,night,Fiber,OK
1610724254,84,15.03248,5.3560877,137.25755,0,2021-01-15 15:24:14,day,Excimer,OK
1610748590,26,57.941704,232.8414,2.067437,0,2021-01-15 22:09:50,night,Nd:YAG,OK
1610791625,19,63.605026,55.361897,6.589657,0,2021-01-16 10:07:05,morning,Excimer,OK
1610832416,83,46.220543,32.274994,0.46355978,0,2021-01-16 21:26:56,day,Diode,OK
1610900392,3,91.52173,39.849606,13.842263,0,2021-01-17 16:19:52,day,Diode,OK
1610926312,94,27.787395,40.807804,1.8224356,0,2021-01-17 23:31:52,night,Excimer,OK
1610943494,26,51.566425,75.97917,11.323035,0,2021-01-18 04:18:14,night,Nd:YAG,OK
1610946911,19,19.350994,2.6600006,12.394232,0,2021-01-18 05:15:11,night,Excimer,OK
1610950300,69,32.68349,42.077984,17.472952,0,2021-01-18 06:11:40,morning,Excimer,OK
1610954259,30,26.620275,73.49672,0.90355575,0,2021-01-18 07:17:39,morning,CO2,OK
1610974317,84,86.93714,27.638845,9.699954,0,2021-01-18 12:51:57,morning,Excimer,OK
1610981670,90,432.92682,51.608547,8.596669,0,2021-01-18 14:54:30,day,CO2,WARNING
1610997379,76,106.78155,85.67803,14.569596,0,2021-01-18 19:16:19,day,Nd:YAG,WARNING
1611004043,15,39.526344,22.601809,11.568912,0,2021-01-18 21:07:23,day,CO2,OK
1611012854,92,68.92046,61.92082,8.01354,0,2021-01-18 23:34:14,night,Fiber,OK
1611031878,19,76.148476,9.278904,5.643854,0,2021-01-19 04:51:18,night,Excimer,OK
1611039471,12,68.45957,45.548096,96.86255,0,2021-01-19 06:57:51,morning,Fiber,OK
1611040371,31,11.201433,36.50957,2.7416744,0,2021-01-19 07:12:51,morning,Nd:YAG,OK
1611044281,68,28.706295,42.013622,3.0959177,0,2021-01-19 08:18:01,morning,Diode,OK
1611062359,17,65.49286,51.97223,16.715002,0,2021-01-19 13:19:19,morning,Fiber,OK
1611193110,22,81.62855,54.628426,24.73943,0,2021-01-21 01:38:30,night,Fiber,OK
1611237036,95,41.492203,41.788696,0.44100457,0,2021-01-21 13:50:36,morning,CO2,OK
1611279987,76,45.441975,73.48179,5.5922103,0,2021-01-22 01:46:27,night,Nd:YAG,OK
1611298064,29,53.527752,342.01926,9.016586,0,2021-01-22 06:47:44,morning,Excimer,OK
1611328953,95,30.702295,109.31022,9.952723,0,2021-01-22 15:22:33,day,CO2,OK
1611384999,25,97.91643,47.883453,1.2487121,0,2021-01-23 06:56:39,morning,CO2,OK
1611391422,91,52.300755,37.895004,20.073196,0,2021-01-23 08:43:42,morning,Nd:YAG,OK
1611393972,57,18.690996,45.958866,9.451784,0,2021-01-23 09:26:12,morning,Fiber,OK
1611400428,74,74.95481,30.443481,4.2744346,0,2021-01-23 11:13:48,morning,Excimer,OK
1611407267,17,39.38355,59.29927,20.613113,0,2021-01-23 13:07:47,morning,Fiber,OK
1611408013,50,39.10276,30.92561,134.92082,0,2021-01-23 13:20:13,morning,CO2,OK
1611452011,43,63.488472,18.91754,134.46259,0,2021-01-24 01:33:31,night,Diode,OK
1611452783,74,46.204414,40.99355,4.9775863,0,2021-01-24 01:46:23,night,Excimer,OK
1611459600,74,45.19566,58.586105,3.2236354,0,2021-01-24 03:40:00,night,Excimer,OK
1611460601,58,54.488197,11.971917,8.456288,0,2021-01-24 03:56:41,night,Diode,OK
1611482818,12,27.333502,46.864834,13.773296,0,2021-01-24 10:06:58,morning,Fiber,OK
1611497687,37,66.32147,50.55674,7.660501,0,2021-01-24 14:14:47,day,Fiber,OK
1611513448,97,99.547134,57.321728,13.443863,0,2021-01-24 18:37:28,day,Fiber,OK
1611516593,13,278.69086,18.672703,8.210338,0,2021-01-24 19:29:53,day,Diode,WARNING
1611522322,74,34.044716,72.67391,11.648893,0,2021-01-24 21:05:22,day,Excimer,OK
1611561113,53,48.8147,60.87849,8.402546,0,2021-01-25 07:51:53,morning,Diode,OK
1611571536,68,68.96859,85.14165,4.1700926,0,2021-01-25 10:45:36,morning,Diode,OK
1611584288,67,52.790966,47.635345,10.586593,0,2021-01-25 14:18:08,day,Fiber,OK
1611599757,33,19.603216,66.92327,1.4487019,0,2021-01-25 18:35:57,day,Diode,OK
1611612634,29,93.830864,47.480507,8.078259,0,2021-01-25 22:10:34,night,Excimer,OK
1611632875,63,17.55501,43.845093,13.861345,0,2021-01-26 03:47:55,night,Diode,OK
1611640419,34,45.85447,65.328636,3.1471536,0,2021-01-26 05:53:39,night,Excimer,OK
1611640588,8,32.716816,35.00846,11.152893,0,2021-01-26 05:56:28,night,Diode,OK
1611653249,28,17.340767,58.427856,6.8303976,0,2021-01-26 09:27:29,morning,Diode,OK
1611653906,32,53.312416,34.822433,3.0139706,0,2021-01-26 09:38:26,morning,Fiber,ERROR
1611670269,63,13.129535,69.34724,8.9666195,0,2021-01-26 14:11:09,day,Diode,OK
1611692981,9,65.28843,31.421316,14.179881,0,2021-01-26 20:29:41,day,Excimer,OK
1611698099,71,65.21592,46.939785,11.562774,0,2021-01-26 21:54:59,day,Nd:YAG,OK
1611704257,8,50.86548,30.03879,7.346494,0,2021-01-26 23:37:37,night,Diode,OK
1611708168,51,68.26349,14.320662,22.767202,0,2021-01-27 00:42:48,night,Nd:YAG,OK
1611723565,96,23.179344,40.275856,8.669364,0,2021-01-27 04:59:25,night,Nd:YAG,OK
1611723617,68,56.0065,48.215385,1.0389338,0,2021-01-27 05:00:17,night,Diode,OK
1611739463,88,29.580135,54.031796,7.965008,0,2021-01-27 09:24:23,morning,Diode,OK
1611743014,58,66.16101,10.403506,1.4724562,0,2021-01-27 10:23:34,morning,Diode,OK
1611779759,25,15.159015,76.16239,6.0074306,0,2021-01-27 20:35:59,day,CO2,OK
1611794464,4,67.04889,24.308384,2.0072765,0,2021-01-28 00:41:04,night,Excimer,OK
1611809170,68,50.273052,8.118173,13.183771,0,2021-01-28 04:46:10,night,Diode,OK
1611816797,71,36.766724,70.98046,30.248531,0,2021-01-28 06:53:17,morning,Nd:YAG,OK
1611850458,96,63.653984,37.66925,6.6518817,0,2021-01-28 16:14:18,day,Nd:YAG,OK
1611869068,23,78.91327,49.72555,7.569775,0,2021-01-28 21:24:28,day,Diode,OK
1611872649,54,68.69257,61.663307,9.065171,0,2021-01-28 22:24:09,night,Excimer,OK
1611908941,11,51.802025,50.259922,1.0600854,0,2021-01-29 08:29:01,morning,Nd:YAG,OK
1611916207,63,43.977524,17.025301,5.3161254,0,2021-01-29 10:30:07,morning,Diode,OK
1611936357,55,61.56466,22.91664,7.98045,0,2021-01-29 16:05:57,day,CO2,OK
1611963241,70,59.595608,43.557766,2.5979671,0,2021-01-29 23:34:01,night,CO2,OK
1611973081,9,114.529465,95.74249,11.243796,0,2021-01-30 02:18:01,night,Excimer,WARNING
1611977630,95,55.782917,67.08129,7.823107,0,2021-01-30 03:33:50,night,CO2,OK
1611983387,34,28.700853,28.891077,0.5889261,0,2021-01-30 05:09:47,night,Excimer,OK
1611983425,6,77.81084,42.47546,6.165088,0,2021-01-30 05:10:25,night,Nd:YAG,OK
1611991664,28,74.35029,67.77077,11.420665,0,2021-01-30 07:27:44,morning,Diode,OK
1611998610,85,266.15582,58.59691,3.2607014,0,2021-01-30 09:23:30,morning,CO2,WARNING
1612000468,99,37.44566,323.2983,11.47541,0,2021-01-30 09:54:28,morning,Excimer,OK
1612039788,69,223.23512,15.179276,2.8802092,0,2021-01-30 20:49:48,day,Excimer,WARNING
1612075103,2,77.99373,13.538377,3.514817,0,2021-01-31 06:38:23,morning,Fiber,OK
1612096662,94,54.854977,68.5127,1.7086987,0,2021-01-31 12:37:42,morning,Excimer,OK
1612113489,79,94.05235,60.09089,5.166968,0,2021-01-31 17:18:09,day,Excimer,OK
1612130404,94,88.3311,67.402054,6.9063735,0,2021-01-31 22:00:04,night,Excimer,OK
1612143753,25,45.30982,48.48936,10.66958,0,2021-02-01 01:42:33,night,CO2,OK
1612145547,78,250.37851,44.667316,2.343015,0,2021-02-01 02:12:27,night,Diode,WARNING
1612149427,99,51.107437,41.57348,89.86696,0,2021-02-01 03:17:07,night,Excimer,OK
1612210120,62,57.76208,16.511103,2.1943374,0,2021-02-01 20:08:40,day,Fiber,OK
1612223231,21,37.776745,54.385807,21.27605,0,2021-02-01 23:47:11,night,Nd:YAG,OK
1612227241,89,69.98775,63.522877,3.0753167,0,2021-02-02 00:54:01,night,Excimer,OK
1612231675,91,23.114038,69.00885,3.595116,0,2021-02-02 02:07:55,night,Nd:YAG,ERROR
1612252014,92,3.6748762,86.42446,6.1248446,0,2021-02-02 07:46:54,morning,Fiber,WARNING
1612255091,85,41.286263,406.1928,5.650383,0,2021-02-02 08:38:11,morning,CO2,OK
1612263735,39,46.159657,22.574793,25.558226,0,2021-02-02 11:02:15,morning,Excimer,OK
1612264369,48,65.73753,50.820873,3.6589248,0,2021-02-02 11:12:49,morning,Diode,OK
1612297767,29,29.70656,46.560184,7.5156264,0,2021-02-02 20:29:27,day,Excimer,OK
1612336084,41,71.42549,6.515711,4.9165616,0,2021-02-03 07:08:04,morning,Nd:YAG,OK
1612362731,52,38.679493,85.51457,14.0352545,0,2021-02-03 14:32:11,day,Fiber,OK
1612415716,95,43.574085,39.0,11.551055,0,2021-02-04 05:15:16,night,CO2,OK
1612420161,99,67.71701,25.500334,7.414578,0,2021-02-04 06:29:21,morning,Excimer,OK
1612421443,7,83.89889,43.39282,4.339039,0,2021-02-04 06:50:43,morning,Fiber,OK
1612428721,99,78.58608,23.220922,4.399656,0,2021-02-04 08:52:01,morning,Excimer,OK
1612479524,81,82.51679,75.378784,7.5655785,0,2021-02-04 22:58:44,night,Nd:YAG,OK
1612483998,5,72.48995,58.040474,4.7370753,0,2021-02-05 00:13:18,night,CO2,OK
1612504265,66,57.624256,91.34863,135.97081,0,2021-02-05 05:51:05,night,Nd:YAG,OK
1612540360,68,87.125854,39.788204,15.20544,0,2021-02-05 15:52:40,day,Diode,OK
1612541068,35,69.867134,74.53819,2.7312353,0,2021-02-05 16:04:28,day,CO2,OK
1612544856,26,48.23174,5.3433046,4.9359527,0,2021-02-05 17:07:36,day,Nd:YAG,OK
1612546144,90,4.2364464,79.538155,95.11715,0,2021-02-05 17:29:04,day,CO2,WARNING
1612654947,27,33.196747,30.255396,4.702522,0,2021-02-06 23:42:27,night,Fiber,OK
1612671208,50,57.56344,32.098034,8.014829,0,2021-02-07 04:13:28,night,CO2,OK
1612674838,63,52.641228,67.223145,1.9925177,0,2021-02-07 05:13:58,night,Diode,OK
1612675418,32,47.924248,9.320914,1.3336792,0,2021-02-07 05:23:38,night,Fiber,OK
1612721130,43,91.219864,80.05317,5.0499,0,2021-02-07 18:05:30,day,Diode,OK
1612734869,98,35.286213,62.43791,14.820841,0,2021-02-07 21:54:29,day,Diode,OK
1612748536,81,65.235,53.408752,1.6786087,0,2021-02-08 01:42:16,night,Nd:YAG,OK
1612762149,89,30.958023,55.414185,9.618966,0,2021-02-08 05:29:09,night,Excimer,OK
1612762232,70,92.3091,22.621302,4.3336563,0,2021-02-08 05:30:32,night,CO2,OK
1612809487,29,45.510666,370.49484,8.074553,0,2021-02-08 18:38:07,day,Excimer,OK
1612847873,92,18.174429,55.17508,10.730187,0,2021-02-09 05:17:53,night,Fiber,OK
1612921307,80,60.814896,8.240517,2.7825005,0,2021-02-10 01:41:47,night,CO2,OK
1612945089,36,26.566956,111.6124,2.950058,0,2021-02-10 08:18:09,morning,Nd:YAG,OK
1612979515,69,0.03519519,55.018986,8.295144,0,2021-02-10 17:51:55,day,Excimer,WARNING
1612997907,25,89.47579,60.115494,12.738391,0,2021-02-10 22:58:27,night,CO2,OK
1613006357,97,38.795578,19.007307,2.7082376,0,2021-02-11 01:19:17,night,Fiber,OK
1613023119,80,66.1287,49.919853,5.0322614,0,2021-02-11 05:58:39,night,CO2,OK
1613028423,59,385.58374,48.496613,102.33175,0,2021-02-11 07:27:03,morning,Excimer,WARNING
1613047950,43,39.336906,50.852444,2.3948052,0,2021-02-11 12:52:30,morning,Diode,OK
1613048579,41,32.15567,16.069813,23.994238,0,2021-02-11 13:02:59,morning,Nd:YAG,OK
1613108174,75,80.6789,397.63242,79.87464,0,2021-02-12 05:36:14,night,CO2,OK
1613131430,2,17.28843,28.143736,6.5745397,0,2021-02-12 12:03:50,morning,Fiber,OK
1613190682,95,44.21159,83.77304,17.521603,0,2021-02-13 04:31:22,night,CO2,OK
1613195092,29,29.38862,48.448273,4.6287465,0,2021-02-13 05:44:52,night,Excimer,OK
1613221122,96,18.796558,70.223526,4.62413,0,2021-02-13 12:58:42,morning,Nd:YAG,OK
1613226623,3,54.239803,52.589436,8.494476,0,2021-02-13 14:30:23,day,Diode,OK
1613231342,29,67.264824,66.9427,7.500572,0,2021-02-13 15:49:02,day,Excimer,OK
1613239031,63,58.401714,5.6689763,10.274981,0,2021-02-13 17:57:11,day,Diode,OK
1613254507,52,47.560543,22.989569,7.865972,0,2021-02-13 22:15:07,night,Fiber,OK
1613278371,88,32.175934,44.201324,6.574232,0,2021-02-14 04:52:51,night,Diode,OK
1613308223,23,54.04505,37.4253,12.599694,0,2021-02-14 13:10:23,morning,Diode,OK
1613318087,79,32.38598,53.68584,4.8340983,0,2021-02-14 15:54:47,day,Excimer,OK
1613324604,23,55.271378,55.177326,6.0172324,0,2021-02-14 17:43:24,day,Diode,OK
1613330110,25,91.05511,79.25428,98.64849,0,2021-02-14 19:15:10,day,CO2,OK
1613335334,3,66.03994,7.254863,11.064526,0,2021-02-14 20:42:14,day,Diode,OK
1613338306,67,45.239555,39.87769,28.087173,0,2021-02-14 21:31:46,day,Fiber,OK
1613345284,1,57.766193,76.64259,10.268777,0,2021-02-14 23:28:04,night,Nd:YAG,OK
1613355015,74,61.35089,39.801567,3.5291576,0,2021-02-15 02:10:15,night,Excimer,OK
1613379927,81,46.961582,12.6172695,9.029746,0,2021-02-15 09:05:27,morning,Nd:YAG,OK
1613392096,56,45.408154,64.91483,18.970718,0,2021-02-15 12:28:16,morning,Nd:YAG,OK
1613413769,77,4.6331286,16.092085,15.616986,0,2021-02-15 18:29:29,day,Fiber,WARNING
1613418035,26,53.95624,47.88255,6.5697417,0,2021-02-15 19:40:35,day,Nd:YAG,OK
1613426772,64,44.865383,73.08184,8.578758,0,2021-02-15 22:06:12,night,Excimer,OK
1613432407,66,75.72294,45.925716,18.845705,0,2021-02-15 23:40:07,night,Nd:YAG,OK
1613432944,28,38.512672,64.75044,8.1085825,0,2021-02-15 23:49:04,night,Diode,OK
1613445431,78,44.581745,50.701374,14.598706,0,2021-02-16 03:17:11,night,Diode,OK
1613475229,87,102.92449,35.118153,9.072585,0,2021-02-16 11:33:49,morning,Fiber,WARNING
1613494463,95,109.17817,251.99562,1.2605608,0,2021-02-16 16:54:23,day,CO2,WARNING
1613505371,54,25.52636,44.645466,16.06529,0,2021-02-16 19:56:11,day,Excimer,OK
1613505587,93,40.345516,64.11069,0.9312366,0,2021-02-16 19:59:47,day,Diode,OK
1613528072,89,29.827253,83.46887,107.51109,0,2021-02-17 02:14:32,night,Excimer,OK
1613554571,48,43.092186,24.785145,1.3220184,0,2021-02-17 09:36:11,morning,Diode,OK
1613594315,67,52.262047,44.627125,9.4292555,0,2021-02-17 20:38:35,day,Fiber,OK
1613638295,53,49.94143,76.20225,13.364115,0,2021-02-18 08:51:35,morning,Diode,OK
1613641119,94,59.083023,4.6739936,94.3385,0,2021-02-18 09:38:39,morning,Excimer,OK
1613641219,26,84.86787,93.42932,2.2569408,0,2021-02-18 09:40:19,morning,Nd:YAG,OK
1613683855,79,24.120684,33.229866,4.8150225,0,2021-02-18 21:30:55,day,Excimer,OK
1613701930,72,21.5968,46.105858,10.29341,0,2021-02-19 02:32:10,night,Fiber,OK
1613722774,86,59.33891,45.532112,66.30798,0,2021-02-19 08:19:34,morning,Nd:YAG,OK
1613727413,48,83.31229,75.5675,0.32097694,0,2021-02-19 09:36:53,morning,Diode,OK
1613753832,64,59.499256,54.87819,8.815696,0,2021-02-19 16:57:12,day,Excimer,OK
1613765314,27,102.19873,59.22859,1.7704757,0,2021-02-19 20:08:34,day,Fiber,WARNING
1613770440,26,55.37955,74.578094,114.30971,0,2021-02-19 21:34:00,day,Nd:YAG,OK
1613796491,68,74.43539,30.700245,9.148899,0,2021-02-20 04:48:11,night,Diode,OK
1613807262,46,63.801197,89.60474,3.9357548,0,2021-02-20 07:47:42,morning,Nd:YAG,OK
1613813467,32,65.96687,65.4489,14.899266,0,2021-02-20 09:31:07,morning,Fiber,OK
1613853943,91,74.091545,46.431652,2.0691576,0,2021-02-20 20:45:43,day,Nd:YAG,OK
1613862529,78,38.5055,36.831802,0.3909646,0,2021-02-20 23:08:49,night,Diode,OK
1613882362,3,365.22775,67.21431,7.383038,0,2021-02-21 04:39:22,night,Diode,WARNING
1613912587,23,48.649574,70.276855,10.497062,0,2021-02-21 13:03:07,morning,Diode,OK
1613950817,92,65.599976,101.13234,2.5335817,0,2021-02-21 23:40:17,night,Fiber,OK
1613968196,36,7.9093246,104.5928,6.1661043,0,2021-02-22 04:29:56,night,Nd:YAG,WARNING
1613980284,89,84.72477,90.68128,16.242086,0,2021-02-22 07:51:24,morning,Excimer,OK
1614017691,32,78.20917,23.624151,5.161278,0,2021-02-22 18:14:51,day,Fiber,OK
1614059227,81,71.61136,13.763428,15.786312,0,2021-02-23 05:47:07,night,Nd:YAG,OK
1614077793,95,49.96626,32.06537,5.448078,0,2021-02-23 10:56:33,morning,CO2,OK
1614098747,34,64.26209,36.545597,6.5923405,0,2021-02-23 16:45:47,day,Excimer,OK
1614108873,36,40.64972,39.01996,3.761149,0,2021-02-23 19:34:33,day,Nd:YAG,OK
1614131673,50,49.429626,34.501972,12.096844,0,2021-02-24 01:54:33,night,CO2,OK
1614149889,62,58.273544,40.21796,20.142431,0,2021-02-24 06:58:09,morning,Fiber,OK
1614168344,54,79.0791,81.47405,88.83752,0,2021-02-24 12:05:44,morning,Excimer,OK
1614189001,31,97.39763,74.383736,2.9774325,0,2021-02-24 17:50:01,day,Nd:YAG,OK
1614192463,65,427.97665,24.303658,11.236862,0,2021-02-24 18:47:43,day,CO2,WARNING
1614212787,10,0.64676255,71.887634,5.7888703,0,2021-02-25 00:26:27,night,CO2,WARNING
1614230847,28,28.221693,50.4198,5.1749783,0,2021-02-25 05:27:27,night,Diode,OK
1614252694,32,74.52666,72.371895,16.33775,0,2021-02-25 11:31:34,morning,Fiber,OK
1614274268,99,71.0008,58.335995,132.22543,0,2021-02-25 17:31:08,day,Excimer,OK
1614282726,5,64.130455,16.804043,8.672337,0,2021-02-25 19:52:06,day,CO2,OK
1614356711,81,35.63148,86.278885,1.6934657,0,2021-02-26 16:25:11,day,Nd:YAG,OK
1614363840,77,45.498505,63.67705,90.18844,0,2021-02-26 18:24:00,day,Fiber,OK
1614383911,73,25.087744,39.40775,2.3118296,0,2021-02-26 23:58:31,night,Diode,OK
1614390516,39,26.700186,39.63735,21.528109,0,2021-02-27 01:48:36,night,Excimer,OK
1614395161,66,49.433067,364.50192,13.568555,0,2021-02-27 03:06:01,night,Nd:YAG,OK
1614398076,46,54.615116,23.309553,8.579618,0,2021-02-27 03:54:36,night,Nd:YAG,OK
1614421056,10,55.73573,59.95389,14.853073,0,2021-02-27 10:17:36,morning,CO2,OK
1614437013,18,66.756615,71.92065,4.5380473,0,2021-02-27 14:43:33,day,Diode,OK
1614450208,50,20.349619,57.78095,7.593195,0,2021-02-27 18:23:28,day,CO2,OK
1614452058,49,24.416584,18.244162,9.066658,0,2021-02-27 18:54:18,day,Excimer,OK
1614462851,41,28.115156,77.573784,8.598268,0,2021-02-27 21:54:11,day,Nd:YAG,OK
1614494286,87,38.245205,47.132816,15.058848,0,2021-02-28 06:38:06,morning,Fiber,OK
1614517704,14,90.13943,88.84151,5.9295144,0,2021-02-28 13:08:24,morning,Excimer,OK
1614520512,51,47.662735,116.2656,4.091193,0,2021-02-28 13:55:12,morning,Nd:YAG,OK
1614521351,64,90.38952,3.2239153,26.303946,0,2021-02-28 14:09:11,day,Excimer,OK
1614539066,9,73.60178,9.907623,2.2005188,0,2021-02-28 19:04:26,day,Excimer,OK
1614544398,82,38.424595,31.544928,3.5931687,0,2021-02-28 20:33:18,day,Fiber,OK
1614576639,89,67.2725,17.640997,5.7965436,0,2021-03-01 05:30:39,night,Excimer,OK
1614591607,80,3.2444003,30.166723,13.476479,0,2021-03-01 09:40:07,morning,CO2,WARNING
1614667404,99,98.376785,39.042847,1.3460081,0,2021-03-02 06:43:24,morning,Excimer,OK
1614685180,52,17.227295,60.436203,10.526986,0,2021-03-02 11:39:40,morning,Fiber,OK
1614689465,88,47.22673,32.04293,1.6628543,0,2021-03-02 12:51:05,morning,Diode,OK
1614694956,59,68.110664,29.911043,5.741498,0,2021-03-02 14:22:36,day,Excimer,OK
1614721481,23,95.51443,41.85047,10.278425,0,2021-03-02 21:44:41,day,Diode,OK
1614727502,78,66.19929,54.62714,2.7390273,0,2021-03-02 23:25:02,night,Diode,OK
1614744533,8,33.952587,51.48138,2.0753872,0,2021-03-03 04:08:53,night,Diode,OK
1614758984,94,55.6757,54.89155,5.3373723,0,2021-03-03 08:09:44,morning,Excimer,OK
1614763732,96,47.402603,38.931667,2.6276827,0,2021-03-03 09:28:52,morning,Nd:YAG,OK
1614804081,58,71.997025,79.86626,0.38950282,0,2021-03-03 20:41:21,day,Diode,OK
1614829022,4,40.159805,56.409725,7.5441575,0,2021-03-04 03:37:02,night,Excimer,OK
1614879001,98,79.68682,75.1673,10.089142,0,2021-03-04 17:30:01,day,Diode,OK
1614882617,10,65.829956,24.44171,4.133666,0,2021-03-04 18:30:17,day,CO2,OK
1614895750,98,54.95065,41.421467,5.0094604,0,2021-03-04 22:09:10,night,Diode,OK
1614922342,58,82.55687,40.027134,13.322756,0,2021-03-05 05:32:22,night,Diode,OK
1614943756,60,111.81943,41.493977,9.507514,0,2021-03-05 11:29:16,morning,CO2,WARNING
1614954989,55,110.997536,51.955505,15.14248,0,2021-03-05 14:36:29,day,CO2,WARNING
1614979363,83,49.74097,117.30665,11.2147045,0,2021-03-05 21:22:43,day,Diode,ERROR
1615006328,64,9.725161,71.28198,15.661862,0,2021-03-06 04:52:08,night,Excimer,WARNING
1615017877,50,100.938156,44.440784,13.846878,0,2021-03-06 08:04:37,morning,CO2,WARNING
1615041107,11,42.47048,82.20314,4.0266585,0,2021-03-06 14:31:47,day,Nd:YAG,OK
1615042176,38,51.166973,16.449877,7.6058474,0,2021-03-06 14:49:36,day,Diode,OK
1615057628,11,35.69292,234.30936,15.829349,0,2021-03-06 19:07:08,day,Nd:YAG,OK
1615060082,5,40.506283,20.557777,13.7149515,0,2021-03-06 19:48:02,day,CO2,OK
1615067277,17,52.586784,56.526127,8.210506,0,2021-03-06 21:47:57,day,Fiber,OK
1615200606,56,44.360043,84.83889,5.588575,0,2021-03-08 10:50:06,morning,Nd:YAG,OK
1615211490,29,79.3122,97.50957,8.478216,0,2021-03-08 13:51:30,morning,Excimer,OK
1615220392,10,74.117325,52.012337,5.2223954,0,2021-03-08 16:19:52,day,CO2,OK
1615249532,46,84.06216,48.739223,14.547012,0,2021-03-09 00:25:32,night,Nd:YAG,OK
1615273703,67,66.43433,38.222507,5.972399,0,2021-03-09 07:08:23,morning,Fiber,OK
1615308341,91,39.359356,318.42596,8.4446335,0,2021-03-09 16:45:41,day,Nd:YAG,OK
1615318020,89,63.418457,72.95983,10.838614,0,2021-03-09 19:27:00,day,Excimer,OK
1615350205,1,64.55818,50.51628,0.24934599,0,2021-03-10 04:23:25,night,Nd:YAG,OK
1615359481,25,9.861975,60.95803,7.4675517,0,2021-03-10 06:58:01,morning,CO2,WARNING
1615380094,47,66.64957,50.243507,23.439157,0,2021-03-10 12:41:34,morning,Fiber,OK
1615405530,18,17.727774,19.447872,1.6509627,0,2021-03-10 19:45:30,day,Diode,OK
1615426170,7,46.766273,17.56521,2.1095424,0,2021-03-11 01:29:30,night,Fiber,OK
1615445460,10,41.31633,48.396984,23.933294,0,2021-03-11 06:51:00,morning,CO2,OK
1615454704,87,22.75431,5.780388,1.4246205,0,2021-03-11 09:25:04,morning,Fiber,OK
1615470667,52,81.30645,75.23825,1.6083713,0,2021-03-11 13:51:07,morning,Fiber,OK
1615476447,9,91.69697,33.099537,7.242425,0,2021-03-11 15:27:27,day,Excimer,OK
1615478653,12,51.735554,70.68728,3.208932,0,2021-03-11 16:04:13,day,Fiber,OK
1615487803,53,17.203617,45.239323,14.792955,0,2021-03-11 18:36:43,day,Diode,OK
1615495539,76,43.99111,12.496992,0.7445732,0,2021-03-11 20:45:39,day,Nd:YAG,OK
1615506968,84,20.922564,64.64119,6.9162865,0,2021-03-11 23:56:08,night,Excimer,OK
1615508265,37,64.61763,38.813473,2.2713082,0,2021-03-12 00:17:45,night,Fiber,OK
1615510192,93,105.82498,49.10237,5.6678324,0,2021-03-12 00:49:52,night,Diode,WARNING
1615513111,80,68.6723,72.31923,1.08873,0,2021-03-12 01:38:31,night,CO2,OK
1615527568,1,306.14966,46.12646,11.339374,0,2021-03-12 05:39:28,night,Nd:YAG,WARNING
1615540663,62,49.611004,109.98374,16.297441,0,2021-03-12 09:17:43,morning,Fiber,OK
1615555878,24,19.053143,32.053722,8.9141,0,2021-03-12 13:31:18,morning,Excimer,OK
1615597602,18,57.63361,53.941566,0.648867,0,2021-03-13 01:06:42,night,Diode,OK
1615623836,80,53.739388,65.58727,78.733154,0,2021-03-13 08:23:56,morning,CO2,OK
1615627102,41,82.27902,99.66082,8.135198,0,2021-03-13 09:18:22,morning,Nd:YAG,OK
1615630982,34,43.981216,29.094458,8.274566,0,2021-03-13 10:23:02,morning,Excimer,OK
1615725842,18,15.894595,48.77546,22.478302,0,2021-03-14 12:44:02,morning,Diode,OK
1615735343,84,32.60902,69.63904,5.712958,0,2021-03-14 15:22:23,day,Excimer,OK
1615746116,26,33.043243,49.907036,1.4324058,0,2021-03-14 18:21:56,day,Nd:YAG,OK
1615755951,91,84.625244,81.07997,0.010034422,0,2021-03-14 21:05:51,day,Nd:YAG,OK
1615761903,15,2.5109046,96.25447,2.376363,0,2021-03-14 22:45:03,night,CO2,WARNING
1615775604,71,38.86236,44.41886,9.249981,0,2021-03-15 02:33:24,night,Nd:YAG,OK
1615793672,80,59.992603,31.460304,98.15899,0,2021-03-15 07:34:32,morning,CO2,OK
1615891628,88,52.64967,98.53278,144.87032,0,2021-03-16 10:47:08,morning,Diode,OK
1615891769,28,55.370148,50.070793,3.3625321,0,2021-03-16 10:49:29,morning,Diode,OK
1615928096,46,49.914516,51.276394,8.083174,0,2021-03-16 20:54:56,day,Nd:YAG,OK
1615941961,10,84.602325,60.68856,3.2123034,0,2021-03-17 00:46:01,night,CO2,OK
1615954549,28,51.7305,25.755527,6.3431315,0,2021-03-17 04:15:49,night,Diode,OK
1615974195,12,3.7791548,61.531784,11.113108,0,2021-03-17 09:43:15,morning,Fiber,WARNING
1615975646,3,33.79066,50.85072,12.689814,0,2021-03-17 10:07:26,morning,Diode,OK
1615997919,76,58.159924,9.077898,17.828703,0,2021-03-17 16:18:39,day,Nd:YAG,OK
1616095720,84,49.65657,42.87415,1.1551313,0,2021-03-18 19:28:40,day,Excimer,OK
1616102878,15,381.61484,17.320662,12.929011,0,2021-03-18 21:27:58,day,CO2,WARNING
1616111542,93,33.83004,2.9664388,6.7303987,0,2021-03-18 23:52:22,night,Diode,OK
1616178022,61,60.728657,52.086296,9.454751,0,2021-03-19 18:20:22,day,Nd:YAG,OK
1616193122,84,55.76879,82.60523,12.149848,0,2021-03-19 22:32:02,night,Excimer,OK
1616217056,92,52.361057,63.283485,5.9081864,0,2021-03-20 05:10:56,night,Fiber,OK
1616224055,53,76.51439,67.25835,12.715977,0,2021-03-20 07:07:35,morning,Diode,OK
1616227588,30,50.807255,48.004845,3.7736323,0,2021-03-20 08:06:28,morning,CO2,OK
1616236196,96,56.6714,46.441563,7.6367707,0,2021-03-20 10:29:56,morning,Nd:YAG,OK
1616249270,89,71.69148,27.295076,0.5827691,0,2021-03-20 14:07:50,day,Excimer,OK
1616250052,15,35.827442,46.739586,5.9524407,0,2021-03-20 14:20:52,day,CO2,OK
1616262093,18,45.697697,55.688145,19.726107,0,2021-03-20 17:41:33,day,Diode,OK
1616273106,17,63.83046,4.8240542,9.135319,0,2021-03-20 20:45:06,day,Fiber,OK
1616277342,53,65.6787,107.310265,8.115139,0,2021-03-20 21:55:42,day,Diode,OK
1616290651,15,60.547047,114.605965,2.7302196,0,2021-03-21 01:37:31,night,CO2,OK
1616333874,35,62.362503,96.050735,5.8256288,0,2021-03-21 13:37:54,morning,CO2,OK
1616344050,72,65.9716,18.214428,12.808126,0,2021-03-21 16:27:30,day,Fiber,OK
1616367080,16,66.538086,9.245767,16.396376,0,2021-03-21 22:51:20,night,Nd:YAG,OK
1616379626,13,77.673645,88.237434,11.209382,0,2021-03-22 02:20:26,night,Diode,OK
1616401497,37,63.072784,87.67619,13.879394,0,2021-03-22 08:24:57,morning,Fiber,OK
1616403884,65,19.757229,21.858978,1.3561714,0,2021-03-22 09:04:44,morning,CO2,OK
1616406433,16,24.708004,51.83547,19.856258,0,2021-03-22 09:47:13,morning,Nd:YAG,OK
1616407655,90,21.49155,43.755276,5.718669,0,2021-03-22 10:07:35,morning,CO2,OK
1616456714,13,9.699271,82.82311,13.740683,0,2021-03-22 23:45:14,night,Diode,WARNING
1616462723,84,51.140762,51.471302,5.925513,0,2021-03-23 01:25:23,night,Excimer,OK
1616466305,61,10.74533,69.19539,0.14914007,0,2021-03-23 02:25:05,night,Nd:YAG,OK
1616471985,22,47.463326,76.434395,10.457689,0,2021-03-23 03:59:45,night,Fiber,OK
1616474743,37,74.83256,37.694263,9.813776,0,2021-03-23 04:45:43,night,Fiber,OK
1616525565,53,55.402245,23.603653,25.781193,0,2021-03-23 18:52:45,day,Diode,OK
1616581826,3,71.62332,30.83378,4.8997445,0,2021-03-24 10:30:26,morning,Diode,OK
1616627506,5,345.7791,40.358543,12.488861,0,2021-03-24 23:11:46,night,CO2,WARNING
1616634830,93,58.068092,59.224358,13.146939,0,2021-03-25 01:13:50,night,Diode,OK
1616637107,24,37.87676,58.757164,7.0171494,0,2021-03-25 01:51:47,night,Excimer,OK
1616637163,83,48.020603,48.294247,9.015565,0,2021-03-25 01:52:43,night,Diode,OK
1616637517,38,35.35041,94.06947,3.107213,0,2021-03-25 01:58:37,night,Diode,OK
1616666410,83,52.84729,44.42079,3.7767386,0,2021-03-25 10:00:10,morning,Diode,OK
1616675620,53,55.552048,64.68773,0.035083562,0,2021-03-25 12:33:40,morning,Diode,OK
1616679765,46,58.99518,371.9873,2.0250595,0,2021-03-25 13:42:45,morning,Nd:YAG,OK
1616680867,22,80.37845,71.86851,4.3423676,0,2021-03-25 14:01:07,day,Fiber,OK
1616727105,22,39.213963,50.804317,3.6115947,0,2021-03-26 02:51:45,night,Fiber,OK
1616748547,23,45.91633,82.28958,9.624726,0,2021-03-26 08:49:07,morning,Diode,OK
1616756033,82,87.79412,77.76317,1.7588078,0,2021-03-26 10:53:53,morning,Fiber,OK
1616793896,89,62.59452,81.15948,1.4165165,0,2021-03-26 21:24:56,day,Excimer,OK
1616801137,49,82.93226,57.147556,21.160456,0,2021-03-26 23:25:37,night,Excimer,OK
1616807543,10,42.595337,58.55408,7.6735797,0,2021-03-27 01:12:23,night,CO2,OK
1616817370,68,49.90332,425.89822,11.523712,0,2021-03-27 03:56:10,night,Diode,OK
1616860349,13,85.520454,18.62088,2.0156794,0,2021-03-27 15:52:29,day,Diode,OK
1616896977,28,5.9595623,36.99471,18.728764,0,2021-03-28 02:02:57,night,Diode,WARNING
1617001841,27,29.878946,37.035248,3.6552126,0,2021-03-29 07:10:41,morning,Fiber,OK
1617024400,44,77.2436,97.926216,7.887571,0,2021-03-29 13:26:40,morning,Excimer,OK
1617041995,97,55.563354,16.134861,8.465771,0,2021-03-29 18:19:55,day,Fiber,OK
1617056590,7,29.075567,295.41425,1.660858,0,2021-03-29 22:23:10,night,Fiber,OK
1617058224,80,54.352287,77.65535,7.670621,0,2021-03-29 22:50:24,night,CO2,OK
1617060720,38,90.04247,28.243235,5.5605297,0,2021-03-29 23:32:00,night,Diode,OK
1617067812,5,342.24615,39.61295,11.44261,0,2021-03-30 01:30:12,night,CO2,WARNING
1617076323,56,53.17624,31.34139,0.46020418,0,2021-03-30 03:52:03,night,Nd:YAG,OK
1617077469,79,49.218895,61.883114,5.4701653,0,2021-03-30 04:11:09,night,Excimer,OK
1617091059,50,54.490208,32.65472,0.5843415,0,2021-03-30 07:57:39,morning,CO2,OK
1617091558,11,32.394352,27.560745,13.54193,0,2021-03-30 08:05:58,morning,Nd:YAG,OK
1617142503,22,59.308586,65.543304,10.710639,0,2021-03-30 22:15:03,night,Fiber,OK
1617154393,49,31.82823,61.409225,2.3715608,0,2021-03-31 01:33:13,night,Excimer,OK
1617156172,8,12.517902,96.016045,9.40395,0,2021-03-31 02:02:52,night,Diode,OK
1617171241,50,67.43507,27.644007,14.496257,0,2021-03-31 06:14:01,morning,CO2,OK
1617181139,47,93.22267,96.35344,3.30754,0,2021-03-31 08:58:59,morning,Fiber,OK
1617183304,58,44.834957,31.35309,100.93698,0,2021-03-31 09:35:04,morning,Diode,OK
1617226300,80,39.859787,16.814556,1.2892915,0,2021-03-31 21:31:40,day,CO2,OK
1617251992,25,78.70145,90.16248,6.4044023,0,2021-04-01 04:39:52,night,CO2,OK
1617261285,67,60.287342,54.113823,4.8634853,0,2021-04-01 07:14:45,morning,Fiber,OK
1617301621,26,5.941391,33.02819,9.030574,0,2021-04-01 18:27:01,day,Nd:YAG,WARNING
1617316398,47,46.29565,4.321478,6.5748153,0,2021-04-01 22:33:18,night,Fiber,OK
1617326519,2,88.27127,33.163677,1.0341085,0,2021-04-02 01:21:59,night,Fiber,OK
1617338222,8,59.855194,51.646816,5.2414327,0,2021-04-02 04:37:02,night,Diode,OK
1617344914,56,83.00009,62.59343,2.5480306,0,2021-04-02 06:28:34,morning,Nd:YAG,OK
1617356539,31,37.88629,62.830616,0.1591001,0,2021-04-02 09:42:19,morning,Nd:YAG,OK
1617370992,63,81.89399,55.588978,2.2783372,0,2021-04-02 13:43:12,morning,Diode,ERROR
1617378036,93,47.241203,26.716402,2.089172,0,2021-04-02 15:40:36,day,Diode,OK
1617380750,66,39.47755,45.563503,21.036583,0,2021-04-02 16:25:50,day,Nd:YAG,OK
1617427246,71,40.848507,69.891205,10.657148,0,2021-04-03 05:20:46,night,Nd:YAG,OK
1617461386,11,53.86483,20.369236,4.442595,0,2021-04-03 14:49:46,day,Nd:YAG,OK
1617480258,89,81.62953,42.25705,91.45859,0,2021-04-03 20:04:18,day,Excimer,OK
1617480288,69,37.432034,74.812096,6.461027,0,2021-04-03 20:04:48,day,Excimer,OK
1617480480,58,66.74366,40.118973,3.7763298,0,2021-04-03 20:08:00,day,Diode,OK
1617490081,91,74.82717,50.155506,2.8680375,0,2021-04-03 22:48:01,night,Nd:YAG,OK
1617535043,54,3.6711054,70.05244,8.016744,0,2021-04-04 11:17:23,morning,Excimer,WARNING
1617539408,10,41.212746,69.262,23.167864,0,2021-04-04 12:30:08,morning,CO2,OK
1617554675,61,64.311066,49.51776,4.806437,0,2021-04-04 16:44:35,day,Nd:YAG,OK
1617592565,59,45.553955,33.681847,9.518662,0,2021-04-05 03:16:05,night,Excimer,OK
1617650137,42,41.74317,63.069763,3.343716,0,2021-04-05 19:15:37,day,Fiber,OK
1617662890,59,98.49122,45.90709,0.39977053,0,2021-04-05 22:48:10,night,Excimer,OK
1617666282,59,52.40588,26.160662,3.0694368,0,2021-04-05 23:44:42,night,Excimer,OK
1617668181,42,45.930744,306.49106,91.51408,0,2021-04-06 00:16:21,night,Fiber,OK
1617680607,57,14.199032,24.420671,145.14815,0,2021-04-06 03:43:27,night,Fiber,OK
1617707413,74,46.149963,68.77622,3.8755865,0,2021-04-06 11:10:13,morning,Excimer,OK
1617747372,84,34.10852,76.65413,6.9043527,0,2021-04-06 22:16:12,night,Excimer,OK
1617748342,36,12.279679,65.40167,2.3028333,0,2021-04-06 22:32:22,night,Nd:YAG,OK
1617754724,76,70.02145,281.03552,4.2693195,0,2021-04-07 00:18:44,night,Nd:YAG,OK
1617769762,26,21.458006,44.34638,4.4599915,0,2021-04-07 04:29:22,night,Nd:YAG,OK
1617774949,55,53.887436,41.503048,6.4792647,0,2021-04-07 05:55:49,night,CO2,OK
1617778438,67,75.623924,31.178324,9.327961,0,2021-04-07 06:53:58,morning,Fiber,OK
1617795818,83,26.15756,48.4292,5.7646127,0,2021-04-07 11:43:38,morning,Diode,OK
1617804514,72,86.18048,65.1381,5.149497,0,2021-04-07 14:08:34,day,Fiber,OK
1617818301,78,23.615719,93.436485,1.5638338,0,2021-04-07 17:58:21,day,Diode,OK
1617832699,48,122.657295,54.620827,4.396182,0,2021-04-07 21:58:19,day,Diode,WARNING
1617849484,1,93.12697,59.68134,11.728076,0,2021-04-08 02:38:04,night,Nd:YAG,OK
1617869025,13,28.795715,105.56145,13.958641,0,2021-04-08 08:03:45,morning,Diode,OK
1617885299,41,70.19406,73.66655,9.197856,0,2021-04-08 12:34:59,morning,Nd:YAG,OK
1617886788,93,82.81137,11.181693,3.0882754,0,2021-04-08 12:59:48,morning,Diode,OK
1617886794,57,65.06271,38.59169,9.525678,0,2021-04-08 12:59:54,morning,Fiber,OK
1617889694,31,24.803669,17.539791,7.756129,0,2021-04-08 13:48:14,morning,Nd:YAG,OK
1617948718,28,60.543118,48.91262,8.469843,0,2021-04-09 06:11:58,morning,Diode,OK
1617960395,90,37.141766,52.84226,6.335134,0,2021-04-09 09:26:35,morning,CO2,OK
1617978463,94,46.176567,56.943977,2.5706682,0,2021-04-09 14:27:43,day,Excimer,OK
1617978974,39,83.34929,20.709965,3.4636567,0,2021-04-09 14:36:14,day,Excimer,OK
1617999408,97,51.538532,16.912489,1.966234,0,2021-04-09 20:16:48,day,Fiber,OK
1618001403,84,66.36799,34.06371,15.401757,0,2021-04-09 20:50:03,day,Excimer,OK
1618053535,8,77.59914,57.88759,69.85002,0,2021-04-10 11:18:55,morning,Diode,OK
1618066377,57,86.570526,9.051043,0.5089015,0,2021-04-10 14:52:57,day,Fiber,OK
1618076834,73,39.747032,80.785164,10.712118,0,2021-04-10 17:47:14,day,Diode,OK
1618090738,8,49.615147,58.19701,5.8299317,0,2021-04-10 21:38:58,day,Diode,OK
1618091283,37,13.864598,9.320894,4.576359,0,2021-04-10 21:48:03,day,Fiber,OK
1618104118,96,7.9439025,64.19759,1.9701312,0,2021-04-11 01:21:58,night,Nd:YAG,WARNING
1618209154,39,46.588596,19.152822,8.249695,0,2021-04-12 06:32:34,morning,Excimer,OK
1618216797,66,83.84015,77.36087,9.6820135,0,2021-04-12 08:39:57,morning,Nd:YAG,OK
1618218990,78,30.035746,18.20252,18.76236,0,2021-04-12 09:16:30,morning,Diode,OK
1618226524,73,46.16689,56.587353,0.575541,0,2021-04-12 11:22:04,morning,Diode,OK
1618231587,15,36.942055,303.8105,31.225075,0,2021-04-12 12:46:27,morning,CO2,OK
1618234371,38,13.660883,311.86566,20.904879,0,2021-04-12 13:32:51,morning,Diode,OK
1618240567,28,37.186657,33.522408,10.869087,0,2021-04-12 15:16:07,day,Diode,OK
1618274724,44,88.58382,52.77447,15.80389,0,2021-04-13 00:45:24,night,Excimer,OK
1618309293,8,108.42147,33.975403,7.930232,0,2021-04-13 10:21:33,morning,Diode,WARNING
1618315751,92,43.801342,61.20582,6.0888824,0,2021-04-13 12:09:11,morning,Fiber,OK
1618360333,77,43.58538,78.537125,5.1616063,0,2021-04-14 00:32:13,night,Fiber,OK
1618360980,93,35.2829,48.942078,6.3933167,0,2021-04-14 00:43:00,night,Diode,OK
1618376983,74,56.82072,31.70026,11.916445,0,2021-04-14 05:09:43,night,Excimer,OK
1618386240,53,250.1916,57.62088,10.798829,0,2021-04-14 07:44:00,morning,Diode,WARNING
1618388210,58,56.69274,44.50901,7.710879,0,2021-04-14 08:16:50,morning,Diode,OK
1618491861,89,61.574623,41.890713,3.0805843,0,2021-04-15 13:04:21,morning,Excimer,OK
1618496628,38,48.502495,61.308125,6.080688,0,2021-04-15 14:23:48,day,Diode,OK
1618522067,11,50.66661,38.329437,5.1924863,0,2021-04-15 21:27:47,day,Nd:YAG,OK
1618562447,47,17.131517,0.69051373,3.2820253,0,2021-04-16 08:40:47,morning,Fiber,OK
1618567215,65,62.796394,77.598145,8.790477,0,2021-04-16 10:00:15,morning,CO2,OK
1618568641,34,7.451934,31.004536,10.269261,0,2021-04-16 10:24:01,morning,Excimer,WARNING
1618584992,50,30.526793,9.935446,8.894181,0,2021-04-16 14:56:32,day,CO2,OK
1618591502,13,53.497356,63.997505,4.089361,0,2021-04-16 16:45:02,day,Diode,OK
1618593426,42,46.08596,70.53238,1.1299095,0,2021-04-16 17:17:06,day,Fiber,OK
1618610879,72,46.04777,49.620064,18.486311,0,2021-04-16 22:07:59,night,Fiber,OK
1618611930,86,67.0904,13.614326,13.622959,0,2021-04-16 22:25:30,night,Nd:YAG,OK
1618623331,83,80.191444,7.2704716,11.343867,0,2021-04-17 01:35:31,night,Diode,OK
1618638761,5,49.43827,55.520287,6.478214,0,2021-04-17 05:52:41,night,CO2,OK
1618644368,93,77.11333,51.692642,10.470287,0,2021-04-17 07:26:08,morning,Diode,OK
1618716391,12,64.06615,17.390776,3.9963398,0,2021-04-18 03:26:31,night,Fiber,OK
1618756597,83,60.900597,38.905426,13.109828,0,2021-04-18 14:36:37,day,Diode,OK
1618768421,59,94.543015,35.5418,109.10758,0,2021-04-18 17:53:41,day,Excimer,OK
1618770087,25,30.83585,45.54706,6.3422256,0,2021-04-18 18:21:27,day,CO2,OK
1618777393,2,48.149994,17.744097,16.2393,0,2021-04-18 20:23:13,day,Fiber,OK
1618806764,92,46.44081,57.703068,3.43644,0,2021-04-19 04:32:44,night,Fiber,OK
1618831807,80,60.972305,48.29712,2.944047,0,2021-04-19 11:30:07,morning,CO2,OK
1618838734,45,32.947918,76.595215,8.285374,0,2021-04-19 13:25:34,morning,CO2,OK
1618848637,19,85.57139,56.615883,7.4736676,0,2021-04-19 16:10:37,day,Excimer,OK
1618852022,12,61.826336,64.77989,0.3754857,0,2021-04-19 17:07:02,day,Fiber,OK
1618863884,98,60.37198,47.79018,1.0374336,0,2021-04-19 20:24:44,day,Diode,OK
1618866785,45,63.11781,78.503944,7.1592526,0,2021-04-19 21:13:05,day,CO2,OK
1618888976,94,3.0617568,69.08504,0.019456703,0,2021-04-20 03:22:56,night,Excimer,WARNING
1618903660,54,22.738827,40.31552,3.694749,0,2021-04-20 07:27:40,morning,Excimer,OK
1618909122,14,95.959465,64.28117,23.67459,0,2021-04-20 08:58:42,morning,Excimer,OK
1618997904,67,88.88943,80.249374,0.92071664,0,2021-04-21 09:38:24,morning,Fiber,OK
1618998443,99,72.699104,44.639034,17.461521,0,2021-04-21 09:47:23,morning,Excimer,OK
1619024465,61,71.75945,12.839882,6.12412,0,2021-04-21 17:01:05,day,Nd:YAG,OK
1619037252,76,65.8734,1.2688473,5.514885,0,2021-04-21 20:34:12,day,Nd:YAG,OK
1619100179,86,104.28913,81.67808,5.9811063,0,2021-04-22 14:02:59,day,Nd:YAG,WARNING
1619116153,71,10.8266115,15.402155,6.391978,0,2021-04-22 18:29:13,day,Nd:YAG,OK
1619134148,94,46.273666,25.926971,0.77268267,0,2021-04-22 23:29:08,night,Excimer,OK
1619143264,82,25.305874,31.228188,13.587106,0,2021-04-23 02:01:04,night,Fiber,OK
1619155558,21,11.555588,75.5026,14.869104,0,2021-04-23 05:25:58,night,Nd:YAG,OK
1619177124,33,46.116463,39.22306,23.86583,0,2021-04-23 11:25:24,morning,Diode,OK
1619246159,41,44.741714,45.91077,7.607503,0,2021-04-24 06:35:59,morning,Nd:YAG,OK
1619252144,95,35.701477,12.288979,2.5787044,0,2021-04-24 08:15:44,morning,CO2,OK
1619276168,45,51.814037,30.236353,15.799123,0,2021-04-24 14:56:08,day,CO2,OK
1619311799,21,84.79712,53.913937,0.30677128,0,2021-04-25 00:49:59,night,Nd:YAG,OK
1619324963,99,52.158516,13.147654,6.5079937,0,2021-04-25 04:29:23,night,Excimer,OK
1619341548,75,65.0427,65.6958,8.079135,0,2021-04-25 09:05:48,morning,CO2,OK
1619344709,5,56.593136,34.510334,77.15262,0,2021-04-25 09:58:29,morning,CO2,OK
1619352948,76,46.636513,43.400036,5.0202,0,2021-04-25 12:15:48,morning,Nd:YAG,OK
1619379476,58,19.45597,66.8155,6.731194,0,2021-04-25 19:37:56,day,Diode,OK
1619391970,95,99.28468,31.559544,3.113075,0,2021-04-25 23:06:10,night,CO2,OK
1619406517,40,56.708187,67.628,14.056765,0,2021-04-26 03:08:37,night,CO2,OK
1619412813,35,71.47731,104.26696,0.06107835,0,2021-04-26 04:53:33,night,CO2,OK
1619461243,89,50.3833,38.899906,7.3977447,0,2021-04-26 18:20:43,day,Excimer,OK
1619488879,72,52.727264,39.348614,12.852854,0,2021-04-27 02:01:19,night,Fiber,OK
1619502554,0,106.53941,29.209282,11.413338,0,2021-04-27 05:49:14,night,CO2,WARNING
1619505064,78,63.512405,79.34594,3.523746,0,2021-04-27 06:31:04,morning,Diode,OK
1619516953,41,79.148994,41.820896,2.6927822,0,2021-04-27 09:49:13,morning,Nd:YAG,OK
1619527625,50,11.273735,32.81383,7.1166425,0,2021-04-27 12:47:05,morning,CO2,OK
1619537837,37,6.3405175,16.680853,17.729698,0,2021-04-27 15:37:17,day,Fiber,WARNING
1619568152,38,61.11971,106.55382,0.31888518,0,2021-04-28 00:02:32,night,Diode,OK
1619586720,94,55.496574,23.35489,13.804147,0,2021-04-28 05:12:00,night,Excimer,OK
1619587992,96,31.083893,12.00991,2.5357149,0,2021-04-28 05:33:12,night,Nd:YAG,OK
1619605422,55,63.065144,29.98427,21.274633,0,2021-04-28 10:23:42,morning,CO2,OK
1619612229,62,47.994804,48.86058,1.6059318,0,2021-04-28 12:17:09,morning,Fiber,OK
1619617965,95,38.41962,21.383629,0.8084563,0,2021-04-28 13:52:45,morning,CO2,OK
1619656855,48,23.505157,23.081282,6.641841,0,2021-04-29 00:40:55,night,Diode,OK
1619692402,4,44.655594,55.608463,12.01657,0,2021-04-29 10:33:22,morning,Excimer,OK
1619719697,90,82.19176,71.80029,0.7844992,0,2021-04-29 18:08:17,day,CO2,OK
1619792151,5,69.03595,37.36207,1.2338259,0,2021-04-30 14:15:51,day,CO2,OK
1619809109,13,89.43843,7.2787504,3.709642,0,2021-04-30 18:58:29,day,Diode,OK
1619813348,57,41.826374,11.884212,8.674108,0,2021-04-30 20:09:08,day,Fiber,OK
1619824246,10,37.924915,41.73381,4.4542646,0,2021-04-30 23:10:46,night,CO2,OK
1619826478,50,86.40335,81.23929,18.71954,0,2021-04-30 23:47:58,night,CO2,OK
1619853551,45,32.779434,58.26998,4.1786113,0,2021-05-01 07:19:11,morning,CO2,OK
1619863141,19,81.74154,84.17882,27.16057,0,2021-05-01 09:59:01,morning,Excimer,OK
1619876381,71,64.88066,39.015247,5.6904974,0,2021-05-01 13:39:41,morning,Nd:YAG,OK
1619877696,15,36.19706,12.864372,81.25732,0,2021-05-01 14:01:36,day,CO2,OK
1619879569,69,77.6628,86.19336,2.2828038,0,2021-05-01 14:32:49,day,Excimer,OK
1619890038,65,61.827488,26.978786,13.94141,0,2021-05-01 17:27:18,day,CO2,OK
1619898943,87,48.834496,55.71666,10.543217,0,2021-05-01 19:55:43,day,Fiber,OK
1619904210,92,86.03127,31.015392,7.440549,0,2021-05-01 21:23:30,day,Fiber,OK
1619918214,55,64.9312,45.801086,0.3532835,0,2021-05-02 01:16:54,night,CO2,OK
1619938709,2,36.009384,64.69662,16.454494,0,2021-05-02 06:58:29,morning,Fiber,OK
1619942193,79,113.4828,22.729322,4.651715,0,2021-05-02 07:56:33,morning,Excimer,WARNING
1619950186,61,76.762085,79.94541,5.635835,0,2021-05-02 10:09:46,morning,Nd:YAG,OK
1619960986,13,86.61521,49.0442,15.353652,0,2021-05-02 13:09:46,morning,Diode,OK
1619975859,74,49.363544,73.42196,1.904558,0,2021-05-02 17:17:39,day,Excimer,OK
1619990270,43,38.900074,71.99719,5.1475954,0,2021-05-02 21:17:50,day,Diode,OK
1620010790,81,48.801487,71.03602,3.8979256,0,2021-05-03 02:59:50,night,Nd:YAG,OK
1620031336,97,49.382496,32.626804,2.030266,0,2021-05-03 08:42:16,morning,Fiber,OK
1620032542,43,89.72742,47.05872,1.2646378,0,2021-05-03 09:02:22,morning,Diode,OK
1620034614,32,63.373955,91.846375,4.841039,0,2021-05-03 09:36:54,morning,Fiber,OK
1620054146,96,73.50713,11.128121,4.7610703,0,2021-05-03 15:02:26,day,Nd:YAG,OK
1620070993,18,29.865318,35.394753,8.624892,0,2021-05-03 19:43:13,day,Diode,OK
1620071101,51,55.832558,106.446175,12.574282,0,2021-05-03 19:45:01,day,Nd:YAG,OK
1620077789,84,82.6509,100.16798,10.9747505,0,2021-05-03 21:36:29,day,Excimer,OK
1620098439,69,15.21051,32.915222,1.5747465,0,2021-05-04 03:20:39,night,Excimer,OK
1620119833,25,48.166874,37.89792,4.852521,0,2021-05-04 09:17:13,morning,CO2,OK
1620140488,60,50.51149,33.95046,1.9216,0,2021-05-04 15:01:28,day,CO2,OK
1620141219,52,5.73809,2.7466168,8.963016,0,2021-05-04 15:13:39,day,Fiber,WARNING
1620173853,32,58.957184,56.028973,16.773932,0,2021-05-05 00:17:33,night,Fiber,OK
1620175289,98,22.403008,76.991714,26.136242,0,2021-05-05 00:41:29,night,Diode,OK
1620191306,9,52.020523,8.945461,5.1793475,0,2021-05-05 05:08:26,night,Excimer,OK
1620196680,58,33.697235,38.634556,9.606974,0,2021-05-05 06:38:00,morning,Diode,OK
1620203552,31,15.741862,57.938713,6.6634483,0,2021-05-05 08:32:32,morning,Nd:YAG,OK
1620217640,51,30.860815,69.84758,10.830021,0,2021-05-05 12:27:20,morning,Nd:YAG,OK
1620283775,86,45.0051,43.37786,0.5318735,0,2021-05-06 06:49:35,morning,Nd:YAG,OK
1620298941,54,75.31133,47.791336,17.071571,0,2021-05-06 11:02:21,morning,Excimer,OK
1620305683,13,53.24308,47.940796,20.299578,0,2021-05-06 12:54:43,morning,Diode,OK
1620313306,84,82.04119,101.459946,8.052963,0,2021-05-06 15:01:46,day,Excimer,OK
1620313391,56,44.883286,64.66662,1.4033549,0,2021-05-06 15:03:11,day,Nd:YAG,OK
1620339002,44,28.33234,231.7851,7.7205386,0,2021-05-06 22:10:02,night,Excimer,OK
1620352098,66,25.44424,58.829247,8.939878,0,2021-05-07 01:48:18,night,Nd:YAG,OK
1620361465,81,74.44978,41.79913,1.3040627,0,2021-05-07 04:24:25,night,Nd:YAG,OK
1620366528,11,44.32033,89.47974,1.3412904,0,2021-05-07 05:48:48,night,Nd:YAG,OK
1620373914,71,36.250072,67.69627,6.012095,0,2021-05-07 07:51:54,morning,Nd:YAG,OK
1620387026,25,37.473896,80.020325,1.7427496,0,2021-05-07 11:30:26,morning,CO2,OK
1620390654,29,20.959146,47.527683,9.148213,0,2021-05-07 12:30:54,morning,Excimer,OK
1620397598,79,63.166813,21.901764,8.815267,0,2021-05-07 14:26:38,day,Excimer,OK
1620405182,8,66.75806,66.58241,13.050437,0,2021-05-07 16:33:02,day,Diode,OK
1620416101,13,80.55198,16.301996,2.9118228,0,2021-05-07 19:35:01,day,Diode,OK
1620427023,92,3.8958855,50.44434,134.69145,0,2021-05-07 22:37:03,night,Fiber,WARNING
1620434689,8,35.610535,36.490627,3.7745047,0,2021-05-08 00:44:49,night,Diode,OK
1620447005,83,16.47388,46.423244,2.6071405,0,2021-05-08 04:10:05,night,Diode,OK
1620454706,29,52.591736,65.457664,1.9950203,0,2021-05-08 06:18:26,morning,Excimer,OK
1620462385,83,82.7019,418.36368,1.9764265,0,2021-05-08 08:26:25,morning,Diode,OK
1620503165,67,73.62546,25.531199,6.3503437,0,2021-05-08 19:46:05,day,Fiber,OK
1620512657,84,65.33103,50.029655,20.756063,0,2021-05-08 22:24:17,night,Excimer,OK
1620531583,57,61.493515,26.391005,8.724586,0,2021-05-09 03:39:43,night,Fiber,OK
1620537404,20,117.17429,66.785225,1.2673689,0,2021-05-09 05:16:44,night,CO2,WARNING
1620545049,4,45.984688,90.90299,11.8697815,0,2021-05-09 07:24:09,morning,Excimer,OK
1620554140,43,45.01942,411.99408,3.9516525,0,2021-05-09 09:55:40,morning,Diode,OK
1620557220,11,76.88071,41.906864,14.430003,0,2021-05-09 10:47:00,morning,Nd:YAG,OK
1620557935,95,50.652916,72.57706,13.141484,0,2021-05-09 10:58:55,morning,CO2,OK
1620571722,0,55.57037,41.9387,12.685476,0,2021-05-09 14:48:42,day,CO2,OK
1620572522,36,13.575847,21.842491,1.004384,0,2021-05-09 15:02:02,day,Nd:YAG,OK
1620591271,89,0.31354555,31.121714,7.4782157,0,2021-05-09 20:14:31,day,Excimer,WARNING
1620602735,85,43.10243,47.60526,16.605606,0,2021-05-09 23:25:35,night,CO2,OK
1620619814,86,43.885296,22.79923,15.566769,0,2021-05-10 04:10:14,night,Nd:YAG,OK
1620639834,96,8.842574,72.69895,6.758412,0,2021-05-10 09:43:54,morning,Nd:YAG,WARNING
1620648008,69,38.419918,82.9274,1.8947968,0,2021-05-10 12:00:08,morning,Excimer,OK
1620653631,49,7.4274125,47.06246,0.8256821,0,2021-05-10 13:33:51,morning,Excimer,WARNING
1620672463,78,19.53934,26.105316,0.057041615,0,2021-05-10 18:47:43,day,Diode,OK
1620697645,84,45.762367,28.733051,1.6260636,0,2021-05-11 01:47:25,night,Excimer,OK
1620697794,7,50.053787,69.95771,10.414942,0,2021-05-11 01:49:54,night,Fiber,OK
1620700356,68,33.347126,63.599194,1.1490414,0,2021-05-11 02:32:36,night,Diode,OK
1620705931,99,85.550224,47.813046,5.7692795,0,2021-05-11 04:05:31,night,Excimer,OK
1620752603,20,48.651394,64.7297,13.192868,0,2021-05-11 17:03:23,day,CO2,OK
1620755535,21,67.764366,5.7022605,4.951884,0,2021-05-11 17:52:15,day,Nd:YAG,ERROR
1620777255,90,57.502617,16.9144,10.664193,0,2021-05-11 23:54:15,night,CO2,OK
1620778810,88,51.122456,7.5312324,0.14940329,0,2021-05-12 00:20:10,night,Diode,OK
1620817168,16,64.21657,56.48444,6.4553123,0,2021-05-12 10:59:28,morning,Nd:YAG,OK
1620826118,36,381.0868,68.767044,3.7054017,0,2021-05-12 13:28:38,morning,Nd:YAG,WARNING
1620835998,70,14.16933,74.273415,2.0766315,0,2021-05-12 16:13:18,day,CO2,OK
1620851301,94,41.939682,15.823879,1.8337773,0,2021-05-12 20:28:21,day,Excimer,OK
1620882675,17,29.216005,50.15348,3.1608312,0,2021-05-13 05:11:15,night,Fiber,OK
1620911242,78,54.169918,41.082508,2.5539849,0,2021-05-13 13:07:22,morning,Diode,OK
1620938334,18,44.71541,24.86546,2.119513,0,2021-05-13 20:38:54,day,Diode,OK
1620938540,63,66.36633,55.20486,3.8228366,0,2021-05-13 20:42:20,day,Diode,OK
1620959083,31,47.953583,79.45871,15.584895,0,2021-05-14 02:24:43,night,Nd:YAG,OK
1620961745,5,401.97498,41.804344,0.5788639,0,2021-05-14 03:09:05,night,CO2,WARNING
1620986486,63,81.705666,59.636784,1.6189913,0,2021-05-14 10:01:26,morning,Diode,OK
1620987921,80,57.89916,76.454056,1.4872847,0,2021-05-14 10:25:21,morning,CO2,OK
1620989335,54,18.848082,53.641388,18.43017,0,2021-05-14 10:48:55,morning,Excimer,OK
1620996238,83,35.975998,45.390915,9.640906,0,2021-05-14 12:43:58,morning,Diode,OK
1621046976,58,46.742966,70.21813,5.6736803,0,2021-05-15 02:49:36,night,Diode,OK
1621058222,77,7.3054266,32.855343,134.38736,0,2021-05-15 05:57:02,night,Fiber,WARNING
1621061059,48,72.57123,82.561844,4.4790406,0,2021-05-15 06:44:19,morning,Diode,OK
1621072501,62,67.04693,71.39836,12.262341,0,2021-05-15 09:55:01,morning,Fiber,OK
1621076173,63,35.338825,60.839863,8.554163,0,2021-05-15 10:56:13,morning,Diode,OK
1621083896,69,68.93317,5.89292,1.4897549,0,2021-05-15 13:04:56,morning,Excimer,OK
1621160651,55,40.481945,27.844276,11.893712,0,2021-05-16 10:24:11,morning,CO2,OK
1621206928,3,36.32739,44.376842,9.247418,0,2021-05-16 23:15:28,night,Diode,OK
1621222221,9,33.861233,3.6415036,0.1253454,0,2021-05-17 03:30:21,night,Excimer,OK
1621223164,71,55.875103,39.044365,8.184303,0,2021-05-17 03:46:04,night,Nd:YAG,OK
1621230404,87,70.62106,55.19056,13.43847,0,2021-05-17 05:46:44,night,Fiber,OK
1621234497,87,55.61794,22.828903,11.1896925,0,2021-05-17 06:54:57,morning,Fiber,OK
1621266260,67,39.727554,0.7738212,4.350331,0,2021-05-17 15:44:20,day,Fiber,OK
1621288452,37,25.29889,81.71013,2.259074,0,2021-05-17 21:54:12,day,Fiber,OK
1621302263,55,5.4108214,29.21951,6.456618,0,2021-05-18 01:44:23,night,CO2,WARNING
1621321347,30,65.249245,73.66833,10.321736,0,2021-05-18 07:02:27,morning,CO2,OK
1621363100,22,47.08291,30.565388,3.483246,0,2021-05-18 18:38:20,day,Fiber,OK
1621380017,60,60.909946,76.71335,18.206009,0,2021-05-18 23:20:17,night,CO2,OK
1621384783,84,68.70671,31.479097,8.128632,0,2021-05-19 00:39:43,night,Excimer,OK
1621384958,13,52.712727,47.390934,0.36307785,0,2021-05-19 00:42:38,night,Diode,OK
1621386873,14,65.61003,26.27343,13.153081,0,2021-05-19 01:14:33,night,Excimer,OK
1621392557,63,53.191605,28.948032,11.5815525,0,2021-05-19 02:49:17,night,Diode,OK
1621409058,92,48.85028,59.337196,15.111871,0,2021-05-19 07:24:18,morning,Fiber,OK
1621410948,40,60.417744,24.899624,5.8102326,0,2021-05-19 07:55:48,morning,CO2,OK
1621414142,79,54.726955,42.003765,1.563437,0,2021-05-19 08:49:02,morning,Excimer,OK
1621426163,47,33.232872,100.38913,7.677748,0,2021-05-19 12:09:23,morning,Fiber,OK
1621466500,26,25.426996,28.613842,7.7228723,0,2021-05-19 23:21:40,night,Nd:YAG,OK
1621490903,21,79.98777,33.481823,4.9423814,0,2021-05-20 06:08:23,morning,Nd:YAG,OK
1621505469,2,44.503338,80.538734,1.9531629,0,2021-05-20 10:11:09,morning,Fiber,ERROR
1621511269,35,63.009064,54.48071,12.843744,0,2021-05-20 11:47:49,morning,CO2,OK
1621518048,45,55.29503,60.056637,5.276476,0,2021-05-20 13:40:48,morning,CO2,OK
1621530098,93,55.79092,73.8546,1.676958,0,2021-05-20 17:01:38,day,Diode,OK
1621535565,86,74.6028,63.85034,8.5448265,0,2021-05-20 18:32:45,day,Nd:YAG,OK
1621545576,30,48.17983,82.84076,4.341047,0,2021-05-20 21:19:36,day,CO2,OK
1621545956,29,25.888643,24.865505,1.9189408,0,2021-05-20 21:25:56,day,Excimer,OK
1621577977,86,63.713985,62.324543,2.7951689,0,2021-05-21 06:19:37,morning,Nd:YAG,OK
1621613278,32,49.20277,52.977856,10.7473135,0,2021-05-21 16:07:58,day,Fiber,OK
1621618033,43,25.854858,7.6888514,6.558857,0,2021-05-21 17:27:13,day,Diode,OK
1621626749,79,45.66467,4.935574,17.421326,0,2021-05-21 19:52:29,day,Excimer,OK
1621636921,98,75.51089,56.736687,7.902419,0,2021-05-21 22:42:01,night,Diode,OK
1621647901,78,93.87917,37.526215,0.7451305,0,2021-05-22 01:45:01,night,Diode,OK
1621662000,5,45.688328,67.91563,7.7822647,0,2021-05-22 05:40:00,night,CO2,OK
1621667131,10,73.79559,63.035217,3.9926336,0,2021-05-22 07:05:31,morning,CO2,OK
1621667938,29,50.35659,49.061775,8.854835,0,2021-05-22 07:18:58,morning,Excimer,OK
1621672026,13,30.419418,42.240044,8.0813055,0,2021-05-22 08:27:06,morning,Diode,OK
1621723312,69,41.311398,20.818747,5.0437193,0,2021-05-22 22:41:52,night,Excimer,OK
1621800883,98,81.681946,80.3012,5.5112376,0,2021-05-23 20:14:43,day,Diode,OK
1621816985,2,33.50944,404.04007,5.2387123,0,2021-05-24 00:43:05,night,Fiber,OK
1621818576,36,95.81897,64.04844,5.5960855,0,2021-05-24 01:09:36,night,Nd:YAG,OK
1621822936,87,12.478205,39.49234,78.66181,0,2021-05-24 02:22:16,night,Fiber,OK
1621836375,31,3.6193895,6.0734034,14.524322,0,2021-05-24 06:06:15,morning,Nd:YAG,WARNING
1621842705,54,54.281544,48.57758,8.765988,0,2021-05-24 07:51:45,morning,Excimer,OK
1621846134,66,4.1783633,43.519836,3.0172436,0,2021-05-24 08:48:54,morning,Nd:YAG,WARNING
1621852695,17,55.461613,63.18367,1.8936131,0,2021-05-24 10:38:15,morning,Fiber,OK
1621853021,70,323.98868,46.603107,19.094845,0,2021-05-24 10:43:41,morning,CO2,WARNING
1621855644,58,54.029907,13.871284,12.413355,0,2021-05-24 11:27:24,morning,Diode,OK
1621878342,95,41.25324,50.423874,20.937252,0,2021-05-24 17:45:42,day,CO2,OK
1621907759,99,29.398756,46.556946,12.982734,0,2021-05-25 01:55:59,night,Excimer,OK
1621930400,71,42.705887,29.833109,8.0044565,0,2021-05-25 08:13:20,morning,Nd:YAG,OK
1621931529,86,44.38263,48.99737,11.171943,0,2021-05-25 08:32:09,morning,Nd:YAG,OK
1622002534,36,17.129068,48.753857,3.24343,0,2021-05-26 04:15:34,night,Nd:YAG,OK
1622020070,49,56.46503,37.93818,1.9269564,0,2021-05-26 09:07:50,morning,Excimer,OK
1622038180,50,51.899445,111.0987,1.339558,0,2021-05-26 14:09:40,day,CO2,OK
1622042374,38,32.402023,102.95293,105.054214,0,2021-05-26 15:19:34,day,Diode,OK
1622045108,5,312.97626,65.368965,6.6058226,0,2021-05-26 16:05:08,day,CO2,WARNING
1622054749,22,90.99815,63.839924,15.144504,0,2021-05-26 18:45:49,day,Fiber,OK
1622062492,75,54.562675,53.356674,2.6905174,0,2021-05-26 20:54:52,day,CO2,OK
1622078757,20,65.043816,50.54501,1.1700944,0,2021-05-27 01:25:57,night,CO2,OK
1622089473,46,50.55429,86.15984,19.351868,0,2021-05-27 04:24:33,night,Nd:YAG,OK
1622090801,80,9.705582,51.550083,2.3921967,0,2021-05-27 04:46:41,night,CO2,WARNING
1622098280,5,57.053448,55.47438,9.6910515,0,2021-05-27 06:51:20,morning,CO2,OK
1622103834,26,59.61966,51.422527,13.922128,0,2021-05-27 08:23:54,morning,Nd:YAG,OK
1622106828,4,63.223465,77.64914,76.9186,0,2021-05-27 09:13:48,morning,Excimer,OK
1622117676,43,31.287464,43.499283,8.061376,0,2021-05-27 12:14:36,morning,Diode,OK
1622150184,58,52.58685,39.254074,2.804537,0,2021-05-27 21:16:24,day,Diode,OK
1622151635,72,0.8658023,54.90226,12.2184,0,2021-05-27 21:40:35,day,Fiber,WARNING
1622162904,30,39.975246,62.498264,0.73478204,0,2021-05-28 00:48:24,night,CO2,OK
1622203032,73,36.06698,0.050836984,7.371072,0,2021-05-28 11:57:12,morning,Diode,OK
1622242732,1,79.19193,45.72439,9.848266,0,2021-05-28 22:58:52,night,Nd:YAG,OK
1622247927,99,61.08424,22.332016,6.0106974,0,2021-05-29 00:25:27,night,Excimer,OK
1622321504,95,76.800064,81.9801,0.5784314,0,2021-05-29 20:51:44,day,CO2,OK
1622325969,44,65.06873,35.380356,12.528941,0,2021-05-29 22:06:09,night,Excimer,OK
1622356409,90,308.9128,45.65012,13.002596,0,2021-05-30 06:33:29,morning,CO2,WARNING
1622410777,73,56.251232,64.95491,21.229511,0,2021-05-30 21:39:37,day,Diode,OK
1622438306,66,71.16241,11.044029,6.409607,0,2021-05-31 05:18:26,night,Nd:YAG,OK
1622451564,42,67.01892,60.417725,2.9168959,0,2021-05-31 08:59:24,morning,Fiber,OK
1622457363,9,233.61081,50.247383,1.887661,0,2021-05-31 10:36:03,morning,Excimer,WARNING
1622462759,37,42.91713,93.99728,21.305931,0,2021-05-31 12:05:59,morning,Fiber,OK
1622471074,11,3.8924813,5.562934,115.549965,0,2021-05-31 14:24:34,day,Nd:YAG,WARNING
1622477520,86,22.728407,24.040607,3.00098,0,2021-05-31 16:12:00,day,Nd:YAG,OK
1622494779,74,78.70153,64.49214,3.1925225,0,2021-05-31 20:59:39,day,Excimer,OK
1622529110,95,87.48938,72.05549,2.5533817,0,2021-06-01 06:31:50,morning,CO2,OK
1622537867,80,62.908787,39.75219,7.4428725,0,2021-06-01 08:57:47,morning,CO2,OK
1622547818,50,25.920624,86.06321,33.875477,0,2021-06-01 11:43:38,morning,CO2,OK
1622552482,34,15.6558,50.601505,5.952798,0,2021-06-01 13:01:22,morning,Excimer,ERROR
1622552781,48,10.485061,38.958008,23.818892,0,2021-06-01 13:06:21,morning,Diode,WARNING
1622557539,66,44.798306,17.457598,16.275606,0,2021-06-01 14:25:39,day,Nd:YAG,OK
1622628940,12,51.601273,61.685776,6.568064,0,2021-06-02 10:15:40,morning,Fiber,OK
1622634398,2,54.800793,96.984436,0.61596096,0,2021-06-02 11:46:38,morning,Fiber,OK
1622634788,44,56.62822,57.22136,12.291975,0,2021-06-02 11:53:08,morning,Excimer,OK
1622650498,18,46.20162,51.56664,12.074466,0,2021-06-02 16:14:58,day,Diode,OK
1622674647,63,52.42023,55.814404,12.286321,0,2021-06-02 22:57:27,night,Diode,OK
1622726115,32,39.641148,69.885414,3.961921,0,2021-06-03 13:15:15,morning,Fiber,OK
1622738487,70,57.85227,16.457045,7.132651,0,2021-06-03 16:41:27,day,CO2,OK
1622745790,13,40.694996,81.23318,0.79235566,0,2021-06-03 18:43:10,day,Diode,OK
1622776418,50,10.375363,16.684168,22.044561,0,2021-06-04 03:13:38,night,CO2,WARNING
1622799601,58,34.83018,52.152554,0.654723,0,2021-06-04 09:40:01,morning,Diode,OK
1622876663,10,2.3893561,25.05255,2.5794768,0,2021-06-05 07:04:23,morning,CO2,WARNING
1622879177,27,45.007507,54.943325,3.4760811,0,2021-06-05 07:46:17,morning,Fiber,OK
1622900344,76,67.85068,72.196014,5.2173576,0,2021-06-05 13:39:04,morning,Nd:YAG,OK
1622930499,53,50.53939,34.12862,76.104515,0,2021-06-05 22:01:39,night,Diode,OK
1622937050,98,24.354662,37.6217,139.17734,0,2021-06-05 23:50:50,night,Diode,OK
1622939034,53,23.166992,36.84239,8.254966,0,2021-06-06 00:23:54,night,Diode,OK
1622958941,52,80.13653,8.839619,3.4977903,0,2021-06-06 05:55:41,night,Fiber,OK
1622988212,92,74.85772,20.881842,15.760708,0,2021-06-06 14:03:32,day,Fiber,OK
1622991952,69,74.89612,90.60999,18.44489,0,2021-06-06 15:05:52,day,Excimer,OK
1623009336,71,54.279827,43.75793,14.823837,0,2021-06-06 19:55:36,day,Nd:YAG,OK
1623011126,62,15.346974,50.662918,3.3602855,0,2021-06-06 20:25:26,day,Fiber,ERROR
1623014277,99,35.47585,51.985916,0.8131872,0,2021-06-06 21:17:57,day,Excimer,OK
1623025535,8,31.868847,93.40082,0.5957634,0,2021-06-07 00:25:35,night,Diode,OK
1623083490,9,72.32816,27.118021,7.129587,0,2021-06-07 16:31:30,day,Excimer,OK
1623093682,28,68.51844,84.21382,4.5021935,0,2021-06-07 19:21:22,day,Diode,OK
1623114480,70,77.93824,34.79639,3.0182552,0,2021-06-08 01:08:00,night,CO2,OK
1623119458,86,46.89347,71.63691,13.338889,0,2021-06-08 02:30:58,night,Nd:YAG,OK
1623133416,11,55.494392,72.63766,8.387027,0,2021-06-08 06:23:36,morning,Nd:YAG,OK
1623133609,80,32.011707,59.42535,0.9400879,0,2021-06-08 06:26:49,morning,CO2,OK
1623134967,4,34.77244,66.803116,24.017607,0,2021-06-08 06:49:27,morning,Excimer,OK
1623141535,42,26.916117,70.113266,10.317588,0,2021-06-08 08:38:55,morning,Fiber,OK
1623180174,75,57.90838,67.47751,10.981898,0,2021-06-08 19:22:54,day,CO2,OK
1623188315,57,74.83615,17.98264,18.00341,0,2021-06-08 21:38:35,day,Fiber,OK
1623204879,42,54.25281,21.564634,20.40994,0,2021-06-09 02:14:39,night,Fiber,OK
1623207061,27,22.459549,62.455086,6.75105,0,2021-06-09 02:51:01,night,Fiber,OK
1623209029,31,53.19509,79.55151,4.864693,0,2021-06-09 03:23:49,night,Nd:YAG,OK
1623218931,39,42.848564,39.996258,6.5943556,0,2021-06-09 06:08:51,morning,Excimer,OK
1623240275,55,66.41658,60.26119,2.161037,0,2021-06-09 12:04:35,morning,CO2,OK
1623241365,36,54.76734,65.86519,5.5199866,0,2021-06-09 12:22:45,morning,Nd:YAG,OK
1623242079,41,82.20452,83.338356,1.9501336,0,2021-06-09 12:34:39,morning,Nd:YAG,OK
1623258138,98,43.97434,72.813965,16.096111,0,2021-06-09 17:02:18,day,Diode,OK
1623270585,41,48.87992,18.32447,7.1152067,0,2021-06-09 20:29:45,day,Nd:YAG,OK
1623276991,27,79.97807,50.78262,4.6013618,0,2021-06-09 22:16:31,night,Fiber,OK
1623283468,12,31.456535,301.90652,2.9115922,0,2021-06-10 00:04:28,night,Fiber,OK
1623290448,75,22.09298,62.432747,8.606913,0,2021-06-10 02:00:48,night,CO2,OK
1623305771,16,83.5214,78.75266,3.807695,0,2021-06-10 06:16:11,morning,Nd:YAG,OK
1623323477,17,52.20564,67.53016,0.05196906,0,2021-06-10 11:11:17,morning,Fiber,OK
1623341248,35,22.051039,88.275764,8.563332,0,2021-06-10 16:07:28,day,CO2,OK
1623342447,9,80.62467,33.678356,13.550066,0,2021-06-10 16:27:27,day,Excimer,OK
1623368199,79,52.853233,86.62948,5.7040176,0,2021-06-10 23:36:39,night,Excimer,OK
1623371332,16,99.43889,49.174923,11.240043,0,2021-06-11 00:28:52,night,Nd:YAG,OK
1623372298,78,15.02665,44.839214,25.043684,0,2021-06-11 00:44:58,night,Diode,OK
1623386305,58,79.29886,34.15683,3.3427906,0,2021-06-11 04:38:25,night,Diode,OK
1623391251,60,52.923153,33.26308,0.022772595,0,2021-06-11 06:00:51,morning,CO2,OK
1623417281,54,88.386795,20.684774,7.4631658,0,2021-06-11 13:14:41,morning,Excimer,OK
1623420196,31,58.691196,69.968,15.575364,0,2021-06-11 14:03:16,day,Nd:YAG,OK
1623423076,24,13.492786,87.37957,7.35128,0,2021-06-11 14:51:16,day,Excimer,OK
1623428859,81,71.69231,89.863785,0.91767526,0,2021-06-11 16:27:39,day,Nd:YAG,OK
1623436614,21,44.120594,80.34866,12.749611,0,2021-06-11 18:36:54,day,Nd:YAG,OK
1623455157,48,31.573536,67.982506,0.87601113,0,2021-06-11 23:45:57,night,Diode,OK
1623463460,36,18.186897,66.7643,7.2058115,0,2021-06-12 02:04:20,night,Nd:YAG,OK
1623473539,97,58.541885,59.25592,7.60141,0,2021-06-12 04:52:19,night,Fiber,OK
1623530715,0,72.3327,2.3762984,2.402187,0,2021-06-12 20:45:15,day,CO2,OK
1623533154,3,71.495026,48.0992,106.48267,0,2021-06-12 21:25:54,day,Diode,OK
1623534410,49,65.23473,63.6286,7.1615205,0,2021-06-12 21:46:50,day,Excimer,OK
1623551383,3,81.02363,32.45571,113.74446,0,2021-06-13 02:29:43,night,Diode,ERROR
1623558850,40,234.41348,64.10809,3.4862707,0,2021-06-13 04:34:10,night,CO2,WARNING
1623586085,2,68.43505,350.1628,10.906091,0,2021-06-13 12:08:05,morning,Fiber,OK
1623610163,25,17.56548,51.235344,0.5517294,0,2021-06-13 18:49:23,day,CO2,OK
1623630670,12,48.344467,23.811945,5.2774734,0,2021-06-14 00:31:10,night,Fiber,OK
1623631273,73,54.219494,28.549911,10.212563,0,2021-06-14 00:41:13,night,Diode,OK
1623646260,54,24.963453,46.450745,14.327757,0,2021-06-14 04:51:00,night,Excimer,OK
1623674889,71,43.733345,36.17653,6.7297597,0,2021-06-14 12:48:09,morning,Nd:YAG,OK
1623675620,46,68.72339,84.79526,2.0960119,0,2021-06-14 13:00:20,morning,Nd:YAG,OK
1623684312,37,73.73421,44.02237,10.406047,0,2021-06-14 15:25:12,day,Fiber,OK
1623686901,22,61.98407,94.21249,25.288866,0,2021-06-14 16:08:21,day,Fiber,OK
1623691657,47,68.56794,47.8402,9.146293,0,2021-06-14 17:27:37,day,Fiber,OK
1623696126,1,71.8626,79.67297,4.7238364,0,2021-06-14 18:42:06,day,Nd:YAG,OK
1623712364,3,30.53953,56.991203,13.916575,0,2021-06-14 23:12:44,night,Diode,OK
1623722129,56,37.64178,51.646584,4.4014773,0,2021-06-15 01:55:29,night,Nd:YAG,ERROR
1623723375,19,6.89815,16.27721,10.324924,0,2021-06-15 02:16:15,night,Excimer,WARNING
1623736950,96,11.695901,50.55654,22.984867,0,2021-06-15 06:02:30,morning,Nd:YAG,OK
1623778404,7,41.474113,95.11722,11.164045,0,2021-06-15 17:33:24,day,Fiber,OK
1623862635,88,60.06826,70.46388,0.44523272,0,2021-06-16 16:57:15,day,Diode,OK
1623891505,9,39.43092,362.84525,0.41207203,0,2021-06-17 00:58:25,night,Excimer,OK
1623905412,47,50.164776,66.67267,6.1596437,0,2021-06-17 04:50:12,night,Fiber,OK
1623912583,70,68.42047,76.74811,3.0120146,0,2021-06-17 06:49:43,morning,CO2,OK
1623914612,53,74.41516,51.922295,13.39327,0,2021-06-17 07:23:32,morning,Diode,OK
1623918141,98,65.686775,41.66003,9.377959,0,2021-06-17 08:22:21,morning,Diode,OK
1623926897,72,287.5203,33.363827,2.9338295,0,2021-06-17 10:48:17,morning,Fiber,WARNING
1623940495,15,81.870125,68.73233,3.6557996,0,2021-06-17 14:34:55,day,CO2,OK
1623941295,35,48.49769,52.193867,11.839847,0,2021-06-17 14:48:15,day,CO2,OK
1623964858,66,19.83003,18.111336,73.69701,0,2021-06-17 21:20:58,day,Nd:YAG,OK
1624013156,90,24.04409,75.83625,7.242309,0,2021-06-18 10:45:56,morning,CO2,OK
1624020746,5,71.62181,40.020798,77.23749,0,2021-06-18 12:52:26,morning,CO2,OK
1624076901,68,72.42951,19.137032,1.43742,0,2021-06-19 04:28:21,night,Diode,OK
1624079513,98,31.675234,85.970634,4.851343,0,2021-06-19 05:11:53,night,Diode,OK
1624084577,98,30.55337,62.599808,4.288621,0,2021-06-19 06:36:17,morning,Diode,OK
1624109729,79,238.37115,27.518913,18.483793,0,2021-06-19 13:35:29,morning,Excimer,WARNING
1624123980,76,30.472097,44.636585,13.614052,0,2021-06-19 17:33:00,day,Nd:YAG,OK
1624206730,58,56.99173,64.58026,13.787142,0,2021-06-20 16:32:10,day,Diode,OK
1624211276,67,50.524696,51.888485,0.21748818,0,2021-06-20 17:47:56,day,Fiber,OK
1624223336,28,67.7927,98.30844,0.15328124,0,2021-06-20 21:08:56,day,Diode,OK
1624229941,61,20.58745,65.93704,3.0326152,0,2021-06-20 22:59:01,night,Nd:YAG,OK
1624246577,4,25.836384,28.52417,3.0021539,0,2021-06-21 03:36:17,night,Excimer,OK
1624249081,50,73.38623,40.72163,6.0926247,0,2021-06-21 04:18:01,night,CO2,OK
1624251326,79,8.972553,123.01613,6.3535576,0,2021-06-21 04:55:26,night,Excimer,WARNING
1624253793,22,51.76601,61.463703,20.69462,0,2021-06-21 05:36:33,night,Fiber,OK
1624271988,18,26.04593,28.461088,10.465085,0,2021-06-21 10:39:48,morning,Diode,OK
1624276890,70,51.64009,42.586872,4.38803,0,2021-06-21 12:01:30,morning,CO2,OK
1624280962,88,43.62035,43.273407,5.816213,0,2021-06-21 13:09:22,morning,Diode,OK
1624300661,22,320.41537,97.230965,6.7970824,0,2021-06-21 18:37:41,day,Fiber,WARNING
1624307730,5,36.993088,39.830124,5.0378876,0,2021-06-21 20:35:30,day,CO2,OK
1624337559,82,37.072876,38.221043,2.9550486,0,2021-06-22 04:52:39,night,Fiber,OK
1624382524,33,58.63377,55.29924,1.2490731,0,2021-06-22 17:22:04,day,Diode,OK
1624405804,36,68.035355,10.083523,18.698168,0,2021-06-22 23:50:04,night,Nd:YAG,OK
1624414168,15,51.154305,51.397526,143.80394,0,2021-06-23 02:09:28,night,CO2,OK
1624425758,10,67.94744,27.660982,3.847642,0,2021-06-23 05:22:38,night,CO2,OK
1624488191,97,28.523409,32.557106,5.0326033,0,2021-06-23 22:43:11,night,Fiber,OK
1624526015,0,74.44512,100.28189,10.986983,0,2021-06-24 09:13:35,morning,CO2,OK
1624539002,62,14.76061,42.16206,8.515097,0,2021-06-24 12:50:02,morning,Fiber,OK
1624655092,73,45.689842,300.3588,7.1146617,0,2021-06-25 21:04:52,day,Diode,OK
1624691755,1,49.3204,24.165525,7.4386253,0,2021-06-26 07:15:55,morning,Nd:YAG,OK
1624693757,96,51.761215,0.5845275,6.6783447,0,2021-06-26 07:49:17,morning,Nd:YAG,OK
1624718632,57,69.33443,29.640036,11.521116,0,2021-06-26 14:43:52,day,Fiber,OK
1624765435,39,60.76404,44.012173,0.76537126,0,2021-06-27 03:43:55,night,Excimer,OK
1624773804,27,54.976997,27.884516,3.0462258,0,2021-06-27 06:03:24,morning,Fiber,OK
1624782031,0,61.419376,27.669624,3.9374025,0,2021-06-27 08:20:31,morning,CO2,OK
1624791287,41,89.01302,18.6088,3.45134,0,2021-06-27 10:54:47,morning,Nd:YAG,OK
1624803153,27,49.589497,7.0291233,12.88388,0,2021-06-27 14:12:33,day,Fiber,OK
1624817097,72,50.813015,24.32008,7.4335003,0,2021-06-27 18:04:57,day,Fiber,OK
1624845562,45,57.24404,69.93112,2.6571906,0,2021-06-28 01:59:22,night,CO2,OK
1624885430,84,16.83806,33.2992,7.8202753,0,2021-06-28 13:03:50,morning,Excimer,OK
1624904959,23,42.937756,56.383842,4.3916197,0,2021-06-28 18:29:19,day,Diode,OK
1624916579,15,40.014454,52.840855,14.162759,0,2021-06-28 21:42:59,day,CO2,OK
1624916976,44,40.78123,81.48916,5.1695256,0,2021-06-28 21:49:36,day,Excimer,OK
1624920493,63,40.25423,65.432014,3.4014008,0,2021-06-28 22:48:13,night,Diode,OK
1624924098,67,67.67939,47.831116,30.036606,0,2021-06-28 23:48:18,night,Fiber,OK
1624926115,6,32.653355,95.13959,0.70210165,0,2021-06-29 00:21:55,night,Nd:YAG,ERROR
1624937095,35,56.81614,7.761595,3.6420643,0,2021-06-29 03:24:55,night,CO2,OK
1624951740,76,55.977093,258.89542,14.092212,0,2021-06-29 07:29:00,morning,Nd:YAG,OK
1624990335,12,20.606411,100.38199,7.152565,0,2021-06-29 18:12:15,day,Fiber,OK
1625052838,51,63.4624,46.524235,6.2642846,0,2021-06-30 11:33:58,morning,Nd:YAG,OK
1625063885,85,63.6922,55.435364,7.0380745,0,2021-06-30 14:38:05,day,CO2,OK
1625076980,59,47.785538,80.08744,29.39452,0,2021-06-30 18:16:20,day,Excimer,OK
1625106403,16,81.9509,63.10303,10.158542,0,2021-07-01 02:26:43,night,Nd:YAG,OK
1625168114,86,81.03737,56.629787,1.0630277,0,2021-07-01 19:35:14,day,Nd:YAG,OK
1625193116,82,49.960854,322.86923,17.580162,0,2021-07-02 02:31:56,night,Fiber,OK
1625196417,32,6.6943545,45.972378,23.62038,0,2021-07-02 03:26:57,night,Fiber,WARNING
1625197024,79,58.87177,40.103554,92.3874,0,2021-07-02 03:37:04,night,Excimer,OK
1625219026,59,35.979412,70.66702,0.65872717,0,2021-07-02 09:43:46,morning,Excimer,OK
1625221885,18,74.68489,90.63907,19.209768,0,2021-07-02 10:31:25,morning,Diode,OK
1625237385,14,85.75215,44.743923,5.914943,0,2021-07-02 14:49:45,day,Excimer,OK
1625246532,87,59.979862,63.109608,1.8773001,0,2021-07-02 17:22:12,day,Fiber,OK
1625251644,32,0.42202514,69.40935,0.121384755,0,2021-07-02 18:47:24,day,Fiber,WARNING
1625268056,40,74.00814,45.415268,14.297005,0,2021-07-02 23:20:56,night,CO2,OK
1625275074,8,33.37479,89.29552,1.942293,0,2021-07-03 01:17:54,night,Diode,OK
1625283704,5,37.53017,9.341883,8.224467,0,2021-07-03 03:41:44,night,CO2,OK
1625305787,4,58.863384,64.44521,7.7995768,0,2021-07-03 09:49:47,morning,Excimer,OK
1625308521,27,262.26358,54.608242,4.343492,0,2021-07-03 10:35:21,morning,Fiber,WARNING
1625314066,41,47.029114,79.578255,2.056422,0,2021-07-03 12:07:46,morning,Nd:YAG,OK
1625316725,7,58.889084,47.34662,16.748428,0,2021-07-03 12:52:05,morning,Fiber,OK
1625348621,53,75.42673,50.090385,7.6907964,0,2021-07-03 21:43:41,day,Diode,OK
1625354380,76,99.6863,63.67524,4.905903,0,2021-07-03 23:19:40,night,Nd:YAG,OK
1625370277,68,34.186993,48.262184,0.8241344,0,2021-07-04 03:44:37,night,Diode,OK
1625404656,57,41.198082,73.622536,10.2283,0,2021-07-04 13:17:36,morning,Fiber,OK
1625421754,78,53.68068,88.79112,10.444051,0,2021-07-04 18:02:34,day,Diode,OK
1625465472,94,62.571068,64.70899,2.0473502,0,2021-07-05 06:11:12,morning,Excimer,OK
1625521182,32,33.661438,62.37143,0.40290585,0,2021-07-05 21:39:42,day,Fiber,OK
1625526605,26,39.736256,18.522034,3.413008,0,2021-07-05 23:10:05,night,Nd:YAG,OK
1625536604,80,49.079113,62.19222,15.408972,0,2021-07-06 01:56:44,night,CO2,OK
1625548858,67,346.53784,58.017563,1.9408032,0,2021-07-06 05:20:58,night,Fiber,WARNING
1625571801,11,66.8431,64.12008,3.8095295,0,2021-07-06 11:43:21,morning,Nd:YAG,OK
1625598517,32,71.4602,21.413801,0.77962077,0,2021-07-06 19:08:37,day,Fiber,OK
1625621345,74,21.054806,65.79964,4.170296,0,2021-07-07 01:29:05,night,Excimer,OK
1625630923,76,47.62061,47.2968,0.79042834,0,2021-07-07 04:08:43,night,Nd:YAG,OK
1625631458,79,77.57284,70.97798,8.9551,0,2021-07-07 04:17:38,night,Excimer,OK
1625633929,28,92.12292,88.17254,3.935059,0,2021-07-07 04:58:49,night,Diode,OK
1625651354,3,21.071041,25.77078,6.274656,0,2021-07-07 09:49:14,morning,Diode,OK
1625656349,16,79.29502,67.67383,1.5584985,0,2021-07-07 11:12:29,morning,Nd:YAG,OK
1625657711,67,17.125784,61.13536,19.248383,0,2021-07-07 11:35:11,morning,Fiber,OK
1625658026,72,43.77607,6.031789,2.0114772,0,2021-07-07 11:40:26,morning,Fiber,OK
1625698589,76,15.223693,110.06588,9.112979,0,2021-07-07 22:56:29,night,Nd:YAG,OK
1625707396,72,66.77012,46.819714,9.422244,0,2021-07-08 01:23:16,night,Fiber,OK
1625742383,71,67.10288,394.8954,3.6365573,0,2021-07-08 11:06:23,morning,Nd:YAG,OK
1625746278,66,29.035843,37.19527,4.6938605,0,2021-07-08 12:11:18,morning,Nd:YAG,OK
1625760604,94,59.892624,95.64813,6.7806244,0,2021-07-08 16:10:04,day,Excimer,OK
1625778724,93,34.24944,50.907856,8.120109,0,2021-07-08 21:12:04,day,Diode,OK
1625806687,54,72.961205,54.19774,11.781297,0,2021-07-09 04:58:07,night,Excimer,OK
1625818528,99,46.304157,62.164593,90.7408,0,2021-07-09 08:15:28,morning,Excimer,OK
1625821866,0,51.83194,48.26118,9.655654,0,2021-07-09 09:11:06,morning,CO2,OK
1625844040,45,81.68114,51.998844,12.583297,0,2021-07-09 15:20:40,day,CO2,OK
1625846566,83,28.188044,34.936333,7.591295,0,2021-07-09 16:02:46,day,Diode,OK
1625854026,27,48.523376,29.928347,12.948705,0,2021-07-09 18:07:06,day,Fiber,OK
1625881090,31,67.45174,34.04072,10.50608,0,2021-07-10 01:38:10,night,Nd:YAG,OK
1625901876,21,31.571547,56.029198,8.269372,0,2021-07-10 07:24:36,morning,Nd:YAG,OK
1625912236,12,47.00536,85.29875,10.137522,0,2021-07-10 10:17:16,morning,Fiber,OK
1625914123,83,92.54454,113.62974,18.44338,0,2021-07-10 10:48:43,morning,Diode,OK
1625914811,28,85.978546,25.445469,0.6421222,0,2021-07-10 11:00:11,morning,Diode,OK
1625920002,43,65.59674,62.869865,30.053114,0,2021-07-10 12:26:42,morning,Diode,OK
1625940203,39,49.98866,51.41859,118.4672,0,2021-07-10 18:03:23,day,Excimer,OK
1625948597,96,55.009296,35.81938,8.733061,0,2021-07-10 20:23:17,day,Nd:YAG,OK
1625976191,69,42.246708,15.0499115,6.1658397,0,2021-07-11 04:03:11,night,Excimer,OK
1625982110,51,60.34719,64.498695,0.8736145,0,2021-07-11 05:41:50,night,Nd:YAG,OK
1625982790,86,25.699606,46.26466,12.888001,0,2021-07-11 05:53:10,night,Nd:YAG,OK
1626004058,57,48.08452,39.73515,2.598484,0,2021-07-11 11:47:38,morning,Fiber,OK
1626012017,9,81.66415,38.66166,4.518282,0,2021-07-11 14:00:17,day,Excimer,OK
1626041470,25,50.654427,94.20284,10.523229,0,2021-07-11 22:11:10,night,CO2,OK
1626042961,7,29.381641,113.74078,5.080878,0,2021-07-11 22:36:01,night,Fiber,OK
1626046012,1,40.674023,49.75307,6.6730394,0,2021-07-11 23:26:52,night,Nd:YAG,OK
1626051531,31,21.54101,94.29011,4.7044,0,2021-07-12 00:58:51,night,Nd:YAG,OK
1626063243,49,42.463604,11.408626,4.7114067,0,2021-07-12 04:14:03,night,Excimer,OK
1626080461,82,40.872383,328.94,10.340668,0,2021-07-12 09:01:01,morning,Fiber,OK
1626104470,39,35.742134,18.703283,15.007538,0,2021-07-12 15:41:10,day,Excimer,OK
1626116700,71,90.91566,17.067514,141.57318,0,2021-07-12 19:05:00,day,Nd:YAG,OK
1626120566,73,18.699146,82.94943,9.772781,0,2021-07-12 20:09:26,day,Diode,OK
1626152431,72,82.837425,28.149956,15.496354,0,2021-07-13 05:00:31,night,Fiber,OK
1626155226,46,66.27827,30.829477,1.688985,0,2021-07-13 05:47:06,night,Nd:YAG,OK
1626172964,70,56.85493,45.73458,12.557021,0,2021-07-13 10:42:44,morning,CO2,OK
1626218999,14,82.24231,12.711056,20.970076,0,2021-07-13 23:29:59,night,Excimer,OK
1626229237,94,66.84773,17.629873,13.859639,0,2021-07-14 02:20:37,night,Excimer,OK
1626255040,17,60.68355,37.18257,1.3415017,0,2021-07-14 09:30:40,morning,Fiber,OK
1626257877,8,52.84873,51.959305,4.012724,0,2021-07-14 10:17:57,morning,Diode,OK
1626272641,45,43.362644,67.24246,5.1981797,0,2021-07-14 14:24:01,day,CO2,OK
1626291919,7,67.96545,48.77348,10.184989,0,2021-07-14 19:45:19,day,Fiber,OK
1626329394,98,64.59729,14.406965,1.0453157,0,2021-07-15 06:09:54,morning,Diode,OK
1626344143,9,49.414497,34.86131,3.6929078,0,2021-07-15 10:15:43,morning,Excimer,OK
1626344399,91,3.616422,35.518238,5.6387167,0,2021-07-15 10:19:59,morning,Nd:YAG,WARNING
1626386463,0,73.63409,79.91349,10.848795,0,2021-07-15 22:01:03,night,CO2,OK
1626391441,78,395.6072,65.12042,4.6664047,0,2021-07-15 23:24:01,night,Diode,WARNING
1626411707,67,94.45004,24.589903,16.653913,0,2021-07-16 05:01:47,night,Fiber,OK
1626417210,38,29.615534,10.234343,22.62201,0,2021-07-16 06:33:30,morning,Diode,OK
1626474625,31,47.185986,62.3074,3.8623598,0,2021-07-16 22:30:25,night,Nd:YAG,OK
1626485246,6,60.752567,38.67441,2.1715593,0,2021-07-17 01:27:26,night,Nd:YAG,OK
1626500799,51,36.412476,59.921375,6.5059485,0,2021-07-17 05:46:39,night,Nd:YAG,OK
1626511438,64,275.05078,39.154892,7.848927,0,2021-07-17 08:43:58,morning,Excimer,WARNING
1626511701,32,47.289734,66.14237,10.438252,0,2021-07-17 08:48:21,morning,Fiber,OK
1626522276,17,74.69306,23.006124,0.1545846,0,2021-07-17 11:44:36,morning,Fiber,OK
1626556317,80,58.201004,48.263588,6.9616017,0,2021-07-17 21:11:57,day,CO2,OK
1626597034,12,68.05372,100.82046,3.897468,0,2021-07-18 08:30:34,morning,Fiber,OK
1626604934,96,97.931786,66.57957,4.6979403,0,2021-07-18 10:42:14,morning,Nd:YAG,OK
1626606776,42,49.079422,78.157166,22.101562,0,2021-07-18 11:12:56,morning,Fiber,OK
1626618665,16,23.172752,49.579758,9.817198,0,2021-07-18 14:31:05,day,Nd:YAG,OK
1626642426,27,56.572006,43.361397,5.0936255,0,2021-07-18 21:07:06,day,Fiber,OK
1626664671,73,29.997978,84.97142,4.577335,0,2021-07-19 03:17:51,night,Diode,OK
1626669101,47,31.846523,85.2243,4.252453,0,2021-07-19 04:31:41,night,Fiber,OK
1626681498,10,34.14795,32.716408,5.741318,0,2021-07-19 07:58:18,morning,CO2,OK
1626699814,81,60.981632,55.403572,134.09923,0,2021-07-19 13:03:34,morning,Nd:YAG,OK
1626703115,44,27.433504,8.541457,11.581012,0,2021-07-19 13:58:35,morning,Excimer,OK
1626703182,23,81.1456,43.3259,9.742245,0,2021-07-19 13:59:42,morning,Diode,OK
1626705236,86,35.94824,68.914406,2.0216682,0,2021-07-19 14:33:56,day,Nd:YAG,OK
1626712971,66,55.238266,89.32068,0.42625117,0,2021-07-19 16:42:51,day,Nd:YAG,OK
1626717652,29,74.73868,85.7032,8.050885,0,2021-07-19 18:00:52,day,Excimer,OK
1626741670,66,57.540646,56.85478,3.1302078,0,2021-07-20 00:41:10,night,Nd:YAG,OK
1626746003,80,88.39203,56.322872,6.3315263,0,2021-07-20 01:53:23,night,CO2,OK
1626748011,59,39.04605,55.962196,0.64051795,0,2021-07-20 02:26:51,night,Excimer,OK
1626763581,3,43.793312,12.266861,0.6291612,0,2021-07-20 06:46:21,morning,Diode,OK
1626766194,3,39.83526,75.364624,5.4565415,0,2021-07-20 07:29:54,morning,Diode,OK
1626774876,63,108.44704,16.049381,14.965179,0,2021-07-20 09:54:36,morning,Diode,WARNING
1626782356,24,110.76997,1.6642765,18.460766,0,2021-07-20 11:59:16,morning,Excimer,WARNING
1626786381,14,43.328125,40.36688,4.9860787,0,2021-07-20 13:06:21,morning,Excimer,OK
1626827368,54,36.79744,94.510544,146.1941,0,2021-07-21 00:29:28,night,Excimer,OK
1627002068,85,69.43024,74.606514,25.693598,0,2021-07-23 01:01:08,night,CO2,OK
1627019730,19,70.825,65.87312,2.76709,0,2021-07-23 05:55:30,night,Excimer,OK
1627097850,76,71.41599,61.67642,20.445232,0,2021-07-24 03:37:30,night,Nd:YAG,OK
1627129086,41,65.65556,20.525618,2.1194441,0,2021-07-24 12:18:06,morning,Nd:YAG,OK
1627129850,33,58.691093,17.806932,19.266218,0,2021-07-24 12:30:50,morning,Diode,OK
1627135790,55,56.688297,45.255733,9.170393,0,2021-07-24 14:09:50,day,CO2,OK
1627166826,44,40.694008,18.705297,5.1575956,0,2021-07-24 22:47:06,night,Excimer,OK
1627174942,48,37.987125,19.204756,10.103713,0,2021-07-25 01:02:22,night,Diode,OK
1627176198,4,12.56252,64.029274,3.5503817,0,2021-07-25 01:23:18,night,Excimer,OK
1627176914,42,56.558968,103.13,1.4224467,0,2021-07-25 01:35:14,night,Fiber,OK
1627214466,9,36.64597,51.738125,8.912839,0,2021-07-25 12:01:06,morning,Excimer,OK
1627234866,49,82.29608,87.833725,12.781643,0,2021-07-25 17:41:06,day,Excimer,OK
1627244699,71,8.777533,79.44811,1.5240861,0,2021-07-25 20:24:59,day,Nd:YAG,WARNING
1627272434,72,61.652073,87.6223,5.038282,0,2021-07-26 04:07:14,night,Fiber,OK
1627280549,80,52.64287,66.51614,12.422624,0,2021-07-26 06:22:29,morning,CO2,OK
1627290008,70,38.63835,30.809732,2.7627745,0,2021-07-26 09:00:08,morning,CO2,OK
1627348211,66,56.828506,91.24348,8.022333,0,2021-07-27 01:10:11,night,Nd:YAG,OK
1627357390,75,110.507416,54.152405,12.39414,0,2021-07-27 03:43:10,night,CO2,WARNING
1627382185,81,78.92887,23.235527,5.433886,0,2021-07-27 10:36:25,morning,Nd:YAG,OK
1627401535,33,25.057512,96.969894,0.19939612,0,2021-07-27 15:58:55,day,Diode,OK
1627441004,7,68.87187,48.841866,10.295538,0,2021-07-28 02:56:44,night,Fiber,OK
1627448961,13,97.75597,26.732832,14.669853,0,2021-07-28 05:09:21,night,Diode,OK
1627467353,74,18.29871,73.075745,11.180089,0,2021-07-28 10:15:53,morning,Excimer,OK
1627499311,38,9.116963,81.44876,9.259545,0,2021-07-28 19:08:31,day,Diode,WARNING
1627501233,45,39.84902,59.98205,14.922017,0,2021-07-28 19:40:33,day,CO2,OK
1627514856,75,53.02312,29.086025,14.6080265,0,2021-07-28 23:27:36,night,CO2,OK
1627515572,3,41.747414,33.983017,0.0016698482,0,2021-07-28 23:39:32,night,Diode,OK
1627543125,4,66.15476,66.48996,16.655916,0,2021-07-29 07:18:45,morning,Excimer,OK
1627551432,72,69.50036,44.42384,12.2058,0,2021-07-29 09:37:12,morning,Fiber,OK
1627551562,23,45.345673,60.532333,8.556118,0,2021-07-29 09:39:22,morning,Diode,OK
1627564347,99,66.027466,24.769255,16.896006,0,2021-07-29 13:12:27,morning,Excimer,OK
1627591657,50,62.592964,77.7199,9.909538,0,2021-07-29 20:47:37,day,CO2,OK
1627602631,6,424.80264,33.5637,1.0857247,0,2021-07-29 23:50:31,night,Nd:YAG,WARNING
1627613499,41,78.08363,49.934704,9.723582,0,2021-07-30 02:51:39,night,Nd:YAG,OK
1627617310,99,46.346466,79.66842,8.527513,0,2021-07-30 03:55:10,night,Excimer,OK
1627629994,95,61.795944,89.92212,12.715164,0,2021-07-30 07:26:34,morning,CO2,OK
1627635185,62,23.286886,50.56829,0.5529885,0,2021-07-30 08:53:05,morning,Fiber,OK
1627660347,30,97.51722,37.793922,13.0589905,0,2021-07-30 15:52:27,day,CO2,OK
1627672161,18,106.89863,38.058304,14.87621,0,2021-07-30 19:09:21,day,Diode,WARNING
1627674115,69,44.908455,12.967239,0.17351384,0,2021-07-30 19:41:55,day,Excimer,OK
1627694935,32,58.58369,81.18723,10.348102,0,2021-07-31 01:28:55,night,Fiber,OK
1627708138,78,51.30494,22.310314,0.79806876,0,2021-07-31 05:08:58,night,Diode,OK
1627737833,98,99.86529,43.419334,70.38595,0,2021-07-31 13:23:53,morning,Diode,OK
1627793939,32,23.31383,4.634382,23.203478,0,2021-08-01 04:58:59,night,Fiber,OK
1627806838,3,42.256165,71.95914,5.905641,0,2021-08-01 08:33:58,morning,Diode,OK
1627831988,37,49.88647,29.607698,4.5942335,0,2021-08-01 15:33:08,day,Fiber,OK
1627836577,52,62.68908,58.377075,15.976341,0,2021-08-01 16:49:37,day,Fiber,OK
1627838806,81,76.07193,112.1032,115.52188,0,2021-08-01 17:26:46,day,Nd:YAG,OK
1627845169,49,14.743408,55.85789,3.8880873,0,2021-08-01 19:12:49,day,Excimer,OK
1627855703,44,41.88194,23.851206,5.7668166,0,2021-08-01 22:08:23,night,Excimer,OK
1627861643,4,17.53288,44.126472,2.4256206,0,2021-08-01 23:47:23,night,Excimer,OK
1627925740,96,67.0538,12.454416,2.7980506,0,2021-08-02 17:35:40,day,Nd:YAG,OK
1627942320,11,34.814194,93.39532,11.458877,0,2021-08-02 22:12:00,night,Nd:YAG,ERROR
1627955582,19,41.056496,27.85753,16.840433,0,2021-08-03 01:53:02,night,Excimer,OK
1627960926,52,42.42803,53.223534,6.1688685,0,2021-08-03 03:22:06,night,Fiber,OK
1627981419,85,50.335686,63.097076,5.5412245,0,2021-08-03 09:03:39,morning,CO2,OK
1628013885,9,15.607255,62.732616,12.803578,0,2021-08-03 18:04:45,day,Excimer,OK
1628032252,79,44.372948,55.833252,5.1281033,0,2021-08-03 23:10:52,night,Excimer,OK
1628096777,16,37.84178,63.84913,14.452815,0,2021-08-04 17:06:17,day,Nd:YAG,OK
1628102049,68,5.7254333,29.114664,12.452357,0,2021-08-04 18:34:09,day,Diode,WARNING
1628168090,83,70.90148,43.690495,1.0997721,0,2021-08-05 12:54:50,morning,Diode,OK
1628182825,23,48.003643,115.92016,2.8652413,0,2021-08-05 17:00:25,day,Diode,OK
1628183291,54,20.171606,42.291702,13.272709,0,2021-08-05 17:08:11,day,Excimer,OK
1628196997,72,74.918686,90.10187,7.911866,0,2021-08-05 20:56:37,day,Fiber,OK
1628242994,75,28.20395,54.504265,1.1822182,0,2021-08-06 09:43:14,morning,CO2,OK
1628275118,41,67.31142,72.91266,1.9916478,0,2021-08-06 18:38:38,day,Nd:YAG,OK
1628303504,27,89.16192,59.62495,17.374594,0,2021-08-07 02:31:44,night,Fiber,OK
1628310575,57,69.570915,53.503517,17.994038,0,2021-08-07 04:29:35,night,Fiber,OK
1628310616,95,73.70897,47.193485,0.39574674,0,2021-08-07 04:30:16,night,CO2,OK
1628330067,22,420.37946,26.87126,2.8630164,0,2021-08-07 09:54:27,morning,Fiber,WARNING
1628362923,6,294.93933,72.8468,1.2825719,0,2021-08-07 19:02:03,day,Nd:YAG,WARNING
1628366948,62,7.1349707,93.47007,8.688618,0,2021-08-07 20:09:08,day,Fiber,ERROR
1628394219,15,21.736494,46.432644,10.989934,0,2021-08-08 03:43:39,night,CO2,OK
1628416948,77,71.48706,56.7906,9.973535,0,2021-08-08 10:02:28,morning,Fiber,OK
1628424116,13,74.12854,46.957436,2.7344356,0,2021-08-08 12:01:56,morning,Diode,OK
1628435752,71,27.540962,3.8517623,9.528292,0,2021-08-08 15:15:52,day,Nd:YAG,OK
1628440087,63,33.57734,28.648952,4.014043,0,2021-08-08 16:28:07,day,Diode,OK
1628457278,41,69.26207,66.09481,6.125752,0,2021-08-08 21:14:38,day,Nd:YAG,OK
1628501412,43,81.85273,62.244595,1.4626061,0,2021-08-09 09:30:12,morning,Diode,OK
1628534160,50,55.189438,40.25125,81.21055,0,2021-08-09 18:36:00,day,CO2,OK
1628554618,51,98.83138,61.011242,78.36165,0,2021-08-10 00:16:58,night,Nd:YAG,OK
1628557477,25,51.770157,75.56977,1.5367346,0,2021-08-10 01:04:37,night,CO2,OK
1628573528,3,64.32397,19.598566,1.2078308,0,2021-08-10 05:32:08,night,Diode,OK
1628597735,59,71.53883,65.84108,11.042827,0,2021-08-10 12:15:35,morning,Excimer,OK
1628617537,33,76.13394,57.52979,1.5955334,0,2021-08-10 17:45:37,day,Diode,OK
1628648928,77,101.63845,52.807247,0.99691635,0,2021-08-11 02:28:48,night,Fiber,WARNING
1628675931,0,64.50629,30.046839,9.23145,0,2021-08-11 09:58:51,morning,CO2,OK
1628692230,4,54.467724,65.7438,1.163492,0,2021-08-11 14:30:30,day,Excimer,OK
1628694410,84,49.41732,18.403696,7.9040723,0,2021-08-11 15:06:50,day,Excimer,OK
1628699408,29,48.759697,90.180595,83.21276,0,2021-08-11 16:30:08,day,Excimer,OK
1628725850,84,17.564009,55.22564,6.3885684,0,2021-08-11 23:50:50,night,Excimer,OK
1628735377,2,377.49265,36.288643,14.35858,0,2021-08-12 02:29:37,night,Fiber,WARNING
1628740775,37,4.8795547,36.71739,9.236099,0,2021-08-12 03:59:35,night,Fiber,WARNING
1628742033,95,49.842037,42.268024,5.9693384,0,2021-08-12 04:20:33,night,CO2,OK
1628774646,95,62.140366,77.81594,1.7962217,0,2021-08-12 13:24:06,morning,CO2,OK
1628782854,56,43.686134,52.04873,7.4801283,0,2021-08-12 15:40:54,day,Nd:YAG,OK
1628804614,7,38.340866,50.0253,18.123219,0,2021-08-12 21:43:34,day,Fiber,OK
1628808261,87,56.23363,59.756947,10.149283,0,2021-08-12 22:44:21,night,Fiber,OK
1628819168,4,55.56969,89.02972,1.2473238,0,2021-08-13 01:46:08,night,Excimer,OK
1628821373,59,28.97266,61.147255,11.76705,0,2021-08-13 02:22:53,night,Excimer,OK
1628830015,90,83.591705,56.84323,2.3059368,0,2021-08-13 04:46:55,night,CO2,OK
1628846132,7,49.453453,84.247025,6.0011725,0,2021-08-13 09:15:32,morning,Fiber,OK
1628855435,56,60.543423,52.42351,1.0536364,0,2021-08-13 11:50:35,morning,Nd:YAG,OK
1628863260,68,53.66564,58.003967,2.6947637,0,2021-08-13 14:01:00,day,Diode,OK
1628885042,86,61.96539,21.086393,17.672777,0,2021-08-13 20:04:02,day,Nd:YAG,OK
1628891659,88,3.904351,15.723607,11.384297,0,2021-08-13 21:54:19,day,Diode,WARNING
1628911898,73,48.584988,55.70972,16.016031,0,2021-08-14 03:31:38,night,Diode,OK
1628953961,61,32.067024,35.3168,6.6378307,0,2021-08-14 15:12:41,day,Nd:YAG,OK
1628972678,67,65.69456,33.784584,90.38046,0,2021-08-14 20:24:38,day,Fiber,OK
1628986568,51,46.58396,120.89047,3.0120168,0,2021-08-15 00:16:08,night,Nd:YAG,OK
1628987553,2,341.68735,32.888744,3.991073,0,2021-08-15 00:32:33,night,Fiber,WARNING
1629005843,93,71.929016,44.08478,10.712627,0,2021-08-15 05:37:23,night,Diode,OK
1629033707,89,66.3769,58.483738,80.456726,0,2021-08-15 13:21:47,morning,Excimer,OK
1629040617,63,46.66969,63.47351,14.270078,0,2021-08-15 15:16:57,day,Diode,OK
1629040678,68,61.60554,69.96415,18.96586,0,2021-08-15 15:17:58,day,Diode,OK
1629100241,38,38.625553,51.33789,2.8906038,0,2021-08-16 07:50:41,morning,Diode,OK
1629142629,96,25.00689,32.352867,0.48868862,0,2021-08-16 19:37:09,day,Nd:YAG,OK
1629150989,52,69.80164,15.521476,15.815456,0,2021-08-16 21:56:29,day,Fiber,OK
1629154709,84,81.11276,86.93452,15.666095,0,2021-08-16 22:58:29,night,Excimer,OK
1629190426,95,33.317482,50.477203,12.396529,0,2021-08-17 08:53:46,morning,CO2,OK
1629202648,48,63.54111,73.630135,5.6456175,0,2021-08-17 12:17:28,morning,Diode,OK
1629203725,77,5.1358404,14.869279,8.441284,0,2021-08-17 12:35:25,morning,Fiber,WARNING
1629215583,81,71.46509,83.38335,4.8942957,0,2021-08-17 15:53:03,day,Nd:YAG,OK
1629237307,39,47.007465,53.430634,13.693312,0,2021-08-17 21:55:07,day,Excimer,OK
1629261373,20,91.17709,11.582143,14.372205,0,2021-08-18 04:36:13,night,CO2,OK
1629261556,10,34.863293,61.396614,8.634233,0,2021-08-18 04:39:16,night,CO2,OK
1629290604,88,19.43865,78.78046,20.047573,0,2021-08-18 12:43:24,morning,Diode,OK
1629304288,96,54.933147,79.0933,1.8668457,0,2021-08-18 16:31:28,day,Nd:YAG,OK
1629307998,34,48.28293,70.06874,9.620194,0,2021-08-18 17:33:18,day,Excimer,OK
1629334156,41,54.857613,40.391136,13.221167,0,2021-08-19 00:49:16,night,Nd:YAG,OK
1629355707,78,13.870471,75.83828,5.093907,0,2021-08-19 06:48:27,morning,Diode,OK
1629368050,10,16.180006,242.25993,6.8570776,0,2021-08-19 10:14:10,morning,CO2,OK
1629389046,85,3.3882875,90.69602,12.042685,0,2021-08-19 16:04:06,day,CO2,WARNING
1629418935,10,20.334602,29.30986,1.7966876,0,2021-08-20 00:22:15,night,CO2,OK
1629419704,69,52.669647,24.85176,6.531394,0,2021-08-20 00:35:04,night,Excimer,OK
1629427088,9,12.530506,43.905865,10.454234,0,2021-08-20 02:38:08,night,Excimer,OK
1629428844,90,106.096695,63.827633,13.928914,0,2021-08-20 03:07:24,night,CO2,WARNING
1629461321,81,57.43074,91.68887,12.761797,0,2021-08-20 12:08:41,morning,Nd:YAG,OK
1629468940,37,20.734135,35.485477,2.1584234,0,2021-08-20 14:15:40,day,Fiber,OK
1629539770,50,71.88895,35.91289,22.990808,0,2021-08-21 09:56:10,morning,CO2,OK
1629561671,33,49.80326,43.254845,3.5809627,0,2021-08-21 16:01:11,day,Diode,OK
1629592077,73,115.859184,25.957409,20.574888,0,2021-08-22 00:27:57,night,Diode,WARNING
1629621290,99,16.979574,63.380577,16.00043,0,2021-08-22 08:34:50,morning,Excimer,OK
1629644166,64,31.685488,40.802505,9.802858,0,2021-08-22 14:56:06,day,Excimer,OK
1629644266,64,42.75356,67.64811,7.422372,0,2021-08-22 14:57:46,day,Excimer,OK
1629668023,94,51.669575,65.09984,13.331097,0,2021-08-22 21:33:43,day,Excimer,OK
1629678805,11,71.03151,74.78417,9.145976,0,2021-08-23 00:33:25,night,Nd:YAG,OK
1629686312,43,53.303177,66.53343,22.163446,0,2021-08-23 02:38:32,night,Diode,OK
1629687047,40,23.688343,37.83664,3.3036609,0,2021-08-23 02:50:47,night,CO2,OK
1629688071,75,35.70289,18.888556,8.368503,0,2021-08-23 03:07:51,night,CO2,OK
1629783189,5,30.602123,90.03302,76.43427,0,2021-08-24 05:33:09,night,CO2,OK
1629788035,94,89.37879,59.8924,71.36263,0,2021-08-24 06:53:55,morning,Excimer,ERROR
1629789687,18,43.94861,97.80144,0.0828064,0,2021-08-24 07:21:27,morning,Diode,OK
1629800931,76,60.628006,56.01115,4.1926255,0,2021-08-24 10:28:51,morning,Nd:YAG,OK
1629801359,61,80.443756,51.491837,11.4998665,0,2021-08-24 10:35:59,morning,Nd:YAG,OK
1629815280,12,64.15739,307.80078,5.055666,0,2021-08-24 14:28:00,day,Fiber,OK
1629818636,97,20.08117,21.222092,2.2560751,0,2021-08-24 15:23:56,day,Fiber,OK
1629869838,16,61.478043,42.15995,0.3056667,0,2021-08-25 05:37:18,night,Nd:YAG,OK
1629900220,63,101.26499,15.16378,0.61137426,0,2021-08-25 14:03:40,day,Diode,WARNING
1629947770,7,38.40897,61.067398,5.0984397,0,2021-08-26 03:16:10,night,Fiber,OK
1630019532,7,32.604603,37.150074,3.4150488,0,2021-08-26 23:12:12,night,Fiber,OK
1630031756,55,15.306418,35.094185,2.898775,0,2021-08-27 02:35:56,night,CO2,OK
1630055735,50,22.97858,51.3166,12.087176,0,2021-08-27 09:15:35,morning,CO2,OK
1630075398,45,69.80775,44.83394,2.2654197,0,2021-08-27 14:43:18,day,CO2,OK
1630080073,53,49.63025,48.428482,12.122453,0,2021-08-27 16:01:13,day,Diode,OK
1630092975,54,36.797527,26.179493,18.794186,0,2021-08-27 19:36:15,day,Excimer,OK
1630097521,69,11.949332,33.56855,137.98279,0,2021-08-27 20:52:01,day,Excimer,OK
1630100206,73,38.23058,61.258,14.840181,0,2021-08-27 21:36:46,day,Diode,OK
1630115197,72,10.464374,97.29451,5.720254,0,2021-08-28 01:46:37,night,Fiber,WARNING
1630127431,60,48.956284,31.554203,3.286363,0,2021-08-28 05:10:31,night,CO2,OK
1630141240,86,32.874554,52.043686,2.9601188,0,2021-08-28 09:00:40,morning,Nd:YAG,OK
1630150212,29,25.047403,74.5705,14.607387,0,2021-08-28 11:30:12,morning,Excimer,OK
1630159137,66,51.550743,47.127693,2.1426058,0,2021-08-28 13:58:57,morning,Nd:YAG,OK
1630176175,51,49.572,22.712084,9.084564,0,2021-08-28 18:42:55,day,Nd:YAG,OK
1630195838,99,64.39279,60.94744,7.02495,0,2021-08-29 00:10:38,night,Excimer,OK
1630212719,88,75.44415,62.734825,11.309474,0,2021-08-29 04:51:59,night,Diode,OK
1630222243,64,38.73932,26.784058,3.8796692,0,2021-08-29 07:30:43,morning,Excimer,OK
1630232847,99,66.25813,80.03194,1.3040693,0,2021-08-29 10:27:27,morning,Excimer,OK
1630245247,71,74.450035,26.394659,9.453176,0,2021-08-29 13:54:07,morning,Nd:YAG,OK
1630251597,90,93.76387,29.726116,6.6119432,0,2021-08-29 15:39:57,day,CO2,OK
1630258937,43,31.740362,79.81307,2.9711955,0,2021-08-29 17:42:17,day,Diode,OK
1630269989,63,85.41128,357.98294,15.047988,0,2021-08-29 20:46:29,day,Diode,OK
1630271996,26,24.745392,62.67646,22.168798,0,2021-08-29 21:19:56,day,Nd:YAG,OK
1630350518,94,92.22152,342.72528,6.387522,0,2021-08-30 19:08:38,day,Excimer,OK
1630377049,57,74.92149,6.1039577,3.4819078,0,2021-08-31 02:30:49,night,Fiber,OK
1630404448,36,53.9287,76.71827,4.1468043,0,2021-08-31 10:07:28,morning,Nd:YAG,OK
1630408620,39,44.005474,43.691933,4.9487224,0,2021-08-31 11:17:00,morning,Excimer,OK
1630437915,1,75.66142,76.45322,7.398225,0,2021-08-31 19:25:15,day,Nd:YAG,OK
1630464436,61,16.089508,60.724396,13.460973,0,2021-09-01 02:47:16,night,Nd:YAG,OK
1630488777,42,21.186125,30.785122,14.2319565,0,2021-09-01 09:32:57,morning,Fiber,OK
1630505843,2,44.446255,77.07514,2.8878977,0,2021-09-01 14:17:23,day,Fiber,OK
1630526074,8,67.73648,56.788715,74.16839,0,2021-09-01 19:54:34,day,Diode,OK
1630532224,53,23.077837,17.617805,3.5038915,0,2021-09-01 21:37:04,day,Diode,OK
1630534973,15,54.426235,75.41188,13.139889,0,2021-09-01 22:22:53,night,CO2,OK
1630549084,96,32.736385,65.58086,1.1814165,0,2021-09-02 02:18:04,night,Nd:YAG,OK
1630560773,60,58.330154,386.28082,6.5331492,0,2021-09-02 05:32:53,night,CO2,OK
1630569319,31,73.42028,48.338493,11.100476,0,2021-09-02 07:55:19,morning,Nd:YAG,OK
1630577062,23,39.77843,75.21882,9.109649,0,2021-09-02 10:04:22,morning,Diode,OK
1630582741,19,46.15161,75.69562,14.367204,0,2021-09-02 11:39:01,morning,Excimer,OK
1630614658,75,28.209106,60.41596,76.36624,0,2021-09-02 20:30:58,day,CO2,OK
1630624846,61,63.01077,76.58896,7.551025,0,2021-09-02 23:20:46,night,Nd:YAG,OK
1630627801,20,0.31847876,80.70924,4.509536,0,2021-09-03 00:10:01,night,CO2,WARNING
1630641750,75,57.431988,29.052788,6.247493,0,2021-09-03 04:02:30,night,CO2,OK
1630667224,51,67.45124,65.977905,7.659607,0,2021-09-03 11:07:04,morning,Nd:YAG,OK
1630682835,98,62.303757,44.934734,121.71875,0,2021-09-03 15:27:15,day,Diode,OK
1630686214,39,26.176579,46.0167,5.65155,0,2021-09-03 16:23:34,day,Excimer,OK
1630693968,97,287.4363,83.26113,23.272581,0,2021-09-03 18:32:48,day,Fiber,WARNING
1630697628,60,27.301361,77.70569,0.82630485,0,2021-09-03 19:33:48,day,CO2,OK
1630733605,31,70.40646,18.552036,25.532686,0,2021-09-04 05:33:25,night,Nd:YAG,OK
1630844211,28,39.19188,85.414566,11.560979,0,2021-09-05 12:16:51,morning,Diode,OK
1630854175,38,68.511665,67.56878,107.64138,0,2021-09-05 15:02:55,day,Diode,OK
1630857095,34,112.55411,40.41637,1.935294,0,2021-09-05 15:51:35,day,Excimer,WARNING
1630886506,82,36.592205,53.443718,6.040992,0,2021-09-06 00:01:46,night,Fiber,OK
1630910212,52,44.974174,87.341,96.043365,0,2021-09-06 06:36:52,morning,Fiber,OK
1630914021,86,75.36329,362.93628,9.799342,0,2021-09-06 07:40:21,morning,Nd:YAG,OK
1630961629,17,7.7419043,63.46708,2.2807705,0,2021-09-06 20:53:49,day,Fiber,WARNING
1630963266,58,18.896763,35.42731,9.420275,0,2021-09-06 21:21:06,day,Diode,OK
1631017790,28,72.40272,110.78672,4.5603857,0,2021-09-07 12:29:50,morning,Diode,OK
1631023391,80,72.73423,33.1263,0.9236414,0,2021-09-07 14:03:11,day,CO2,OK
1631032657,16,2.6411967,25.782658,1.9093788,0,2021-09-07 16:37:37,day,Nd:YAG,WARNING
1631035247,61,57.38313,29.651152,0.34473732,0,2021-09-07 17:20:47,day,Nd:YAG,OK
1631043447,78,10.44264,80.48505,2.1221583,0,2021-09-07 19:37:27,day,Diode,WARNING
1631087157,14,23.84494,59.419106,13.06935,0,2021-09-08 07:45:57,morning,Excimer,OK
1631115016,66,63.201725,39.924294,7.767712,0,2021-09-08 15:30:16,day,Nd:YAG,OK
1631159467,69,32.326668,49.19833,1.4950476,0,2021-09-09 03:51:07,night,Excimer,OK
1631164762,41,8.243786,10.056418,23.798922,0,2021-09-09 05:19:22,night,Nd:YAG,WARNING
1631166070,83,58.463737,46.437717,10.788344,0,2021-09-09 05:41:10,night,Diode,OK
1631229544,77,81.18251,29.48567,6.476813,0,2021-09-09 23:19:04,night,Fiber,OK
1631240486,59,37.496796,46.942146,9.01628,0,2021-09-10 02:21:26,night,Excimer,OK
1631243584,73,63.199387,72.65903,11.263981,0,2021-09-10 03:13:04,night,Diode,OK
1631277221,79,47.642784,5.5271907,18.948164,0,2021-09-10 12:33:41,morning,Excimer,OK
1631277337,14,50.4985,33.587376,2.3680375,0,2021-09-10 12:35:37,morning,Excimer,OK
1631283855,24,20.409264,24.02415,9.876099,0,2021-09-10 14:24:15,day,Excimer,OK
1631332320,30,76.7582,0.33255342,5.3946705,0,2021-09-11 03:52:00,night,CO2,OK
1631355357,83,37.75296,35.186558,4.1444387,0,2021-09-11 10:15:57,morning,Diode,OK
1631393584,0,72.43496,419.5777,6.746839,0,2021-09-11 20:53:04,day,CO2,OK
1631398783,94,27.398222,45.25201,111.67961,0,2021-09-11 22:19:43,night,Excimer,OK
1631425081,28,78.875916,51.134533,0.101221696,0,2021-09-12 05:38:01,night,Diode,OK
1631438472,75,67.99116,66.152695,1.215147,0,2021-09-12 09:21:12,morning,CO2,OK
1631514597,59,23.296637,26.080154,12.244582,0,2021-09-13 06:29:57,morning,Excimer,OK
1631556705,99,69.62933,284.33188,5.786339,0,2021-09-13 18:11:45,day,Excimer,OK
1631558752,99,19.18625,76.36849,2.495619,0,2021-09-13 18:45:52,day,Excimer,OK
1631581379,17,65.518234,61.44798,11.145364,0,2021-09-14 01:02:59,night,Fiber,OK
1631584506,69,0.9863224,43.999252,2.7748466,0,2021-09-14 01:55:06,night,Excimer,WARNING
1631621465,61,54.76713,39.7663,2.7178056,0,2021-09-14 12:11:05,morning,Nd:YAG,OK
1631629411,49,274.95,36.330734,0.40274093,0,2021-09-14 14:23:31,day,Excimer,WARNING
1631631277,95,67.92073,44.15526,6.8776865,0,2021-09-14 14:54:37,day,CO2,OK
1631638567,63,47.64333,79.57602,7.7249193,0,2021-09-14 16:56:07,day,Diode,OK
1631664951,86,59.927364,60.982155,4.1270485,0,2021-09-15 00:15:51,night,Nd:YAG,OK
1631697148,93,7.223651,82.98844,5.392983,0,2021-09-15 09:12:28,morning,Diode,WARNING
1631710902,57,43.43342,58.54262,11.313831,0,2021-09-15 13:01:42,morning,Fiber,OK
1631718144,76,82.095856,95.006836,4.119085,0,2021-09-15 15:02:24,day,Nd:YAG,OK
1631721356,38,76.65701,426.7031,1.8917775,0,2021-09-15 15:55:56,day,Diode,OK
1631738943,59,48.777683,88.63012,1.2790048,0,2021-09-15 20:49:03,day,Excimer,OK
1631746625,37,33.9197,38.190125,5.749047,0,2021-09-15 22:57:05,night,Fiber,OK
1631787113,89,11.039069,6.3369865,8.100343,0,2021-09-16 10:11:53,morning,Excimer,OK
1631821627,28,57.439434,65.81713,9.707152,0,2021-09-16 19:47:07,day,Diode,OK
1631869377,59,53.466305,85.36366,13.520275,0,2021-09-17 09:02:57,morning,Excimer,OK
1631872557,40,35.697548,30.71104,7.762213,0,2021-09-17 09:55:57,morning,CO2,OK
1631873650,39,44.72725,20.605959,11.188514,0,2021-09-17 10:14:10,morning,Excimer,OK
1631892842,99,40.645393,56.005547,19.984062,0,2021-09-17 15:34:02,day,Excimer,OK
1631896824,51,14.438908,22.283983,18.932922,0,2021-09-17 16:40:24,day,Nd:YAG,OK
1631924720,49,63.39376,60.358765,1.7555977,0,2021-09-18 00:25:20,night,Excimer,OK
1631932910,96,46.651134,49.36063,5.6177406,0,2021-09-18 02:41:50,night,Nd:YAG,OK
1631963269,70,77.63059,82.04398,1.7850014,0,2021-09-18 11:07:49,morning,CO2,OK
1631971021,29,60.858448,51.10902,7.6267843,0,2021-09-18 13:17:01,morning,Excimer,OK
1631990786,57,64.7511,46.34424,21.119963,0,2021-09-18 18:46:26,day,Fiber,OK
1632018048,40,38.989132,81.16632,19.423422,0,2021-09-19 02:20:48,night,CO2,OK
1632018389,44,56.04292,68.66266,1.4938701,0,2021-09-19 02:26:29,night,Excimer,OK
1632075914,77,25.534443,49.387215,16.424423,0,2021-09-19 18:25:14,day,Fiber,OK
1632080657,32,26.490236,1.1220218,0.079585806,0,2021-09-19 19:44:17,day,Fiber,OK
1632083959,12,84.80318,23.141094,22.306652,0,2021-09-19 20:39:19,day,Fiber,OK
1632099482,91,48.121468,71.90902,5.211971,0,2021-09-20 00:58:02,night,Nd:YAG,OK
1632106892,13,80.085335,54.879738,11.792949,0,2021-09-20 03:01:32,night,Diode,OK
1632132017,39,38.02486,49.729885,14.733415,0,2021-09-20 10:00:17,morning,Excimer,OK
1632151119,50,52.085804,86.91393,5.6357694,0,2021-09-20 15:18:39,day,CO2,OK
1632159490,59,53.27153,59.69712,10.997954,0,2021-09-20 17:38:10,day,Excimer,OK
1632165900,97,46.40014,14.593382,6.3121514,0,2021-09-20 19:25:00,day,Fiber,OK
1632187724,18,86.18339,54.918312,1.2006935,0,2021-09-21 01:28:44,night,Diode,OK
1632197357,68,48.53341,84.971115,11.491975,0,2021-09-21 04:09:17,night,Diode,OK
1632221312,37,86.95923,54.69261,4.285797,0,2021-09-21 10:48:32,morning,Fiber,OK
1632295818,87,74.06469,35.738552,116.75177,0,2021-09-22 07:30:18,morning,Fiber,OK
1632301336,76,70.43081,36.957214,2.7743936,0,2021-09-22 09:02:16,morning,Nd:YAG,OK
1632306847,25,30.509172,83.32615,4.7555285,0,2021-09-22 10:34:07,morning,CO2,OK
1632311544,47,78.23922,70.0316,15.272757,0,2021-09-22 11:52:24,morning,Fiber,OK
1632329045,58,37.276806,19.955364,15.848113,0,2021-09-22 16:44:05,day,Diode,OK
1632354041,65,84.033646,29.24767,5.8073134,0,2021-09-22 23:40:41,night,CO2,OK
1632361885,8,86.28022,69.120834,6.41631,0,2021-09-23 01:51:25,night,Diode,OK
1632383770,30,76.81067,78.28795,4.5796723,0,2021-09-23 07:56:10,morning,CO2,OK
1632406813,43,34.12718,40.702625,3.466576,0,2021-09-23 14:20:13,day,Diode,OK
1632520177,91,68.45171,61.5198,14.533501,0,2021-09-24 21:49:37,day,Nd:YAG,OK
1632521603,96,49.205345,79.63039,8.121343,0,2021-09-24 22:13:23,night,Nd:YAG,OK
1632538280,64,24.805502,92.13148,5.6974077,0,2021-09-25 02:51:20,night,Excimer,OK
1632548488,24,70.02039,65.632805,0.70375925,0,2021-09-25 05:41:28,night,Excimer,OK
1632564452,84,44.43805,39.251392,8.071401,0,2021-09-25 10:07:32,morning,Excimer,OK
1632564459,34,51.734375,51.56305,10.236014,0,2021-09-25 10:07:39,morning,Excimer,OK
1632620661,67,71.00673,79.805405,90.53428,0,2021-09-26 01:44:21,night,Fiber,OK
1632635448,2,83.95769,71.815025,10.803444,0,2021-09-26 05:50:48,night,Fiber,OK
1632641534,13,57.490543,54.66316,17.429285,0,2021-09-26 07:32:14,morning,Diode,OK
1632642781,91,49.773415,28.92267,125.40987,0,2021-09-26 07:53:01,morning,Nd:YAG,OK
1632667119,19,95.60059,18.24669,3.1225195,0,2021-09-26 14:38:39,day,Excimer,OK
1632671625,0,49.51426,53.442596,4.688724,0,2021-09-26 15:53:45,day,CO2,OK
1632672007,15,34.975616,22.562502,11.71676,0,2021-09-26 16:00:07,day,CO2,OK
1632689460,10,61.63136,57.696777,8.770669,0,2021-09-26 20:51:00,day,CO2,OK
1632690243,27,36.01818,53.752277,95.46799,0,2021-09-26 21:04:03,day,Fiber,OK
1632696826,82,2.8700538,78.11447,2.6398106,0,2021-09-26 22:53:46,night,Fiber,WARNING
1632705883,17,73.49456,92.42527,7.5308733,0,2021-09-27 01:24:43,night,Fiber,OK
1632707857,73,35.201797,37.96903,6.6477885,0,2021-09-27 01:57:37,night,Diode,OK
1632728116,42,36.67836,40.396378,7.454871,0,2021-09-27 07:35:16,morning,Fiber,OK
1632751268,52,5.9269056,44.79645,3.8303096,0,2021-09-27 14:01:08,day,Fiber,WARNING
1632774026,44,58.634968,28.105373,3.6719532,0,2021-09-27 20:20:26,day,Excimer,OK
1632804903,96,32.384132,2.2541902,19.682577,0,2021-09-28 04:55:03,night,Nd:YAG,OK
1632822012,53,17.341501,15.842217,3.4275439,0,2021-09-28 09:40:12,morning,Diode,OK
1632848955,96,28.315607,54.47033,14.691135,0,2021-09-28 17:09:15,day,Nd:YAG,ERROR
1632882756,77,37.890774,49.443577,4.889258,0,2021-09-29 02:32:36,night,Fiber,OK
1632913359,92,43.164375,69.400215,10.289697,0,2021-09-29 11:02:39,morning,Fiber,OK
1632929087,52,34.899845,36.346226,11.5998955,0,2021-09-29 15:24:47,day,Fiber,OK
1632929757,92,19.755838,423.64648,11.736073,0,2021-09-29 15:35:57,day,Fiber,OK
1632940613,36,43.78624,24.963596,11.329724,0,2021-09-29 18:36:53,day,Nd:YAG,OK
1632958708,13,80.00657,68.10716,8.265482,0,2021-09-29 23:38:28,night,Diode,OK
1632959893,86,57.607254,44.821507,4.53655,0,2021-09-29 23:58:13,night,Nd:YAG,OK
1632963619,93,36.491695,52.61719,11.590206,0,2021-09-30 01:00:19,night,Diode,OK
1632968985,22,71.49833,26.453459,8.35572,0,2021-09-30 02:29:45,night,Fiber,OK
1632978445,80,5.410095,45.204594,129.6105,0,2021-09-30 05:07:25,night,CO2,WARNING
1632989555,52,60.77272,45.752766,11.901618,0,2021-09-30 08:12:35,morning,Fiber,OK
1633007327,26,24.455303,226.64642,6.1195755,0,2021-09-30 13:08:47,morning,Nd:YAG,OK
1633029496,44,84.151245,36.64583,3.19969,0,2021-09-30 19:18:16,day,Excimer,OK
1633038498,52,54.494705,47.469746,0.7421083,0,2021-09-30 21:48:18,day,Fiber,OK
1633046841,76,37.168747,83.47702,12.035105,0,2021-10-01 00:07:21,night,Nd:YAG,OK
1633053612,31,42.282303,57.30534,7.4682255,0,2021-10-01 02:00:12,night,Nd:YAG,OK
1633062959,78,69.48544,43.750965,3.556677,0,2021-10-01 04:35:59,night,Diode,OK
1633070362,15,54.564964,73.801674,14.585116,0,2021-10-01 06:39:22,morning,CO2,OK
1633118408,89,51.219994,67.89371,4.202418,0,2021-10-01 20:00:08,day,Excimer,OK
1633139942,53,34.612865,54.56521,4.166311,0,2021-10-02 01:59:02,night,Diode,OK
1633158668,76,67.27045,34.44253,0.3728072,0,2021-10-02 07:11:08,morning,Nd:YAG,OK
1633221690,31,78.86773,38.11875,1.0091716,0,2021-10-03 00:41:30,night,Nd:YAG,OK
1633261006,99,32.196983,61.24341,1.4838834,0,2021-10-03 11:36:46,morning,Excimer,OK
1633275023,44,31.85931,93.56166,3.6974638,0,2021-10-03 15:30:23,day,Excimer,OK
1633277920,28,21.369858,23.332148,7.265366,0,2021-10-03 16:18:40,day,Diode,OK
1633304639,8,39.137184,63.12471,119.624954,0,2021-10-03 23:43:59,night,Diode,OK
1633348100,15,61.577587,54.612656,18.408564,0,2021-10-04 11:48:20,morning,CO2,OK
1633374571,18,41.729572,68.01879,15.202905,0,2021-10-04 19:09:31,day,Diode,OK
1633376673,75,41.1849,53.485992,0.4391075,0,2021-10-04 19:44:33,day,CO2,OK
1633377092,22,70.5671,50.52031,3.4308453,0,2021-10-04 19:51:32,day,Fiber,OK
1633427401,58,88.933,35.922943,10.078375,0,2021-10-05 09:50:01,morning,Diode,OK
1633463584,21,34.937557,48.496765,17.00075,0,2021-10-05 19:53:04,day,Nd:YAG,OK
1633495923,0,60.93861,30.954405,0.5567892,0,2021-10-06 04:52:03,night,CO2,OK
1633511894,64,67.3157,53.249184,17.6369,0,2021-10-06 09:18:14,morning,Excimer,OK
1633513094,32,93.072014,61.56484,7.6775827,0,2021-10-06 09:38:14,morning,Fiber,OK
1633590644,78,39.59347,53.927788,6.423293,0,2021-10-07 07:10:44,morning,Diode,OK
1633591181,83,334.6322,35.86527,16.42088,0,2021-10-07 07:19:41,morning,Diode,WARNING
1633598623,63,32.19916,73.82845,5.604302,0,2021-10-07 09:23:43,morning,Diode,OK
1633600076,40,49.482048,74.1792,6.9147096,0,2021-10-07 09:47:56,morning,CO2,OK
1633600651,1,16.567745,49.668133,13.198832,0,2021-10-07 09:57:31,morning,Nd:YAG,OK
1633632257,52,28.505304,66.14509,11.014032,0,2021-10-07 18:44:17,day,Fiber,OK
1633650196,63,40.1796,126.74322,13.243725,0,2021-10-07 23:43:16,night,Diode,OK
1633655895,99,46.395905,83.71966,8.26754,0,2021-10-08 01:18:15,night,Excimer,OK
1633662186,15,94.72508,33.99787,3.9364305,0,2021-10-08 03:03:06,night,CO2,OK
1633720243,57,28.864609,343.75174,0.08512916,0,2021-10-08 19:10:43,day,Fiber,OK
1633730208,54,61.82101,50.501247,5.090457,0,2021-10-08 21:56:48,day,Excimer,OK
1633741470,84,74.447815,37.698822,11.369372,0,2021-10-09 01:04:30,night,Excimer,OK
1633759007,11,69.28802,41.079712,15.792283,0,2021-10-09 05:56:47,night,Nd:YAG,OK
1633761085,26,41.891796,50.199524,11.459335,0,2021-10-09 06:31:25,morning,Nd:YAG,OK
1633768035,59,40.548725,26.857216,10.5228815,0,2021-10-09 08:27:15,morning,Excimer,OK
1633805297,20,9.411747,31.584831,3.2940114,0,2021-10-09 18:48:17,day,CO2,WARNING
1633825796,17,55.14112,65.71613,1.7225841,0,2021-10-10 00:29:56,night,Fiber,OK
1633865083,50,30.81168,52.03037,89.51509,0,2021-10-10 11:24:43,morning,CO2,OK
1633873054,39,20.386,29.95899,12.962073,0,2021-10-10 13:37:34,morning,Excimer,OK
1633879796,49,98.994354,2.7224348,7.2391257,0,2021-10-10 15:29:56,day,Excimer,OK
1633886487,58,29.598928,67.27157,10.828942,0,2021-10-10 17:21:27,day,Diode,OK
1633888101,57,39.15898,41.414413,1.1137145,0,2021-10-10 17:48:21,day,Fiber,OK
1633891480,0,24.42488,81.822014,11.3781185,0,2021-10-10 18:44:40,day,CO2,OK
1633924441,75,32.5731,32.078907,8.74003,0,2021-10-11 03:54:01,night,CO2,OK
1634044411,56,67.06489,28.718035,4.1858215,0,2021-10-12 13:13:31,morning,Nd:YAG,OK
1634050153,25,20.116568,25.622211,6.9474735,0,2021-10-12 14:49:13,day,CO2,OK
1634050451,28,51.128956,3.6932948,9.521079,0,2021-10-12 14:54:11,day,Diode,OK
1634053027,24,53.85888,62.23014,14.062671,0,2021-10-12 15:37:07,day,Excimer,OK
1634067792,97,33.14737,22.82854,19.42716,0,2021-10-12 19:43:12,day,Fiber,OK
1634089904,8,47.01633,60.369003,20.27626,0,2021-10-13 01:51:44,night,Diode,OK
1634156718,40,67.32967,19.338272,2.3053641,0,2021-10-13 20:25:18,day,CO2,OK
1634161581,27,50.95241,40.729813,6.7586985,0,2021-10-13 21:46:21,day,Fiber,OK
1634184122,12,36.392883,82.44325,9.98279,0,2021-10-14 04:02:02,night,Fiber,OK
1634204124,49,35.058586,21.683554,10.5668335,0,2021-10-14 09:35:24,morning,Excimer,OK
1634248609,17,53.123867,390.07666,2.232432,0,2021-10-14 21:56:49,day,Fiber,OK
1634254517,65,45.162197,357.34158,0.027005617,0,2021-10-14 23:35:17,night,CO2,OK
1634341000,31,73.58592,76.729744,2.9923239,0,2021-10-15 23:36:40,night,Nd:YAG,OK
1634346329,11,37.21371,56.130413,7.7163496,0,2021-10-16 01:05:29,night,Nd:YAG,OK
1634351539,31,71.89124,59.204758,0.8864404,0,2021-10-16 02:32:19,night,Nd:YAG,OK
1634405618,17,104.68538,95.09952,8.705662,0,2021-10-16 17:33:38,day,Fiber,WARNING
1634413560,93,33.065475,21.930773,4.5036917,0,2021-10-16 19:46:00,day,Diode,OK
1634422521,66,64.01248,54.796932,13.003237,0,2021-10-16 22:15:21,night,Nd:YAG,OK
1634446718,58,50.928547,49.16326,12.173498,0,2021-10-17 04:58:38,night,Diode,OK
1634451871,50,66.96993,61.52117,13.563733,0,2021-10-17 06:24:31,morning,CO2,OK
1634480650,88,18.801067,77.88638,4.645541,0,2021-10-17 14:24:10,day,Diode,OK
1634489553,73,29.376925,62.516563,1.2662848,0,2021-10-17 16:52:33,day,Diode,OK
1634578216,48,62.564663,2.294463,3.2945492,0,2021-10-18 17:30:16,day,Diode,OK
1634588273,29,55.386578,32.214157,6.683891,0,2021-10-18 20:17:53,day,Excimer,OK
1634594217,55,32.469845,30.769684,11.726149,0,2021-10-18 21:56:57,day,CO2,OK
1634615991,36,19.094425,40.818813,0.72883576,0,2021-10-19 03:59:51,night,Nd:YAG,OK
1634617838,14,31.975554,82.63581,8.863812,0,2021-10-19 04:30:38,night,Excimer,OK
1634630734,99,23.273201,69.923035,6.013041,0,2021-10-19 08:05:34,morning,Excimer,OK
1634648766,69,85.33601,48.046345,3.6608093,0,2021-10-19 13:06:06,morning,Excimer,OK
1634687218,35,64.338165,13.144393,6.7261744,0,2021-10-19 23:46:58,night,CO2,OK
1634741777,52,32.299835,52.092323,1.6770368,0,2021-10-20 14:56:17,day,Fiber,OK
1634766194,86,76.40346,31.077625,9.210626,0,2021-10-20 21:43:14,day,Nd:YAG,OK
1634767416,94,52.63488,37.019524,1.2883867,0,2021-10-20 22:03:36,night,Excimer,OK
1634777944,82,35.117905,39.902214,24.22055,0,2021-10-21 00:59:04,night,Fiber,OK
1634779610,86,34.922356,65.16872,13.364063,0,2021-10-21 01:26:50,night,Nd:YAG,OK
1634878090,28,68.98074,31.954533,14.306825,0,2021-10-22 04:48:10,night,Diode,OK
1634879681,86,16.164501,41.351624,8.484608,0,2021-10-22 05:14:41,night,Nd:YAG,OK
1634885069,57,56.07634,58.76472,10.562405,0,2021-10-22 06:44:29,morning,Fiber,OK
1634897803,33,38.836903,77.556625,5.0659013,0,2021-10-22 10:16:43,morning,Diode,OK
1634917768,34,72.3587,53.678734,12.7381935,0,2021-10-22 15:49:28,day,Excimer,OK
1634939010,45,95.45701,67.11446,5.402062,0,2021-10-22 21:43:30,day,CO2,OK
1634939448,7,86.86496,32.06864,13.408319,0,2021-10-22 21:50:48,day,Fiber,OK
1634941352,76,108.7804,71.68467,5.154781,0,2021-10-22 22:22:32,night,Nd:YAG,WARNING
1634943101,76,73.76658,9.055818,13.801653,0,2021-10-22 22:51:41,night,Nd:YAG,OK
1634946157,2,62.98458,23.451305,6.779315,0,2021-10-22 23:42:37,night,Fiber,OK
1634968177,56,76.460335,16.333729,1.1303769,0,2021-10-23 05:49:37,night,Nd:YAG,OK
1634989932,54,45.20572,62.575085,7.9697976,0,2021-10-23 11:52:12,morning,Excimer,OK
1635053441,32,9.012246,40.096798,14.105066,0,2021-10-24 05:30:41,night,Fiber,WARNING
1635053498,99,76.7494,8.78712,5.226467,0,2021-10-24 05:31:38,night,Excimer,OK
1635090116,23,47.46554,26.513826,5.761236,0,2021-10-24 15:41:56,day,Diode,OK
1635095864,25,15.413894,16.18367,13.697411,0,2021-10-24 17:17:44,day,CO2,OK
1635108506,31,66.764336,41.746246,10.161586,0,2021-10-24 20:48:26,day,Nd:YAG,OK
1635144136,86,6.0724173,33.868343,0.44279534,0,2021-10-25 06:42:16,morning,Nd:YAG,WARNING
1635171098,37,46.359985,7.993692,2.421834,0,2021-10-25 14:11:38,day,Fiber,OK
1635208261,96,64.29005,66.59829,3.5417905,0,2021-10-26 00:31:01,night,Nd:YAG,OK
1635211453,67,82.54564,113.88934,12.996861,0,2021-10-26 01:24:13,night,Fiber,OK
1635218518,62,63.857338,52.439495,9.39953,0,2021-10-26 03:21:58,night,Fiber,OK
1635249550,52,27.644468,72.04147,3.8634098,0,2021-10-26 11:59:10,morning,Fiber,OK
1635255183,82,46.32809,32.975838,8.227938,0,2021-10-26 13:33:03,morning,Fiber,OK
1635285613,44,3.529454,64.03422,9.297418,0,2021-10-26 22:00:13,night,Excimer,WARNING
1635286935,25,18.364689,1.4972473,74.25583,0,2021-10-26 22:22:15,night,CO2,OK
1635296583,82,88.68576,64.67137,8.717973,0,2021-10-27 01:03:03,night,Fiber,OK
1635310970,97,76.959366,43.59723,3.7654607,0,2021-10-27 05:02:50,night,Fiber,OK
1635320361,0,67.6855,53.512863,14.300113,0,2021-10-27 07:39:21,morning,CO2,OK
1635321157,52,25.664272,49.032867,8.191121,0,2021-10-27 07:52:37,morning,Fiber,OK
1635354061,26,33.287834,34.009876,3.8827996,0,2021-10-27 17:01:01,day,Nd:YAG,OK
1635375769,28,60.487354,51.142956,0.13507307,0,2021-10-27 23:02:49,night,Diode,OK
1635383321,22,21.727524,44.010273,117.85244,0,2021-10-28 01:08:41,night,Fiber,OK
1635395965,33,74.89461,53.33141,8.505654,0,2021-10-28 04:39:25,night,Diode,OK
1635423156,31,78.55049,66.4019,82.19095,0,2021-10-28 12:12:36,morning,Nd:YAG,OK
1635451369,52,46.360023,45.05381,2.8566067,0,2021-10-28 20:02:49,day,Fiber,OK
1635471149,57,57.049313,26.815432,29.859112,0,2021-10-29 01:32:29,night,Fiber,OK
1635472739,30,36.44859,70.3744,5.5086017,0,2021-10-29 01:58:59,night,CO2,OK
1635487392,50,42.206627,65.66853,3.137472,0,2021-10-29 06:03:12,morning,CO2,OK
1635503801,27,49.45776,55.552837,0.024772247,0,2021-10-29 10:36:41,morning,Fiber,OK
1635565575,58,60.309074,79.35572,97.60563,0,2021-10-30 03:46:15,night,Diode,OK
1635571960,95,41.251747,51.27644,0.7943397,0,2021-10-30 05:32:40,night,CO2,OK
1635586302,21,25.282072,59.175674,13.0414095,0,2021-10-30 09:31:42,morning,Nd:YAG,OK
1635591126,8,40.855114,13.505139,25.048735,0,2021-10-30 10:52:06,morning,Diode,OK
1635602724,76,36.367325,61.542015,5.670666,0,2021-10-30 14:05:24,day,Nd:YAG,OK
1635610568,25,24.906063,255.78087,4.127595,0,2021-10-30 16:16:08,day,CO2,OK
1635668022,73,348.52695,46.765205,2.26533,0,2021-10-31 08:13:42,morning,Diode,WARNING
1635675041,82,23.189648,19.041658,14.027129,0,2021-10-31 10:10:41,morning,Fiber,OK
1635688459,5,56.883198,1.4822834,10.389549,0,2021-10-31 13:54:19,morning,CO2,OK
1635693102,3,86.219696,35.542763,5.7850823,0,2021-10-31 15:11:42,day,Diode,OK
1635711311,32,60.892418,53.741817,4.2241993,0,2021-10-31 20:15:11,day,Fiber,OK
1635716955,10,99.811226,71.342094,6.794267,0,2021-10-31 21:49:15,day,CO2,OK
1635717128,46,36.064762,63.221584,8.242108,0,2021-10-31 21:52:08,day,Nd:YAG,OK
1635729423,63,10.257352,46.299023,0.25806096,0,2021-11-01 01:17:03,night,Diode,WARNING
1635786489,83,54.66263,65.58314,27.802893,0,2021-11-01 17:08:09,day,Diode,OK
1635793007,24,34.519173,56.29492,74.18,0,2021-11-01 18:56:47,day,Excimer,OK
1635793322,95,38.341263,74.63874,2.825013,0,2021-11-01 19:02:02,day,CO2,OK
1635821701,66,27.540874,39.064518,4.6117053,0,2021-11-02 02:55:01,night,Nd:YAG,OK
1635851134,37,49.343315,77.91222,7.7409277,0,2021-11-02 11:05:34,morning,Fiber,OK
1635851735,20,0.13664539,45.374252,14.017411,0,2021-11-02 11:15:35,morning,CO2,WARNING
1635923362,64,40.185726,106.08065,9.660404,0,2021-11-03 07:09:22,morning,Excimer,OK
1635941041,97,38.91468,70.72067,1.918745,0,2021-11-03 12:04:01,morning,Fiber,OK
1635953850,97,35.04289,51.60192,9.1243725,0,2021-11-03 15:37:30,day,Fiber,OK
1635953960,69,1.026422,93.19527,3.632437,0,2021-11-03 15:39:20,day,Excimer,WARNING
1635961128,36,83.78453,8.772668,3.2098687,0,2021-11-03 17:38:48,day,Nd:YAG,OK
1635961960,27,30.5488,59.33432,4.1345263,0,2021-11-03 17:52:40,day,Fiber,OK
1635962488,33,74.06293,27.563633,3.5945787,0,2021-11-03 18:01:28,day,Diode,OK
1635986066,79,57.18274,22.97342,6.5560203,0,2021-11-04 00:34:26,night,Excimer,OK
1635999756,41,91.95106,67.27802,7.614924,0,2021-11-04 04:22:36,night,Nd:YAG,OK
1636025231,4,13.777866,42.82873,1.928932,0,2021-11-04 11:27:11,morning,Excimer,OK
1636026686,21,107.289856,100.18822,5.301644,0,2021-11-04 11:51:26,morning,Nd:YAG,WARNING
1636078619,46,54.336937,51.458298,20.972885,0,2021-11-05 02:16:59,night,Nd:YAG,OK
1636091114,49,47.897663,102.45888,7.9906144,0,2021-11-05 05:45:14,night,Excimer,OK
1636099096,39,36.21811,64.71,12.314148,0,2021-11-05 07:58:16,morning,Excimer,OK
1636102458,75,420.3452,69.94914,6.908873,0,2021-11-05 08:54:18,morning,CO2,WARNING
1636132554,97,27.54085,49.806366,1.4768875,0,2021-11-05 17:15:54,day,Fiber,OK
1636143011,99,88.42372,51.249172,6.6865654,0,2021-11-05 20:10:11,day,Excimer,OK
1636164008,98,50.369473,89.29288,13.086665,0,2021-11-06 02:00:08,night,Diode,OK
1636171814,69,26.748873,95.24055,12.911884,0,2021-11-06 04:10:14,night,Excimer,OK
1636171926,54,32.889465,32.370438,16.334541,0,2021-11-06 04:12:06,night,Excimer,OK
1636186029,25,64.78667,71.75504,13.2803955,0,2021-11-06 08:07:09,morning,CO2,OK
1636204102,29,82.16073,50.39097,3.5613856,0,2021-11-06 13:08:22,morning,Excimer,OK
1636204550,87,60.459824,56.781067,8.509015,0,2021-11-06 13:15:50,morning,Fiber,OK
1636208642,30,56.902233,79.26496,10.269033,0,2021-11-06 14:24:02,day,CO2,OK
1636231063,50,9.320438,52.4074,13.276455,0,2021-11-06 20:37:43,day,CO2,WARNING
1636239394,6,31.538462,73.66676,111.18584,0,2021-11-06 22:56:34,night,Nd:YAG,OK
1636242084,23,75.605865,53.69724,117.4878,0,2021-11-06 23:41:24,night,Diode,OK
1636242883,57,64.15794,55.61792,5.177506,0,2021-11-06 23:54:43,night,Fiber,OK
1636255144,61,51.865704,53.7772,116.45277,0,2021-11-07 03:19:04,night,Nd:YAG,OK
1636275912,17,41.726982,51.654446,6.654072,0,2021-11-07 09:05:12,morning,Fiber,OK
1636285281,40,82.69023,50.575733,6.061296,0,2021-11-07 11:41:21,morning,CO2,OK
1636292324,8,42.501526,58.21418,13.526935,0,2021-11-07 13:38:44,morning,Diode,OK
1636317786,2,52.706635,12.815173,1.2565354,0,2021-11-07 20:43:06,day,Fiber,OK
1636325978,66,29.686878,69.91122,0.2460198,0,2021-11-07 22:59:38,night,Nd:YAG,OK
1636333581,76,82.746544,44.951237,3.164375,0,2021-11-08 01:06:21,night,Nd:YAG,OK
1636337617,55,83.74576,66.53691,0.2688408,0,2021-11-08 02:13:37,night,CO2,OK
1636352408,67,109.3428,72.5598,1.4223659,0,2021-11-08 06:20:08,morning,Fiber,WARNING
1636378650,45,74.346886,53.374245,11.546251,0,2021-11-08 13:37:30,morning,CO2,OK
1636397715,21,5.0874896,43.093616,0.25184715,0,2021-11-08 18:55:15,day,Nd:YAG,WARNING
1636401846,13,80.274765,33.527256,8.598397,0,2021-11-08 20:04:06,day,Diode,OK
1636447345,75,43.570972,29.518927,1.2254146,0,2021-11-09 08:42:25,morning,CO2,OK
1636478162,49,82.3103,63.251705,4.4222937,0,2021-11-09 17:16:02,day,Excimer,OK
1636520641,37,26.720144,32.107594,13.660906,0,2021-11-10 05:04:01,night,Fiber,OK
1636536612,43,45.054867,6.569434,7.892954,0,2021-11-10 09:30:12,morning,Diode,OK
1636564214,7,77.50784,30.727474,6.920952,0,2021-11-10 17:10:14,day,Fiber,OK
1636565125,47,50.95776,111.43569,2.9146783,0,2021-11-10 17:25:25,day,Fiber,OK
1636586307,49,82.60078,85.79576,136.00035,0,2021-11-10 23:18:27,night,Excimer,OK
1636586360,36,78.932594,62.64892,8.812812,0,2021-11-10 23:19:20,night,Nd:YAG,OK
1636614330,2,39.81571,34.682117,20.509878,0,2021-11-11 07:05:30,morning,Fiber,OK
1636617655,63,41.934143,95.78545,7.717815,0,2021-11-11 08:00:55,morning,Diode,OK
1636622182,40,37.742092,47.85728,9.058463,0,2021-11-11 09:16:22,morning,CO2,OK
1636636585,91,59.766323,3.61336,18.849407,0,2021-11-11 13:16:25,morning,Nd:YAG,OK
1636659530,43,56.54311,43.942375,6.1473927,0,2021-11-11 19:38:50,day,Diode,OK
1636693143,92,82.5841,9.73444,6.1051297,0,2021-11-12 04:59:03,night,Fiber,OK
1636716219,39,55.7149,101.67527,8.966927,0,2021-11-12 11:23:39,morning,Excimer,OK
1636722468,13,61.702293,59.85524,10.834911,0,2021-11-12 13:07:48,morning,Diode,OK
1636759654,89,10.67502,28.844212,6.380149,0,2021-11-12 23:27:34,night,Excimer,WARNING
1636775739,88,43.895943,0.30064204,1.4889569,0,2021-11-13 03:55:39,night,Diode,OK
1636790388,20,71.4021,27.840515,4.2986526,0,2021-11-13 07:59:48,morning,CO2,OK
1636847469,36,112.41639,20.203386,115.280396,0,2021-11-13 23:51:09,night,Nd:YAG,WARNING
1636857872,2,50.71949,113.284676,17.326817,0,2021-11-14 02:44:32,night,Fiber,OK
1636863784,17,18.057827,62.146355,3.550391,0,2021-11-14 04:23:04,night,Fiber,OK
1636884779,95,14.026815,22.109074,6.009576,0,2021-11-14 10:12:59,morning,CO2,OK
1636887393,19,77.3734,74.18411,5.9068227,0,2021-11-14 10:56:33,morning,Excimer,OK
1636890442,64,63.509937,27.722515,2.634154,0,2021-11-14 11:47:22,morning,Excimer,OK
1636892171,27,40.41426,39.80745,1.8727367,0,2021-11-14 12:16:11,morning,Fiber,OK
1636899826,0,46.482914,66.099976,21.778992,0,2021-11-14 14:23:46,day,CO2,OK
1636901760,14,8.912195,325.72852,0.7363042,0,2021-11-14 14:56:00,day,Excimer,WARNING
1636925275,86,42.64987,40.96414,5.0426884,0,2021-11-14 21:27:55,day,Nd:YAG,OK
1636935984,50,81.32201,75.39435,6.475436,0,2021-11-15 00:26:24,night,CO2,OK
1636939223,98,54.533154,91.924164,11.764918,0,2021-11-15 01:20:23,night,Diode,OK
1636939846,15,20.79456,18.12904,5.015655,0,2021-11-15 01:30:46,night,CO2,OK
1636945738,9,52.411198,72.4723,10.452076,0,2021-11-15 03:08:58,night,Excimer,OK
1636960840,7,50.440887,24.915792,11.678705,0,2021-11-15 07:20:40,morning,Fiber,OK
1636965494,19,22.153004,64.67747,1.0555844,0,2021-11-15 08:38:14,morning,Excimer,OK
1636984419,35,70.98164,33.528786,72.635735,0,2021-11-15 13:53:39,morning,CO2,OK
1636990069,77,67.56142,65.350365,17.807795,0,2021-11-15 15:27:49,day,Fiber,OK
1636991804,68,57.292885,10.910168,19.29818,0,2021-11-15 15:56:44,day,Diode,OK
1637009418,23,86.67062,48.659576,13.239232,0,2021-11-15 20:50:18,day,Diode,OK
1637064736,92,45.6983,23.661423,10.527136,0,2021-11-16 12:12:16,morning,Fiber,OK
1637118349,24,36.34171,83.406525,1.2108289,0,2021-11-17 03:05:49,night,Excimer,OK
1637153321,59,47.432537,20.230322,3.223969,0,2021-11-17 12:48:41,morning,Excimer,OK
1637168309,22,63.304207,41.629574,6.834333,0,2021-11-17 16:58:29,day,Fiber,OK
1637183318,79,32.105747,78.38945,12.104427,0,2021-11-17 21:08:38,day,Excimer,OK
1637188325,80,126.63897,52.703182,0.21739097,0,2021-11-17 22:32:05,night,CO2,WARNING
1637201315,77,91.19035,24.299644,0.7445952,0,2021-11-18 02:08:35,night,Fiber,OK
1637223175,72,52.515198,54.046776,11.636273,0,2021-11-18 08:12:55,morning,Fiber,OK
1637223359,58,16.451927,57.376244,0.14880921,0,2021-11-18 08:15:59,morning,Diode,OK
1637224968,94,6.4789286,51.873924,2.2873619,0,2021-11-18 08:42:48,morning,Excimer,WARNING
1637232764,25,61.077377,64.59772,24.266365,0,2021-11-18 10:52:44,morning,CO2,OK
1637243406,44,32.733242,23.977058,2.2520428,0,2021-11-18 13:50:06,morning,Excimer,OK
1637267578,31,37.818184,34.425587,0.8466805,0,2021-11-18 20:32:58,day,Nd:YAG,OK
1637278887,15,294.58386,240.83572,2.4560091,0,2021-11-18 23:41:27,night,CO2,WARNING
1637290630,53,52.54174,73.36982,8.37586,0,2021-11-19 02:57:10,night,Diode,ERROR
1637338856,98,69.17736,52.14874,2.4498158,0,2021-11-19 16:20:56,day,Diode,OK
1637343749,63,15.381226,70.90305,0.09572216,0,2021-11-19 17:42:29,day,Diode,OK
1637361262,16,42.117725,47.786263,4.3637915,0,2021-11-19 22:34:22,night,Nd:YAG,OK
1637383333,46,45.29076,42.789062,1.8500564,0,2021-11-20 04:42:13,night,Nd:YAG,OK
1637405836,67,70.581406,79.81142,4.224841,0,2021-11-20 10:57:16,morning,Fiber,OK
1637408442,45,86.79485,60.90795,4.1101155,0,2021-11-20 11:40:42,morning,CO2,OK
1637425167,34,62.280014,36.017857,7.9639125,0,2021-11-20 16:19:27,day,Excimer,OK
1637431991,23,26.068438,39.17706,5.852391,0,2021-11-20 18:13:11,day,Diode,OK
1637432370,60,90.023796,47.796993,6.784934,0,2021-11-20 18:19:30,day,CO2,OK
1637440833,44,99.33368,62.84092,22.752361,0,2021-11-20 20:40:33,day,Excimer,OK
1637450947,1,29.050852,60.13024,4.0160637,0,2021-11-20 23:29:07,night,Nd:YAG,OK
1637467168,30,2.8956769,11.30891,10.70119,0,2021-11-21 03:59:28,night,CO2,WARNING
1637471323,78,56.986862,63.892086,3.7851353,0,2021-11-21 05:08:43,night,Diode,OK
1637482211,18,73.04366,10.020242,3.6039155,0,2021-11-21 08:10:11,morning,Diode,OK
1637483342,33,43.71428,57.193687,2.0654724,0,2021-11-21 08:29:02,morning,Diode,OK
1637500874,80,21.184544,52.892162,1.8794035,0,2021-11-21 13:21:14,morning,CO2,OK
1637502345,31,61.817455,39.54103,3.2421618,0,2021-11-21 13:45:45,morning,Nd:YAG,OK
1637540309,90,22.51429,64.01571,4.2482104,0,2021-11-22 00:18:29,night,CO2,OK
1637541423,91,39.664352,72.2807,16.705538,0,2021-11-22 00:37:03,night,Nd:YAG,OK
1637552618,40,23.402481,74.001564,6.569364,0,2021-11-22 03:43:38,night,CO2,OK
1637570809,30,59.732693,55.492264,7.764686,0,2021-11-22 08:46:49,morning,CO2,OK
1637577362,28,15.919345,30.249977,13.758173,0,2021-11-22 10:36:02,morning,Diode,OK
1637597590,17,36.557053,60.689156,5.8950872,0,2021-11-22 16:13:10,day,Fiber,OK
1637625657,57,62.157906,70.241806,18.53907,0,2021-11-23 00:00:57,night,Fiber,OK
1637651968,82,62.14023,61.492027,17.185808,0,2021-11-23 07:19:28,morning,Fiber,OK
1637654951,6,8.800892,64.44579,9.403508,0,2021-11-23 08:09:11,morning,Nd:YAG,WARNING
1637660850,80,17.432692,50.120857,145.056,0,2021-11-23 09:47:30,morning,CO2,OK
1637666144,37,83.76936,73.77478,5.49603,0,2021-11-23 11:15:44,morning,Fiber,OK
1637692569,51,78.82701,42.581127,3.753971,0,2021-11-23 18:36:09,day,Nd:YAG,OK
1637693247,29,35.511402,97.62356,0.5678565,0,2021-11-23 18:47:27,day,Excimer,OK
1637726018,0,20.91671,58.87156,2.5802593,0,2021-11-24 03:53:38,night,CO2,OK
1637736345,85,7.5112696,32.598442,0.7305721,0,2021-11-24 06:45:45,morning,CO2,WARNING
1637738585,98,58.73287,3.795331,2.2761064,0,2021-11-24 07:23:05,morning,Diode,OK
1637745415,41,13.197832,45.576603,13.580602,0,2021-11-24 09:16:55,morning,Nd:YAG,OK
1637750380,89,316.58838,90.93372,4.8550286,0,2021-11-24 10:39:40,morning,Excimer,WARNING
1637758033,85,88.34909,75.91795,2.2156234,0,2021-11-24 12:47:13,morning,CO2,OK
1637760151,54,72.67924,14.558107,21.412758,0,2021-11-24 13:22:31,morning,Excimer,OK
1637782218,88,29.393276,83.02909,11.01012,0,2021-11-24 19:30:18,day,Diode,OK
1637825084,67,74.40932,25.027061,10.9846735,0,2021-11-25 07:24:44,morning,Fiber,OK
1637861186,16,62.40528,52.660797,11.075305,0,2021-11-25 17:26:26,day,Nd:YAG,OK
1637872669,61,44.446854,24.62109,16.908142,0,2021-11-25 20:37:49,day,Nd:YAG,OK
1637902639,39,39.48443,51.99939,4.996286,0,2021-11-26 04:57:19,night,Excimer,OK
1637909141,32,34.600044,7.3540792,10.809593,0,2021-11-26 06:45:41,morning,Fiber,OK
1637923260,32,87.276596,63.482307,19.622143,0,2021-11-26 10:41:00,morning,Fiber,OK
1637947804,12,54.202793,14.522595,8.103768,0,2021-11-26 17:30:04,day,Fiber,OK
1637963451,11,71.22366,46.32286,4.507839,0,2021-11-26 21:50:51,day,Nd:YAG,OK
1637972565,97,82.75858,29.873777,1.084077,0,2021-11-27 00:22:45,night,Fiber,OK
1637981411,81,85.58229,32.808575,6.8639364,0,2021-11-27 02:50:11,night,Nd:YAG,OK
1638003618,65,55.29429,31.36287,10.710436,0,2021-11-27 09:00:18,morning,CO2,OK
1638005508,66,342.5548,84.98475,6.2137847,0,2021-11-27 09:31:48,morning,Nd:YAG,WARNING
1638009235,6,61.694122,32.129772,3.5440285,0,2021-11-27 10:33:55,morning,Nd:YAG,OK
1638016638,84,83.88187,26.040981,5.0123043,0,2021-11-27 12:37:18,morning,Excimer,OK
1638037252,9,48.28264,62.714546,9.252366,0,2021-11-27 18:20:52,day,Excimer,OK
1638039949,87,66.61463,61.412865,6.488146,0,2021-11-27 19:05:49,day,Fiber,OK
1638045343,2,22.052969,98.87652,6.002559,0,2021-11-27 20:35:43,day,Fiber,OK
1638139129,19,57.384453,73.09709,21.294321,0,2021-11-28 22:38:49,night,Excimer,OK
1638144541,90,36.86773,39.91235,13.330562,0,2021-11-29 00:09:01,night,CO2,OK
1638165974,35,61.084522,62.40436,18.54133,0,2021-11-29 06:06:14,morning,CO2,OK
1638186253,65,39.210865,15.102872,30.21066,0,2021-11-29 11:44:13,morning,CO2,OK
1638191544,45,40.74864,44.064854,5.8640127,0,2021-11-29 13:12:24,morning,CO2,OK
1638195591,83,81.89345,70.84235,15.893035,0,2021-11-29 14:19:51,day,Diode,OK
1638206088,9,49.349762,58.600704,10.387811,0,2021-11-29 17:14:48,day,Excimer,OK
1638215825,0,77.58052,53.06276,9.2996855,0,2021-11-29 19:57:05,day,CO2,OK
1638215847,58,66.95793,68.97009,3.8639717,0,2021-11-29 19:57:27,day,Diode,OK
1638265472,8,88.915146,45.092358,113.824005,0,2021-11-30 09:44:32,morning,Diode,OK
1638281449,32,46.035618,91.95066,16.877022,0,2021-11-30 14:10:49,day,Fiber,OK
1638290901,45,51.651108,48.910587,5.311703,0,2021-11-30 16:48:21,day,CO2,OK
1638295022,6,87.96664,94.17976,25.956327,0,2021-11-30 17:57:02,day,Nd:YAG,OK
1638310015,70,58.25531,63.051292,1.943772,0,2021-11-30 22:06:55,night,CO2,OK
1638358464,19,55.922012,50.421154,9.227116,0,2021-12-01 11:34:24,morning,Excimer,OK
1638359361,15,75.94962,56.552658,2.0179102,0,2021-12-01 11:49:21,morning,CO2,OK
1638383235,19,116.27652,60.13006,14.804101,0,2021-12-01 18:27:15,day,Excimer,WARNING
1638398352,44,23.088572,76.90491,2.1138992,0,2021-12-01 22:39:12,night,Excimer,OK
1638405230,92,18.567537,0.5715505,9.693427,0,2021-12-02 00:33:50,night,Fiber,OK
1638409222,47,46.97357,94.252945,7.575926,0,2021-12-02 01:40:22,night,Fiber,OK
1638436568,17,59.527287,43.437687,9.095381,0,2021-12-02 09:16:08,morning,Fiber,OK
1638467311,40,38.067738,35.64023,6.7795935,0,2021-12-02 17:48:31,day,CO2,OK
1638478209,86,59.983055,74.32002,5.7115684,0,2021-12-02 20:50:09,day,Nd:YAG,OK
1638483060,13,1.4299628,68.269936,2.1862404,0,2021-12-02 22:11:00,night,Diode,WARNING
1638491275,79,68.32719,0.43063855,3.6524165,0,2021-12-03 00:27:55,night,Excimer,OK
1638493904,86,51.074265,68.17844,3.4368684,0,2021-12-03 01:11:44,night,Nd:YAG,OK
1638515170,82,68.60005,23.955763,9.91205,0,2021-12-03 07:06:10,morning,Fiber,OK
1638515209,15,71.99709,77.06469,3.5228698,0,2021-12-03 07:06:49,morning,CO2,OK
1638515725,18,30.547821,73.6815,4.042601,0,2021-12-03 07:15:25,morning,Diode,OK
1638527915,84,73.52821,50.291794,120.362,0,2021-12-03 10:38:35,morning,Excimer,OK
1638532717,99,67.80022,36.517086,5.1235714,0,2021-12-03 11:58:37,morning,Excimer,OK
1638540135,59,0.39222726,53.1512,10.767562,0,2021-12-03 14:02:15,day,Excimer,WARNING
1638548166,45,16.953161,28.143745,4.5690107,0,2021-12-03 16:16:06,day,CO2,OK
1638557222,96,48.294216,39.990566,4.342828,0,2021-12-03 18:47:02,day,Nd:YAG,OK
1638568844,43,25.621841,52.059917,19.637413,0,2021-12-03 22:00:44,night,Diode,OK
1638575546,36,30.67547,22.587294,7.4891634,0,2021-12-03 23:52:26,night,Nd:YAG,OK
1638584181,30,80.712,12.206258,5.510441,0,2021-12-04 02:16:21,night,CO2,OK
1638624630,91,34.34748,62.61891,20.344421,0,2021-12-04 13:30:30,morning,Nd:YAG,OK
1638652069,4,52.835308,62.732895,7.155912,0,2021-12-04 21:07:49,day,Excimer,OK
1638672914,78,93.68253,54.62331,5.926506,0,2021-12-05 02:55:14,night,Diode,OK
1638685361,47,25.17725,42.43998,3.6789153,0,2021-12-05 06:22:41,morning,Fiber,OK
1638726504,10,23.924734,42.448612,12.647449,0,2021-12-05 17:48:24,day,CO2,OK
1638754527,86,35.251675,89.52755,2.6954417,0,2021-12-06 01:35:27,night,Nd:YAG,OK
1638767424,13,45.609898,73.826775,2.1041355,0,2021-12-06 05:10:24,night,Diode,OK
1638803052,76,31.896664,79.505455,15.471047,0,2021-12-06 15:04:12,day,Nd:YAG,OK
1638811093,21,81.80825,69.73705,2.65473,0,2021-12-06 17:18:13,day,Nd:YAG,OK
1638825704,72,108.22731,27.330399,4.707902,0,2021-12-06 21:21:44,day,Fiber,WARNING
1638839092,3,56.26592,74.691345,15.366876,0,2021-12-07 01:04:52,night,Diode,OK
1638844794,90,17.721163,28.00873,2.4720018,0,2021-12-07 02:39:54,night,CO2,OK
1638847619,8,13.450062,39.413563,2.4309514,0,2021-12-07 03:26:59,night,Diode,OK
1638853608,94,21.27525,37.19886,5.293277,0,2021-12-07 05:06:48,night,Excimer,OK
1638858382,81,56.49307,410.4444,8.090785,0,2021-12-07 06:26:22,morning,Nd:YAG,OK
1638864228,99,35.881012,89.76903,7.6301723,0,2021-12-07 08:03:48,morning,Excimer,OK
1638865792,86,59.408756,68.66395,16.214548,0,2021-12-07 08:29:52,morning,Nd:YAG,OK
1638893443,3,66.382065,56.709812,2.1286771,0,2021-12-07 16:10:43,day,Diode,OK
1638908266,14,58.60845,66.70983,9.158711,0,2021-12-07 20:17:46,day,Excimer,OK
1638922091,97,36.490807,62.11313,22.938692,0,2021-12-08 00:08:11,night,Fiber,OK
1638924588,93,40.198357,49.494457,2.7333581,0,2021-12-08 00:49:48,night,Diode,OK
1638926639,70,88.15194,77.18004,22.021873,0,2021-12-08 01:23:59,night,CO2,OK
1638935661,43,19.727133,56.92626,7.8607464,0,2021-12-08 03:54:21,night,Diode,OK
1638944232,29,9.9220915,18.467184,9.053669,0,2021-12-08 06:17:12,morning,Excimer,WARNING
1639028550,92,45.047646,49.420734,22.753107,0,2021-12-09 05:42:30,night,Fiber,OK
1639033433,75,36.340073,49.31313,0.8039923,0,2021-12-09 07:03:53,morning,CO2,OK
1639065574,22,0.7686916,31.914526,1.7176269,0,2021-12-09 15:59:34,day,Fiber,WARNING
1639087402,40,110.84972,45.834904,1.4020989,0,2021-12-09 22:03:22,night,CO2,WARNING
1639135351,52,66.33542,431.0624,3.0928729,0,2021-12-10 11:22:31,morning,Fiber,OK
1639140203,77,72.082756,20.486696,2.2479124,0,2021-12-10 12:43:23,morning,Fiber,OK
1639144552,39,80.50145,48.157772,19.441809,0,2021-12-10 13:55:52,morning,Excimer,OK
1639164960,47,63.894535,65.99854,28.484573,0,2021-12-10 19:36:00,day,Fiber,OK
1639189687,99,54.2044,66.325195,4.547546,0,2021-12-11 02:28:07,night,Excimer,OK
1639191908,22,69.61926,48.694668,19.979115,0,2021-12-11 03:05:08,night,Fiber,OK
1639201924,65,37.37251,52.688633,0.06202115,0,2021-12-11 05:52:04,night,CO2,OK
1639220071,96,55.138065,2.2830834,15.173975,0,2021-12-11 10:54:31,morning,Nd:YAG,OK
1639229793,86,72.38385,55.443947,0.7235973,0,2021-12-11 13:36:33,morning,Nd:YAG,OK
1639237249,95,45.234352,42.943703,7.7180924,0,2021-12-11 15:40:49,day,CO2,OK
1639274297,5,2.1312766,100.045876,0.13509516,0,2021-12-12 01:58:17,night,CO2,WARNING
1639275270,92,7.2305446,106.424446,1.8929956,0,2021-12-12 02:14:30,night,Fiber,WARNING
1639315287,12,61.973724,61.607697,5.0820255,0,2021-12-12 13:21:27,morning,Fiber,ERROR
1639333153,82,122.434845,93.67246,8.785019,0,2021-12-12 18:19:13,day,Fiber,WARNING
1639336334,94,68.8406,56.55924,20.74796,0,2021-12-12 19:12:14,day,Excimer,OK
1639336821,43,79.59645,47.043934,10.577499,0,2021-12-12 19:20:21,day,Diode,OK
1639397685,68,49.17486,431.61813,6.6269274,0,2021-12-13 12:14:45,morning,Diode,OK
1639401240,7,77.02102,29.190603,3.636192,0,2021-12-13 13:14:00,morning,Fiber,OK
1639405900,10,85.05071,55.326813,8.03181,0,2021-12-13 14:31:40,day,CO2,OK
1639423383,43,6.1771293,68.91102,8.999321,0,2021-12-13 19:23:03,day,Diode,WARNING
1639428019,57,47.65685,54.794277,15.263722,0,2021-12-13 20:40:19,day,Fiber,OK
1639461574,64,39.93766,27.03399,72.151985,0,2021-12-14 05:59:34,night,Excimer,OK
1639470102,29,81.85526,17.210197,2.41954,0,2021-12-14 08:21:42,morning,Excimer,OK
1639474161,90,27.288158,32.111492,9.985316,0,2021-12-14 09:29:21,morning,CO2,OK
1639495037,95,10.953222,246.0802,123.65697,0,2021-12-14 15:17:17,day,CO2,OK
1639502612,11,93.62014,76.42205,6.5225754,0,2021-12-14 17:23:32,day,Nd:YAG,OK
1639510437,55,27.33831,30.866907,6.422568,0,2021-12-14 19:33:57,day,CO2,OK
1639562116,55,27.920704,90.741234,12.199871,0,2021-12-15 09:55:16,morning,CO2,OK
1639579435,17,49.15805,42.65093,17.872604,0,2021-12-15 14:43:55,day,Fiber,OK
1639600887,87,12.724013,26.075758,8.975518,0,2021-12-15 20:41:27,day,Fiber,OK
1639670397,9,410.89496,11.407222,0.94447356,0,2021-12-16 15:59:57,day,Excimer,WARNING
1639673914,90,58.440636,63.144466,4.795254,0,2021-12-16 16:58:34,day,CO2,OK
1639687235,15,31.384167,47.352505,11.487968,0,2021-12-16 20:40:35,day,CO2,OK
1639687307,45,24.27593,33.320217,13.445622,0,2021-12-16 20:41:47,day,CO2,OK
1639691494,12,49.097195,27.170921,16.721655,0,2021-12-16 21:51:34,day,Fiber,OK
1639693304,35,47.369392,31.744467,2.8019185,0,2021-12-16 22:21:44,night,CO2,OK
1639694921,87,48.095898,86.34325,1.6314379,0,2021-12-16 22:48:41,night,Fiber,OK
1639696959,59,58.381336,230.31183,6.1871467,0,2021-12-16 23:22:39,night,Excimer,OK
1639701948,48,28.796913,40.84854,2.0021384,0,2021-12-17 00:45:48,night,Diode,OK
1639734453,97,8.684001,38.06205,0.16200742,0,2021-12-17 09:47:33,morning,Fiber,WARNING
1639734484,48,6.6085987,33.067398,7.249029,0,2021-12-17 09:48:04,morning,Diode,WARNING
1639738161,17,47.653008,53.299343,4.558418,0,2021-12-17 10:49:21,morning,Fiber,OK
1639748725,81,37.000862,121.23065,0.06209768,0,2021-12-17 13:45:25,morning,Nd:YAG,OK
1639769062,31,34.39768,49.4398,7.2075973,0,2021-12-17 19:24:22,day,Nd:YAG,OK
1639780204,21,52.22404,69.8864,4.2108865,0,2021-12-17 22:30:04,night,Nd:YAG,OK
1639809539,47,85.975334,36.329964,0.796395,0,2021-12-18 06:38:59,morning,Fiber,OK
1639812269,82,15.606228,56.541496,4.0104165,0,2021-12-18 07:24:29,morning,Fiber,OK
1639817099,98,96.17454,369.33664,14.755385,0,2021-12-18 08:44:59,morning,Diode,OK
1639837157,35,35.78154,1.4527694,2.9754303,0,2021-12-18 14:19:17,day,CO2,OK
1639839608,42,79.55962,49.842052,14.903936,0,2021-12-18 15:00:08,day,Fiber,OK
1639849910,24,73.659,3.63339,3.2053914,0,2021-12-18 17:51:50,day,Excimer,OK
1639860089,2,64.19111,63.626205,10.808472,0,2021-12-18 20:41:29,day,Fiber,OK
1639863028,58,60.39774,4.3040805,5.9828215,0,2021-12-18 21:30:28,day,Diode,OK
1639905816,96,80.32549,40.77418,7.5973706,0,2021-12-19 09:23:36,morning,Nd:YAG,OK
1639925034,98,78.66819,74.56197,10.078119,0,2021-12-19 14:43:54,day,Diode,OK
1639926913,41,60.21967,47.760674,0.051688835,0,2021-12-19 15:15:13,day,Nd:YAG,OK
1639952812,92,46.51758,38.627228,10.91097,0,2021-12-19 22:26:52,night,Fiber,OK
1639957603,53,65.50415,42.166275,2.4916298,0,2021-12-19 23:46:43,night,Diode,OK
1639961240,27,46.66849,80.05379,14.525346,0,2021-12-20 00:47:20,night,Fiber,OK
1640016039,30,11.345687,7.9816656,2.8615203,0,2021-12-20 16:00:39,day,CO2,OK
1640033669,82,38.717846,79.173996,3.0189562,0,2021-12-20 20:54:29,day,Fiber,OK
1640090585,91,49.719036,40.364857,7.328833,0,2021-12-21 12:43:05,morning,Nd:YAG,OK
1640103120,40,20.306255,78.19349,22.025007,0,2021-12-21 16:12:00,day,CO2,OK
1640118304,55,57.8436,63.98477,12.936529,0,2021-12-21 20:25:04,day,CO2,OK
1640119885,8,34.986977,43.527843,5.281157,0,2021-12-21 20:51:25,day,Diode,OK
1640140183,62,52.525913,94.74304,6.0350084,0,2021-12-22 02:29:43,night,Fiber,OK
1640156558,24,27.50389,73.07609,4.0927896,0,2021-12-22 07:02:38,morning,Excimer,OK
1640162256,67,11.944187,65.7388,5.8042784,0,2021-12-22 08:37:36,morning,Fiber,OK
1640192233,95,70.218956,65.86893,15.3161335,0,2021-12-22 16:57:13,day,CO2,OK
1640206477,6,72.00644,53.130863,8.149458,0,2021-12-22 20:54:37,day,Nd:YAG,OK
1640212032,13,47.32322,43.031055,17.873697,0,2021-12-22 22:27:12,night,Diode,OK
1640228902,77,70.0434,70.06595,2.3717484,0,2021-12-23 03:08:22,night,Fiber,OK
1640230717,11,48.037445,77.66136,5.471515,0,2021-12-23 03:38:37,night,Nd:YAG,OK
1640237406,38,49.820976,94.12005,4.2773814,0,2021-12-23 05:30:06,night,Diode,OK
1640244041,65,76.60733,49.01306,9.258962,0,2021-12-23 07:20:41,morning,CO2,OK
1640328067,16,29.987925,5.417179,14.456112,0,2021-12-24 06:41:07,morning,Nd:YAG,OK
1640341794,10,81.46343,47.33547,1.9055579,0,2021-12-24 10:29:54,morning,CO2,OK
1640352253,75,32.754772,62.08618,2.4835577,0,2021-12-24 13:24:13,morning,CO2,OK
1640360233,86,80.47921,14.294302,8.53812,0,2021-12-24 15:37:13,day,Nd:YAG,OK
1640367169,47,73.35536,45.01168,14.463349,0,2021-12-24 17:32:49,day,Fiber,OK
1640427240,44,27.84395,24.019188,6.8642254,0,2021-12-25 10:14:00,morning,Excimer,OK
1640439359,82,224.11967,3.2188122,23.216164,0,2021-12-25 13:35:59,morning,Fiber,WARNING
1640443019,94,101.66073,45.15978,15.911185,0,2021-12-25 14:36:59,day,Excimer,WARNING
1640452369,32,51.425793,73.0321,0.92378503,0,2021-12-25 17:12:49,day,Fiber,OK
1640460710,74,53.791744,22.375656,9.142109,0,2021-12-25 19:31:50,day,Excimer,OK
1640521738,51,55.91492,65.9175,5.3745375,0,2021-12-26 12:28:58,morning,Nd:YAG,OK
1640526689,73,67.39849,52.96631,10.377901,0,2021-12-26 13:51:29,morning,Diode,OK
1640544395,1,41.132645,39.24461,0.17757516,0,2021-12-26 18:46:35,day,Nd:YAG,OK
1640551125,91,44.984055,92.82221,7.2182655,0,2021-12-26 20:38:45,day,Nd:YAG,OK
1640572589,62,59.227695,63.83389,5.7770667,0,2021-12-27 02:36:29,night,Fiber,OK
1640587059,27,7.2693386,82.00869,11.248448,0,2021-12-27 06:37:39,morning,Fiber,WARNING
1640610879,6,132.09883,66.892914,76.10635,0,2021-12-27 13:14:39,morning,Nd:YAG,WARNING
1640655193,25,53.42734,69.345215,3.6521673,0,2021-12-28 01:33:13,night,CO2,OK
1640664179,38,79.96967,12.419333,3.167449,0,2021-12-28 04:02:59,night,Diode,OK
1640668102,21,62.304646,71.30263,2.754071,0,2021-12-28 05:08:22,night,Nd:YAG,OK
1640694293,85,45.30187,38.548534,6.6475844,0,2021-12-28 12:24:53,morning,CO2,OK
1640714616,9,32.55322,42.809055,12.603428,0,2021-12-28 18:03:36,day,Excimer,OK
1640720133,36,3.67078,413.4772,26.050589,0,2021-12-28 19:35:33,day,Nd:YAG,WARNING
1640740250,78,50.76867,26.946268,6.6518364,0,2021-12-29 01:10:50,night,Diode,OK
1640755615,39,72.7651,15.575817,14.648892,0,2021-12-29 05:26:55,night,Excimer,OK
1640758724,56,41.663605,68.426575,9.3375025,0,2021-12-29 06:18:44,morning,Nd:YAG,OK
1640761862,7,19.00575,58.6244,16.217604,0,2021-12-29 07:11:02,morning,Fiber,OK
1640763154,8,60.91103,66.33191,3.7155986,0,2021-12-29 07:32:34,morning,Diode,OK
1640789548,88,68.60697,243.29858,10.953192,0,2021-12-29 14:52:28,day,Diode,OK
1640791385,46,21.57581,50.36141,14.355536,0,2021-12-29 15:23:05,day,Nd:YAG,OK
1640813203,37,31.082775,71.72848,17.914375,0,2021-12-29 21:26:43,day,Fiber,OK
1640813657,99,13.460211,30.733059,6.5354104,0,2021-12-29 21:34:17,day,Excimer,OK
1640817243,14,27.394598,58.81168,12.736076,0,2021-12-29 22:34:03,night,Excimer,OK
1640880129,5,64.98479,59.68577,7.794073,0,2021-12-30 16:02:09,day,CO2,OK
1640892537,97,50.08975,51.534874,4.199099,0,2021-12-30 19:28:57,day,Fiber,OK
1640910646,88,49.257984,64.47096,4.717773,0,2021-12-31 00:30:46,night,Diode,OK
1640922316,96,57.021763,35.742634,0.112881914,0,2021-12-31 03:45:16,night,Nd:YAG,OK
1640964131,98,68.915565,42.576565,0.48556766,0,2021-12-31 15:22:11,day,Diode,OK
1640983369,84,65.09592,70.415245,8.3467245,0,2021-12-31 20:42:49,day,Excimer,OK
1641000084,62,26.149296,23.930233,7.3620024,0,2022-01-01 01:21:24,night,Fiber,OK
1641002512,50,72.52421,1.1880081,12.911516,0,2022-01-01 02:01:52,night,CO2,OK
1641005695,13,68.260284,54.25323,7.0056095,0,2022-01-01 02:54:55,night,Diode,OK
1641012879,37,65.7427,36.302616,117.12886,0,2022-01-01 04:54:39,night,Fiber,OK
1641019054,89,70.80362,34.82185,15.087877,0,2022-01-01 06:37:34,morning,Excimer,OK
1641020118,51,69.925354,58.013786,133.71112,0,2022-01-01 06:55:18,morning,Nd:YAG,OK
1641082424,79,54.83511,6.372834,92.39202,0,2022-01-02 00:13:44,night,Excimer,OK
1641099533,58,71.374626,25.396708,8.034799,0,2022-01-02 04:58:53,night,Diode,OK
1641137358,86,9.4795475,47.250633,1.2078435,0,2022-01-02 15:29:18,day,Nd:YAG,WARNING
1641148066,64,63.2231,44.07468,4.3260393,0,2022-01-02 18:27:46,day,Excimer,OK
1641157770,54,27.90264,56.459206,5.2639527,0,2022-01-02 21:09:30,day,Excimer,OK
1641167490,5,64.04171,40.28094,10.147387,0,2022-01-02 23:51:30,night,CO2,OK
1641178183,47,33.83251,69.18709,21.24777,0,2022-01-03 02:49:43,night,Fiber,OK
1641188286,13,61.96601,74.08308,5.4801636,0,2022-01-03 05:38:06,night,Diode,OK
1641190060,18,14.352143,66.04826,1.7374605,0,2022-01-03 06:07:40,morning,Diode,OK
1641191504,80,42.55821,12.080581,11.454464,0,2022-01-03 06:31:44,morning,CO2,OK
1641223814,51,18.512665,67.00472,6.024021,0,2022-01-03 15:30:14,day,Nd:YAG,OK
1641241361,95,20.087765,26.500937,5.0615396,0,2022-01-03 20:22:41,day,CO2,OK
1641254773,53,29.325571,58.63767,15.410968,0,2022-01-04 00:06:13,night,Diode,OK
1641260232,38,46.383953,68.88011,8.088896,0,2022-01-04 01:37:12,night,Diode,OK
1641283154,69,28.025026,2.0837998,17.534018,0,2022-01-04 07:59:14,morning,Excimer,OK
1641317666,26,44.5318,42.983078,2.4435503,0,2022-01-04 17:34:26,day,Nd:YAG,OK
1641324473,99,65.70515,62.470642,0.90203494,0,2022-01-04 19:27:53,day,Excimer,OK
1641364773,3,95.6357,340.9589,10.88733,0,2022-01-05 06:39:33,morning,Diode,OK
1641371287,86,49.657204,62.76414,9.816096,0,2022-01-05 08:28:07,morning,Nd:YAG,OK
1641394548,25,24.611841,28.581564,2.41755,0,2022-01-05 14:55:48,day,CO2,OK
1641395402,94,67.33669,57.818417,9.312655,0,2022-01-05 15:10:02,day,Excimer,OK
1641418401,25,16.432858,45.32727,0.11690783,0,2022-01-05 21:33:21,day,CO2,OK
1641418916,62,73.48323,41.975807,0.16886099,0,2022-01-05 21:41:56,day,Fiber,OK
1641424395,29,22.535833,47.782635,5.374692,0,2022-01-05 23:13:15,night,Excimer,OK
1641430528,59,82.06883,89.48933,2.3801243,0,2022-01-06 00:55:28,night,Excimer,OK
1641457342,17,314.80896,37.05888,7.724435,0,2022-01-06 08:22:22,morning,Fiber,WARNING
1641466050,17,379.8262,47.747375,8.437743,0,2022-01-06 10:47:30,morning,Fiber,WARNING
1641474018,11,70.83455,66.15109,2.7689953,0,2022-01-06 13:00:18,morning,Nd:YAG,ERROR
1641530388,71,70.13463,0.37838626,6.467004,0,2022-01-07 04:39:48,night,Nd:YAG,OK
1641532937,37,424.24802,45.773937,3.363117,0,2022-01-07 05:22:17,night,Fiber,WARNING
1641535822,38,74.95855,67.72893,12.418251,0,2022-01-07 06:10:22,morning,Diode,OK
1641552904,1,6.179406,53.665337,6.653786,0,2022-01-07 10:55:04,morning,Nd:YAG,WARNING
1641555908,33,65.13717,92.68613,127.949455,0,2022-01-07 11:45:08,morning,Diode,OK
1641569835,48,68.35493,64.914406,2.7279923,0,2022-01-07 15:37:15,day,Diode,OK
1641570290,74,110.897255,75.32064,6.93417,0,2022-01-07 15:44:50,day,Excimer,WARNING
1641597160,58,79.636856,416.94098,2.6890032,0,2022-01-07 23:12:40,night,Diode,OK
1641599503,29,63.362385,24.735432,0.8418927,0,2022-01-07 23:51:43,night,Excimer,OK
1641602398,31,31.264696,22.038736,4.4022956,0,2022-01-08 00:39:58,night,Nd:YAG,OK
1641627512,46,70.001045,85.10957,16.533848,0,2022-01-08 07:38:32,morning,Nd:YAG,OK
1641635726,5,87.375885,62.504818,10.938393,0,2022-01-08 09:55:26,morning,CO2,ERROR
1641668157,68,66.05966,53.632595,11.552367,0,2022-01-08 18:55:57,day,Diode,OK
1641682657,18,84.24151,41.53909,3.533797,0,2022-01-08 22:57:37,night,Diode,OK
1641702810,34,27.799675,54.026764,0.5277826,0,2022-01-09 04:33:30,night,Excimer,OK
1641716734,28,79.71025,59.12796,4.604676,0,2022-01-09 08:25:34,morning,Diode,OK
1641743845,30,431.4293,60.834446,8.956964,0,2022-01-09 15:57:25,day,CO2,WARNING
1641750632,82,71.7188,37.91715,3.6036046,0,2022-01-09 17:50:32,day,Fiber,OK
1641784017,87,128.2921,54.121582,14.501725,0,2022-01-10 03:06:57,night,Fiber,WARNING
1641797509,76,21.196188,29.550035,21.524288,0,2022-01-10 06:51:49,morning,Nd:YAG,OK
1641852305,21,74.99345,37.907444,6.536834,0,2022-01-10 22:05:05,night,Nd:YAG,OK
1641852838,65,22.623922,84.719345,8.31926,0,2022-01-10 22:13:58,night,CO2,OK
1641857438,82,50.860012,72.08637,2.6876113,0,2022-01-10 23:30:38,night,Fiber,OK
1641872523,64,47.921352,10.379569,9.729093,0,2022-01-11 03:42:03,night,Excimer,OK
1641879041,18,41.99555,51.972343,15.606931,0,2022-01-11 05:30:41,night,Diode,OK
1641880864,17,29.536764,25.170588,12.208966,0,2022-01-11 06:01:04,morning,Fiber,OK
1641906689,42,62.3073,80.700455,4.2952113,0,2022-01-11 13:11:29,morning,Fiber,OK
1641925064,53,49.426544,38.778584,6.101671,0,2022-01-11 18:17:44,day,Diode,OK
1641930274,80,99.10042,20.158377,1.3742983,0,2022-01-11 19:44:34,day,CO2,OK
1641932635,94,6.781491,64.58623,17.30064,0,2022-01-11 20:23:55,day,Excimer,WARNING
1641938408,94,130.79007,45.200775,2.9318507,0,2022-01-11 22:00:08,night,Excimer,WARNING
1641955084,91,22.367058,64.32918,4.666905,0,2022-01-12 02:38:04,night,Nd:YAG,OK
1641973309,61,23.030577,79.97953,26.465797,0,2022-01-12 07:41:49,morning,Nd:YAG,OK
1641988562,74,55.754204,61.651237,11.258088,0,2022-01-12 11:56:02,morning,Excimer,OK
1641990374,14,50.030212,76.755104,8.949702,0,2022-01-12 12:26:14,morning,Excimer,OK
1641991787,90,74.727356,25.683422,17.32153,0,2022-01-12 12:49:47,morning,CO2,OK
1641998380,40,83.14956,56.4464,4.266394,0,2022-01-12 14:39:40,day,CO2,OK
1642040637,13,45.46656,34.5763,8.566118,0,2022-01-13 02:23:57,night,Diode,OK
1642062221,25,60.786312,50.872826,8.968015,0,2022-01-13 08:23:41,morning,CO2,OK
1642069355,29,63.68389,20.06965,14.190377,0,2022-01-13 10:22:35,morning,Excimer,OK
1642069432,67,43.899406,49.67889,13.53947,0,2022-01-13 10:23:52,morning,Fiber,OK
1642101482,85,317.31253,32.853645,7.937724,0,2022-01-13 19:18:02,day,CO2,WARNING
1642114212,41,93.94659,48.708225,0.77863926,0,2022-01-13 22:50:12,night,Nd:YAG,OK
1642149479,72,73.30339,34.36539,1.2952981,0,2022-01-14 08:37:59,morning,Fiber,OK
1642163006,23,61.675297,79.15958,2.3390253,0,2022-01-14 12:23:26,morning,Diode,OK
1642164264,77,23.68446,12.836065,6.658057,0,2022-01-14 12:44:24,morning,Fiber,OK
1642169358,78,93.15386,102.21272,4.8592215,0,2022-01-14 14:09:18,day,Diode,OK
1642184598,28,49.137592,47.37629,6.423557,0,2022-01-14 18:23:18,day,Diode,OK
1642194082,84,14.5156,52.293213,6.338106,0,2022-01-14 21:01:22,day,Excimer,OK
1642218948,33,43.273605,48.74459,2.8011224,0,2022-01-15 03:55:48,night,Diode,OK
1642229750,1,78.19597,28.981455,110.449936,0,2022-01-15 06:55:50,morning,Nd:YAG,OK
1642241815,9,62.440098,24.023806,4.5808997,0,2022-01-15 10:16:55,morning,Excimer,OK
1642299761,72,12.842842,59.98045,10.429687,0,2022-01-16 02:22:41,night,Fiber,OK
1642301079,23,75.226204,46.33642,7.857959,0,2022-01-16 02:44:39,night,Diode,OK
1642311957,21,53.306328,85.22563,15.382712,0,2022-01-16 05:45:57,night,Nd:YAG,OK
1642322246,12,54.49609,57.515903,1.0509514,0,2022-01-16 08:37:26,morning,Fiber,OK
1642331344,23,48.84139,9.579801,8.951055,0,2022-01-16 11:09:04,morning,Diode,OK
1642334202,66,23.799294,76.73131,10.054391,0,2022-01-16 11:56:42,morning,Nd:YAG,OK
1642349586,91,82.86551,46.718266,1.1803935,0,2022-01-16 16:13:06,day,Nd:YAG,OK
1642362607,73,61.137196,36.06191,1.7485669,0,2022-01-16 19:50:07,day,Diode,OK
1642363208,35,28.77423,112.502556,18.359358,0,2022-01-16 20:00:08,day,CO2,OK
1642376465,2,55.46441,95.883385,3.5149662,0,2022-01-16 23:41:05,night,Fiber,OK
1642427144,47,53.75189,62.538998,15.332134,0,2022-01-17 13:45:44,morning,Fiber,OK
1642429614,11,59.106243,100.81096,12.078376,0,2022-01-17 14:26:54,day,Nd:YAG,OK
1642452534,36,47.941936,55.717007,20.914871,0,2022-01-17 20:48:54,day,Nd:YAG,OK
1642455443,22,33.940952,57.23089,13.760816,0,2022-01-17 21:37:23,day,Fiber,OK
1642477517,47,22.736712,18.443878,9.752685,0,2022-01-18 03:45:17,night,Fiber,OK
1642482486,99,45.8523,61.2,109.26377,0,2022-01-18 05:08:06,night,Excimer,OK
1642496565,74,56.242523,28.643616,5.906511,0,2022-01-18 09:02:45,morning,Excimer,OK
1642508435,1,82.23512,30.45447,81.41237,0,2022-01-18 12:20:35,morning,Nd:YAG,OK
1642523260,88,57.434177,49.993336,1.0701096,0,2022-01-18 16:27:40,day,Diode,OK
1642572561,74,49.56919,43.559315,2.6858034,0,2022-01-19 06:09:21,morning,Excimer,OK
1642604372,23,34.04346,75.957954,4.6336203,0,2022-01-19 14:59:32,day,Diode,OK
1642622517,2,67.455086,12.625403,84.67111,0,2022-01-19 20:01:57,day,Fiber,OK
1642649616,60,46.48686,5.178412,13.89457,0,2022-01-20 03:33:36,night,CO2,OK
1642661206,55,24.161163,29.415014,4.5339117,0,2022-01-20 06:46:46,morning,CO2,OK
1642673717,59,43.535625,1.2153528,2.8013723,0,2022-01-20 10:15:17,morning,Excimer,OK
1642697814,34,80.78836,107.50345,7.4184036,0,2022-01-20 16:56:54,day,Excimer,OK
1642724202,98,33.44672,42.780254,3.5673375,0,2022-01-21 00:16:42,night,Diode,OK
1642740278,46,42.133083,29.526642,8.734685,0,2022-01-21 04:44:38,night,Nd:YAG,OK
1642790245,4,72.87015,75.82524,1.2305839,0,2022-01-21 18:37:25,day,Excimer,OK
1642807211,35,45.830437,50.012157,6.857304,0,2022-01-21 23:20:11,night,CO2,OK
1642834677,2,249.2943,40.00841,1.7528665,0,2022-01-22 06:57:57,morning,Fiber,WARNING
1642837904,0,73.35705,27.525839,5.456485,0,2022-01-22 07:51:44,morning,CO2,OK
1642869375,87,21.353838,38.448673,1.1684684,0,2022-01-22 16:36:15,day,Fiber,OK
1642884480,56,99.71001,352.75772,2.6952605,0,2022-01-22 20:48:00,day,Nd:YAG,OK
1642888371,52,83.52206,45.191685,3.3155396,0,2022-01-22 21:52:51,day,Fiber,OK
1642891804,1,85.35444,92.8453,0.42944798,0,2022-01-22 22:50:04,night,Nd:YAG,OK
1642902341,92,50.74204,92.91936,6.2735004,0,2022-01-23 01:45:41,night,Fiber,OK
1642920437,26,70.97665,27.880356,20.590614,0,2022-01-23 06:47:17,morning,Nd:YAG,OK
1642948568,59,55.863487,54.116135,0.17958511,0,2022-01-23 14:36:08,day,Excimer,OK
1642970842,57,71.172066,15.90316,1.4845957,0,2022-01-23 20:47:22,day,Fiber,OK
1643005464,26,20.145477,91.1036,8.33919,0,2022-01-24 06:24:24,morning,Nd:YAG,OK
1643006293,52,48.66219,109.060715,9.377418,0,2022-01-24 06:38:13,morning,Fiber,OK
1643022699,15,43.007786,51.91384,16.405369,0,2022-01-24 11:11:39,morning,CO2,OK
1643042763,87,74.38164,51.45396,0.73289615,0,2022-01-24 16:46:03,day,Fiber,OK
1643065969,78,44.655994,18.343952,6.0394998,0,2022-01-24 23:12:49,night,Diode,OK
1643082743,43,90.23299,32.060024,10.577671,0,2022-01-25 03:52:23,night,Diode,OK
1643107046,27,77.84706,45.288937,0.2565182,0,2022-01-25 10:37:26,morning,Fiber,OK
1643121064,24,57.106575,68.81378,10.059138,0,2022-01-25 14:31:04,day,Excimer,OK
1643126066,56,21.08328,28.373865,10.735648,0,2022-01-25 15:54:26,day,Nd:YAG,OK
1643178218,55,91.90233,55.737316,3.519535,0,2022-01-26 06:23:38,morning,CO2,OK
1643213642,94,35.91903,55.531204,6.9451966,0,2022-01-26 16:14:02,day,Excimer,OK
1643215136,0,67.96888,74.279625,12.582793,0,2022-01-26 16:38:56,day,CO2,OK
1643227746,12,43.16687,72.50491,8.645469,0,2022-01-26 20:09:06,day,Fiber,OK
1643235059,19,97.24024,25.482403,2.85777,0,2022-01-26 22:10:59,night,Excimer,OK
1643259696,10,75.04766,56.042538,12.351091,0,2022-01-27 05:01:36,night,CO2,OK
1643262654,20,54.028725,253.7449,6.849291,0,2022-01-27 05:50:54,night,CO2,OK
1643301285,94,36.840797,41.19711,0.57816553,0,2022-01-27 16:34:45,day,Excimer,OK
1643332070,13,27.878723,47.67109,5.825845,0,2022-01-28 01:07:50,night,Diode,OK
1643337659,13,28.815197,79.50958,1.2558929,0,2022-01-28 02:40:59,night,Diode,OK
1643366102,2,46.649586,86.74118,18.452255,0,2022-01-28 10:35:02,morning,Fiber,OK
1643382498,69,9.7207775,66.694084,15.779628,0,2022-01-28 15:08:18,day,Excimer,WARNING
1643395988,40,60.943966,40.32513,8.392061,0,2022-01-28 18:53:08,day,CO2,OK
1643423715,49,62.84782,28.687943,0.9894733,0,2022-01-29 02:35:15,night,Excimer,OK
1643435247,36,42.671307,33.46373,19.098673,0,2022-01-29 05:47:27,night,Nd:YAG,OK
1643442609,51,65.39466,84.155525,74.183174,0,2022-01-29 07:50:09,morning,Nd:YAG,OK
1643457893,30,49.573257,19.670826,0.73354286,0,2022-01-29 12:04:53,morning,CO2,OK
1643458368,38,16.1319,32.377792,6.795762,0,2022-01-29 12:12:48,morning,Diode,OK
1643461477,19,32.66974,45.382618,4.855081,0,2022-01-29 13:04:37,morning,Excimer,OK
1643465992,72,235.03061,74.38497,7.2053895,0,2022-01-29 14:19:52,day,Fiber,WARNING
1643468768,84,63.466026,67.5436,2.9971268,0,2022-01-29 15:06:08,day,Excimer,OK
1643484670,6,61.820362,7.866335,1.855519,0,2022-01-29 19:31:10,day,Nd:YAG,OK
1643493778,96,37.621307,23.150158,1.1620084,0,2022-01-29 22:02:58,night,Nd:YAG,OK
1643518174,93,46.773064,76.48077,4.438834,0,2022-01-30 04:49:34,night,Diode,OK
1643550236,23,49.15873,65.23369,17.515387,0,2022-01-30 13:43:56,morning,Diode,OK
1643580979,49,29.018862,32.906094,4.285789,0,2022-01-30 22:16:19,night,Excimer,OK
1643582407,26,62.72578,67.453415,9.617341,0,2022-01-30 22:40:07,night,Nd:YAG,OK
1643583608,3,74.837364,44.601864,2.086552,0,2022-01-30 23:00:08,night,Diode,OK
1643603982,29,41.61836,70.120575,12.856618,0,2022-01-31 04:39:42,night,Excimer,OK
1643604708,68,63.550156,32.903503,2.1541266,0,2022-01-31 04:51:48,night,Diode,OK
1643634005,35,35.106827,66.83444,5.2487288,0,2022-01-31 13:00:05,morning,CO2,OK
1643650454,75,82.7459,66.53203,13.917315,0,2022-01-31 17:34:14,day,CO2,OK
1643664620,28,16.363653,38.15361,0.83347446,0,2022-01-31 21:30:20,day,Diode,OK
1643696979,57,79.57103,38.758743,1.6898289,0,2022-02-01 06:29:39,morning,Fiber,OK
1643712927,92,38.512524,13.728721,6.368961,0,2022-02-01 10:55:27,morning,Fiber,OK
1643733783,78,0.33879948,11.097949,1.9455847,0,2022-02-01 16:43:03,day,Diode,WARNING
1643756046,45,63.491516,12.133821,4.823007,0,2022-02-01 22:54:06,night,CO2,OK
1643756278,20,59.232475,11.599802,13.97147,0,2022-02-01 22:57:58,night,CO2,OK
1643812821,0,34.222046,16.701302,17.661175,0,2022-02-02 14:40:21,day,CO2,OK
1643822656,82,48.858696,68.687614,6.549051,0,2022-02-02 17:24:16,day,Fiber,OK
1643840812,15,82.42756,32.351326,9.260746,0,2022-02-02 22:26:52,night,CO2,OK
1643860672,52,33.565483,45.550766,5.7242475,0,2022-02-03 03:57:52,night,Fiber,OK
1643913723,92,43.92267,60.08004,0.8056872,0,2022-02-03 18:42:03,day,Fiber,OK
1643917810,95,69.46569,48.443893,6.6831155,0,2022-02-03 19:50:10,day,CO2,OK
1643927430,39,50.39416,35.81969,6.416937,0,2022-02-03 22:30:30,night,Excimer,OK
1643934672,47,42.107487,252.16734,3.0777783,0,2022-02-04 00:31:12,night,Fiber,OK
1643935823,25,9.819805,111.42621,12.917514,0,2022-02-04 00:50:23,night,CO2,WARNING
1643979398,41,69.10375,27.550875,6.6714277,0,2022-02-04 12:56:38,morning,Nd:YAG,OK
1644017978,3,44.69821,67.14396,1.9957415,0,2022-02-04 23:39:38,night,Diode,OK
1644020519,12,81.95001,49.38728,8.1832695,0,2022-02-05 00:21:59,night,Fiber,OK
1644033687,78,15.792534,46.058197,3.6390488,0,2022-02-05 04:01:27,night,Diode,OK
1644049261,36,398.09195,32.890034,4.143439,0,2022-02-05 08:21:01,morning,Nd:YAG,WARNING
1644066728,30,24.177492,48.363388,15.37069,0,2022-02-05 13:12:08,morning,CO2,OK
1644081033,69,59.64207,54.992493,7.898643,0,2022-02-05 17:10:33,day,Excimer,OK
1644087889,85,10.619015,19.199202,5.3102326,0,2022-02-05 19:04:49,day,CO2,WARNING
1644093491,64,65.385345,27.430353,14.925557,0,2022-02-05 20:38:11,day,Excimer,OK
1644120354,66,18.16868,36.68141,3.7432394,0,2022-02-06 04:05:54,night,Nd:YAG,OK
1644123972,5,44.8728,56.377293,7.9267397,0,2022-02-06 05:06:12,night,CO2,OK
1644140707,52,21.862333,52.04173,4.9571447,0,2022-02-06 09:45:07,morning,Fiber,OK
1644157199,54,7.76331,17.575926,1.1084789,0,2022-02-06 14:19:59,day,Excimer,WARNING
1644211486,1,19.334335,23.92164,13.3638,0,2022-02-07 05:24:46,night,Nd:YAG,OK
1644219055,57,11.058976,47.166702,4.3865333,0,2022-02-07 07:30:55,morning,Fiber,OK
1644234476,50,333.0167,277.41284,84.10977,0,2022-02-07 11:47:56,morning,CO2,WARNING
1644240167,86,61.95707,58.407948,32.26356,0,2022-02-07 13:22:47,morning,Nd:YAG,OK
1644246017,5,8.285785,33.23364,117.44551,0,2022-02-07 15:00:17,day,CO2,WARNING
1644253542,83,65.52956,28.343029,5.8669887,0,2022-02-07 17:05:42,day,Diode,OK
1644267305,83,78.491035,83.275604,15.3875065,0,2022-02-07 20:55:05,day,Diode,OK
1644271340,57,55.365566,43.380676,3.2033863,0,2022-02-07 22:02:20,night,Fiber,OK
1644275527,2,54.5317,44.863873,5.910005,0,2022-02-07 23:12:07,night,Fiber,OK
1644287754,80,50.835106,50.26644,13.847256,0,2022-02-08 02:35:54,night,CO2,OK
1644297451,34,36.3174,27.617908,105.19154,0,2022-02-08 05:17:31,night,Excimer,OK
1644308119,6,46.12408,33.887924,1.5682966,0,2022-02-08 08:15:19,morning,Nd:YAG,OK
1644328325,21,67.379845,48.15257,103.884056,0,2022-02-08 13:52:05,morning,Nd:YAG,OK
1644332873,6,62.974594,61.152424,6.140507,0,2022-02-08 15:07:53,day,Nd:YAG,OK
1644348395,14,75.25847,74.52379,17.756128,0,2022-02-08 19:26:35,day,Excimer,OK
1644352278,6,55.20492,24.180931,13.242805,0,2022-02-08 20:31:18,day,Nd:YAG,OK
1644366454,54,67.75573,21.075506,9.279994,0,2022-02-09 00:27:34,night,Excimer,OK
1644396993,63,28.074371,100.12722,4.4822392,0,2022-02-09 08:56:33,morning,Diode,ERROR
1644397968,9,69.26317,30.766184,15.849448,0,2022-02-09 09:12:48,morning,Excimer,OK
1644400519,31,306.82635,40.21202,16.228523,0,2022-02-09 09:55:19,morning,Nd:YAG,WARNING
1644407176,13,43.124832,18.889238,8.532012,0,2022-02-09 11:46:16,morning,Diode,OK
1644501070,82,61.5955,57.4075,20.856016,0,2022-02-10 13:51:10,morning,Fiber,OK
1644519595,64,32.46369,20.23138,20.265364,0,2022-02-10 18:59:55,day,Excimer,OK
1644525621,16,82.67067,60.31191,3.6970034,0,2022-02-10 20:40:21,day,Nd:YAG,OK
1644532724,97,92.1694,53.322796,6.1768446,0,2022-02-10 22:38:44,night,Fiber,OK
1644535571,89,50.385498,31.976397,11.200949,0,2022-02-10 23:26:11,night,Excimer,OK
1644550785,42,35.392345,65.085815,141.46587,0,2022-02-11 03:39:45,night,Fiber,OK
1644569666,65,42.918755,97.80477,4.5500073,0,2022-02-11 08:54:26,morning,CO2,OK
1644573196,20,48.554302,55.274033,0.4095957,0,2022-02-11 09:53:16,morning,CO2,OK
1644609510,36,76.62854,58.0469,7.8502626,0,2022-02-11 19:58:30,day,Nd:YAG,OK
1644609845,92,52.731518,18.017046,10.413869,0,2022-02-11 20:04:05,day,Fiber,OK
1644611257,63,39.220844,27.089197,2.6968434,0,2022-02-11 20:27:37,day,Diode,ERROR
1644632862,29,77.061295,89.05626,1.7862774,0,2022-02-12 02:27:42,night,Excimer,OK
1644639906,94,33.109703,55.92428,1.6922842,0,2022-02-12 04:25:06,night,Excimer,OK
1644649934,22,54.586452,54.799057,18.633772,0,2022-02-12 07:12:14,morning,Fiber,OK
1644684859,20,34.29152,67.886856,72.03979,0,2022-02-12 16:54:19,day,CO2,OK
1644689400,27,69.653336,9.149425,4.794043,0,2022-02-12 18:10:00,day,Fiber,OK
1644701037,80,59.82834,42.092575,4.111372,0,2022-02-12 21:23:57,day,CO2,OK
1644706144,75,62.20781,109.42902,7.9787545,0,2022-02-12 22:49:04,night,CO2,OK
1644714736,44,98.20272,22.41266,2.6577094,0,2022-02-13 01:12:16,night,Excimer,OK
1644780438,47,72.988976,59.748497,6.9879313,0,2022-02-13 19:27:18,day,Fiber,OK
1644786685,72,27.006824,69.818184,1.9707661,0,2022-02-13 21:11:25,day,Fiber,OK
1644809655,36,35.2243,27.924124,15.108976,0,2022-02-14 03:34:15,night,Nd:YAG,OK
1644819647,2,39.56291,9.973185,6.673265,0,2022-02-14 06:20:47,morning,Fiber,OK
1644829480,12,46.528297,18.844053,6.6435184,0,2022-02-14 09:04:40,morning,Fiber,OK
1644830350,31,84.24954,25.864834,5.448206,0,2022-02-14 09:19:10,morning,Nd:YAG,OK
1644841149,8,26.395138,46.41362,7.0063834,0,2022-02-14 12:19:09,morning,Diode,OK
1644849081,7,69.7698,34.830036,2.9623325,0,2022-02-14 14:31:21,day,Fiber,OK
1644850574,46,26.994074,71.416336,4.9610353,0,2022-02-14 14:56:14,day,Nd:YAG,OK
1644872737,68,71.92791,60.491177,6.3238473,0,2022-02-14 21:05:37,day,Diode,OK
1644879772,28,45.532555,100.02002,0.46724132,0,2022-02-14 23:02:52,night,Diode,OK
1644884228,18,57.193283,23.641048,119.16056,0,2022-02-15 00:17:08,night,Diode,OK
1644912485,89,25.73914,0.88632697,11.600181,0,2022-02-15 08:08:05,morning,Excimer,OK
1644916965,8,79.07297,52.745735,12.153207,0,2022-02-15 09:22:45,morning,Diode,OK
1644938789,65,63.82718,97.037346,3.3648753,0,2022-02-15 15:26:29,day,CO2,OK
1644941045,43,35.040936,77.51703,2.5976646,0,2022-02-15 16:04:05,day,Diode,OK
1644941136,23,96.42259,105.81217,19.501627,0,2022-02-15 16:05:36,day,Diode,OK
1644962637,6,36.431477,42.178658,3.8104894,0,2022-02-15 22:03:57,night,Nd:YAG,OK
1644991308,99,54.41446,38.86686,0.44391623,0,2022-02-16 06:01:48,morning,Excimer,OK
1645010041,86,61.205753,57.41676,2.9463017,0,2022-02-16 11:14:01,morning,Nd:YAG,OK
1645014454,83,28.957508,69.846214,9.391157,0,2022-02-16 12:27:34,morning,Diode,OK
1645023041,92,64.326675,61.072495,0.4430773,0,2022-02-16 14:50:41,day,Fiber,OK
1645055030,5,67.37436,41.061028,8.867128,0,2022-02-16 23:43:50,night,CO2,OK
1645086847,64,24.563578,31.128023,6.707722,0,2022-02-17 08:34:07,morning,Excimer,OK
1645111880,75,4.658756,46.05478,96.62089,0,2022-02-17 15:31:20,day,CO2,WARNING
1645117784,28,92.68602,44.125137,3.6584556,0,2022-02-17 17:09:44,day,Diode,OK
1645125699,99,60.181717,36.237156,9.475964,0,2022-02-17 19:21:39,day,Excimer,OK
1645137256,95,71.38037,68.06956,4.641191,0,2022-02-17 22:34:16,night,CO2,OK
1645177364,9,37.415417,24.515305,8.362234,0,2022-02-18 09:42:44,morning,Excimer,OK
1645182307,17,3.0678797,3.2528467,108.39792,0,2022-02-18 11:05:07,morning,Fiber,WARNING
1645184418,92,74.93759,38.253643,0.8266138,0,2022-02-18 11:40:18,morning,Fiber,OK
1645202454,98,55.67533,99.8007,10.640019,0,2022-02-18 16:40:54,day,Diode,OK
1645206819,90,350.75793,21.85422,3.1089542,0,2022-02-18 17:53:39,day,CO2,WARNING
1645261901,52,18.834549,73.39194,7.912366,0,2022-02-19 09:11:41,morning,Fiber,OK
1645274347,34,86.067955,65.88059,2.3194447,0,2022-02-19 12:39:07,morning,Excimer,OK
1645309390,6,65.76758,58.375206,2.8916335,0,2022-02-19 22:23:10,night,Nd:YAG,OK
1645321932,96,92.083954,94.312996,14.173039,0,2022-02-20 01:52:12,night,Nd:YAG,OK
1645323073,12,27.925537,74.15688,2.0901113,0,2022-02-20 02:11:13,night,Fiber,OK
1645339408,59,70.384636,85.23897,10.566468,0,2022-02-20 06:43:28,morning,Excimer,OK
1645347913,60,58.792305,24.871384,12.440989,0,2022-02-20 09:05:13,morning,CO2,OK
1645361496,20,85.104706,94.48501,8.037321,0,2022-02-20 12:51:36,morning,CO2,OK
1645373529,58,45.822014,23.76896,5.839088,0,2022-02-20 16:12:09,day,Diode,OK
1645379638,76,49.714355,16.08638,0.527298,0,2022-02-20 17:53:58,day,Nd:YAG,OK
1645389742,63,45.391167,52.01497,1.2472411,0,2022-02-20 20:42:22,day,Diode,OK
1645398439,6,75.69177,85.35362,79.12472,0,2022-02-20 23:07:19,night,Nd:YAG,OK
1645410939,64,36.503147,65.79776,0.95432043,0,2022-02-21 02:35:39,night,Excimer,OK
1645412309,83,57.759476,86.68343,124.689865,0,2022-02-21 02:58:29,night,Diode,OK
1645459126,40,58.375824,84.63292,10.434553,0,2022-02-21 15:58:46,day,CO2,OK
1645460367,94,70.71153,96.72704,3.4947383,0,2022-02-21 16:19:27,day,Excimer,OK
1645465670,8,41.59723,221.8421,0.31600752,0,2022-02-21 17:47:50,day,Diode,OK
1645472492,61,79.041565,39.924686,16.065516,0,2022-02-21 19:41:32,day,Nd:YAG,OK
1645488347,0,91.06562,64.937706,1.2884328,0,2022-02-22 00:05:47,night,CO2,OK
1645545200,16,69.82393,33.33687,6.598881,0,2022-02-22 15:53:20,day,Nd:YAG,OK
1645571621,18,36.31126,52.28086,10.603667,0,2022-02-22 23:13:41,night,Diode,OK
1645577302,30,77.48401,47.641453,1.6364199,0,2022-02-23 00:48:22,night,CO2,OK
1645616947,8,40.72927,37.10026,11.94636,0,2022-02-23 11:49:07,morning,Diode,OK
1645625430,25,5.230144,52.73399,9.629776,0,2022-02-23 14:10:30,day,CO2,WARNING
1645638868,14,58.937275,30.321356,7.5217414,0,2022-02-23 17:54:28,day,Excimer,OK
1645642191,26,79.879486,62.07753,4.5665665,0,2022-02-23 18:49:51,day,Nd:YAG,OK
1645646761,23,43.19084,45.976368,6.0189424,0,2022-02-23 20:06:01,day,Diode,OK
1645686319,60,39.09687,49.692505,22.002262,0,2022-02-24 07:05:19,morning,CO2,OK
1645686740,9,22.87473,306.82565,123.519684,0,2022-02-24 07:12:20,morning,Excimer,OK
1645736745,37,30.6231,60.07172,3.4443212,0,2022-02-24 21:05:45,day,Fiber,OK
1645740789,19,8.644422,9.642407,1.5345643,0,2022-02-24 22:13:09,night,Excimer,WARNING
1645744669,88,51.10084,14.727377,6.0007925,0,2022-02-24 23:17:49,night,Diode,OK
1645750000,37,68.83334,11.987635,5.4187613,0,2022-02-25 00:46:40,night,Fiber,OK
1645753873,72,12.106234,53.581917,13.115329,0,2022-02-25 01:51:13,night,Fiber,OK
1645774731,75,28.320507,21.313126,3.105703,0,2022-02-25 07:38:51,morning,CO2,OK
1645786005,71,51.405434,423.20288,5.948268,0,2022-02-25 10:46:45,morning,Nd:YAG,OK
1645796793,27,61.865894,51.91098,17.340559,0,2022-02-25 13:46:33,morning,Fiber,OK
1645814264,48,49.917194,47.881542,132.21384,0,2022-02-25 18:37:44,day,Diode,OK
1645828943,4,100.84193,65.77587,0.34245026,0,2022-02-25 22:42:23,night,Excimer,WARNING
1645829337,61,44.48301,70.494026,9.375325,0,2022-02-25 22:48:57,night,Nd:YAG,OK
1645832963,35,51.31443,97.77741,19.149466,0,2022-02-25 23:49:23,night,CO2,OK
1645891641,17,51.90816,79.18259,0.81341946,0,2022-02-26 16:07:21,day,Fiber,OK
1645893552,22,61.13428,120.08151,0.6820952,0,2022-02-26 16:39:12,day,Fiber,OK
1645972856,83,9.822067,43.61141,0.070009194,0,2022-02-27 14:40:56,day,Diode,WARNING
1645975023,24,74.941986,57.67593,111.14309,0,2022-02-27 15:17:03,day,Excimer,OK
1645979240,50,10.185807,23.865137,4.928488,0,2022-02-27 16:27:20,day,CO2,WARNING
1645988694,3,46.32489,47.683575,3.1402793,0,2022-02-27 19:04:54,day,Diode,OK
1645989669,83,13.853239,76.21087,117.83101,0,2022-02-27 19:21:09,day,Diode,OK
1646016168,46,22.205091,51.344074,14.213073,0,2022-02-28 02:42:48,night,Nd:YAG,OK
1646019687,60,76.55039,119.6702,9.477882,0,2022-02-28 03:41:27,night,CO2,OK
1646021964,95,39.787113,48.0844,36.966335,0,2022-02-28 04:19:24,night,CO2,OK
1646054484,3,47.822926,70.01997,14.816091,0,2022-02-28 13:21:24,morning,Diode,OK
1646090360,89,50.949623,29.39566,14.347729,0,2022-02-28 23:19:20,night,Excimer,OK
1646105467,23,36.198338,49.14848,15.059115,0,2022-03-01 03:31:07,night,Diode,OK
1646105750,15,57.58692,74.298965,15.2332115,0,2022-03-01 03:35:50,night,CO2,OK
1646133871,13,35.583214,33.145557,9.433476,0,2022-03-01 11:24:31,morning,Diode,OK
1646169254,20,68.190025,14.040395,10.307503,0,2022-03-01 21:14:14,day,CO2,OK
1646178211,16,11.413722,36.801674,3.6475625,0,2022-03-01 23:43:31,night,Nd:YAG,OK
1646202529,66,52.345455,63.52691,8.123836,0,2022-03-02 06:28:49,morning,Nd:YAG,OK
1646209124,10,69.58461,60.80227,4.1974125,0,2022-03-02 08:18:44,morning,CO2,OK
1646213081,6,41.65964,66.13766,0.7518729,0,2022-03-02 09:24:41,morning,Nd:YAG,OK
1646214198,99,57.86269,54.169872,5.0918922,0,2022-03-02 09:43:18,morning,Excimer,OK
1646221549,40,93.00822,71.328285,30.045877,0,2022-03-02 11:45:49,morning,CO2,OK
1646244332,8,40.61383,74.04007,6.2496715,0,2022-03-02 18:05:32,day,Diode,OK
1646268968,25,66.55008,61.699062,5.9888563,0,2022-03-03 00:56:08,night,CO2,OK
1646268972,94,60.910126,269.35144,0.8636443,0,2022-03-03 00:56:12,night,Excimer,OK
1646270238,38,76.09469,75.37841,6.265861,0,2022-03-03 01:17:18,night,Diode,OK
1646270486,0,61.808224,72.80478,9.018549,0,2022-03-03 01:21:26,night,CO2,OK
1646272370,26,26.840643,72.398285,0.017738536,0,2022-03-03 01:52:50,night,Nd:YAG,OK
1646287538,98,62.65931,55.472576,7.474976,0,2022-03-03 06:05:38,morning,Diode,OK
1646288072,40,40.943024,51.17836,1.0433224,0,2022-03-03 06:14:32,morning,CO2,OK
1646296557,22,92.22593,35.68551,9.440026,0,2022-03-03 08:35:57,morning,Fiber,OK
1646366748,48,28.575872,80.1565,5.1766067,0,2022-03-04 04:05:48,night,Diode,OK
1646368444,41,19.7975,64.437935,5.8653984,0,2022-03-04 04:34:04,night,Nd:YAG,OK
1646405740,73,69.681854,53.77006,9.656841,0,2022-03-04 14:55:40,day,Diode,OK
1646420990,50,21.686264,40.55046,15.02145,0,2022-03-04 19:09:50,day,CO2,OK
1646447057,52,42.39217,75.19056,25.568127,0,2022-03-05 02:24:17,night,Fiber,OK
1646456587,87,78.25176,48.35332,5.4720964,0,2022-03-05 05:03:07,night,Fiber,OK
1646458733,92,38.057076,66.94613,4.9524417,0,2022-03-05 05:38:53,night,Fiber,OK
1646521183,20,96.25274,47.18104,6.5782294,0,2022-03-05 22:59:43,night,CO2,OK
1646564156,9,33.20386,62.477074,7.825463,0,2022-03-06 10:55:56,morning,Excimer,OK
1646576612,21,99.49125,81.27763,0.25922757,0,2022-03-06 14:23:32,day,Nd:YAG,OK
1646591304,51,20.072254,37.081837,10.743802,0,2022-03-06 18:28:24,day,Nd:YAG,OK
1646593766,20,69.10151,21.543434,6.59268,0,2022-03-06 19:09:26,day,CO2,OK
1646595712,76,32.056355,77.42193,11.56565,0,2022-03-06 19:41:52,day,Nd:YAG,OK
1646644480,75,65.06245,38.80212,21.493317,0,2022-03-07 09:14:40,morning,CO2,OK
1646661655,4,47.135815,5.2115474,2.5709555,0,2022-03-07 14:00:55,day,Excimer,OK
1646678187,83,61.41764,57.43562,10.335866,0,2022-03-07 18:36:27,day,Diode,OK
1646696925,12,32.702393,94.55901,7.7088985,0,2022-03-07 23:48:45,night,Fiber,OK
1646709884,13,3.107856,55.18928,66.655136,0,2022-03-08 03:24:44,night,Diode,WARNING
1646713289,6,77.75863,26.17098,7.918112,0,2022-03-08 04:21:29,night,Nd:YAG,OK
1646724391,10,4.238841,47.722584,21.024784,0,2022-03-08 07:26:31,morning,CO2,WARNING
1646749689,71,41.08437,24.88682,2.7282867,0,2022-03-08 14:28:09,day,Nd:YAG,OK
1646767955,20,67.31786,14.66976,20.477,0,2022-03-08 19:32:35,day,CO2,OK
1646791139,12,73.366516,46.20378,0.70653963,0,2022-03-09 01:58:59,night,Fiber,OK
1646797560,23,60.039993,48.3726,6.0125027,0,2022-03-09 03:46:00,night,Diode,OK
1646800328,65,16.508095,53.82816,13.975662,0,2022-03-09 04:32:08,night,CO2,OK
1646827326,61,68.339615,69.75568,0.117957525,0,2022-03-09 12:02:06,morning,Nd:YAG,OK
1646829535,78,10.277959,57.358685,6.587064,0,2022-03-09 12:38:55,morning,Diode,WARNING
1646831751,4,73.013275,79.8604,13.958195,0,2022-03-09 13:15:51,morning,Excimer,OK
1646842155,53,32.340214,62.11396,16.070345,0,2022-03-09 16:09:15,day,Diode,OK
1646856854,98,56.962532,107.881134,1.3205684,0,2022-03-09 20:14:14,day,Diode,OK
1646868180,39,38.611427,69.99953,5.2732434,0,2022-03-09 23:23:00,night,Excimer,OK
1646933980,72,59.986275,92.16201,10.761569,0,2022-03-10 17:39:40,day,Fiber,OK
1646984247,22,84.02174,29.57138,4.6385508,0,2022-03-11 07:37:27,morning,Fiber,OK
1646984252,36,47.293,45.57584,11.8802185,0,2022-03-11 07:37:32,morning,Nd:YAG,OK
1647058193,82,85.99513,74.5836,10.745749,0,2022-03-12 04:09:53,night,Fiber,OK
1647079744,67,46.33417,17.793303,1.3442737,0,2022-03-12 10:09:04,morning,Fiber,OK
1647084287,25,283.06238,60.277252,1.3665048,0,2022-03-12 11:24:47,morning,CO2,WARNING
1647093925,96,71.88256,6.5533834,0.045933362,0,2022-03-12 14:05:25,day,Nd:YAG,OK
1647116958,86,22.40163,33.20308,7.8117533,0,2022-03-12 20:29:18,day,Nd:YAG,OK
1647118521,10,49.31547,55.70695,23.099031,0,2022-03-12 20:55:21,day,CO2,OK
1647144910,87,41.56563,47.093914,2.7937183,0,2022-03-13 04:15:10,night,Fiber,OK
1647186519,91,66.81801,28.550426,6.874134,0,2022-03-13 15:48:39,day,Nd:YAG,OK
1647217878,37,65.82372,38.70239,10.125644,0,2022-03-14 00:31:18,night,Fiber,OK
1647230635,62,41.618713,13.563744,18.489578,0,2022-03-14 04:03:55,night,Fiber,OK
1647272578,11,48.2842,430.094,13.534648,0,2022-03-14 15:42:58,day,Nd:YAG,OK
1647298322,85,23.327522,20.6583,11.228068,0,2022-03-14 22:52:02,night,CO2,OK
1647324541,82,69.010056,49.484737,1.4668019,0,2022-03-15 06:09:01,morning,Fiber,OK
1647366703,13,19.860746,87.504,11.35411,0,2022-03-15 17:51:43,day,Diode,OK
1647378821,88,85.72659,48.583466,22.75844,0,2022-03-15 21:13:41,day,Diode,OK
1647380340,48,26.754381,24.159748,5.301706,0,2022-03-15 21:39:00,day,Diode,OK
1647389563,83,62.11222,38.472485,9.915125,0,2022-03-16 00:12:43,night,Diode,OK
1647397505,43,82.10748,86.01349,4.3505216,0,2022-03-16 02:25:05,night,Diode,OK
1647438958,8,93.293365,276.2201,4.0847464,0,2022-03-16 13:55:58,morning,Diode,OK
1647450331,26,2.872484,14.058666,10.258587,0,2022-03-16 17:05:31,day,Nd:YAG,WARNING
1647467065,26,54.93065,71.18798,21.739162,0,2022-03-16 21:44:25,day,Nd:YAG,OK
1647469315,78,276.51172,59.00673,5.714595,0,2022-03-16 22:21:55,night,Diode,WARNING
1647550461,79,53.747017,27.517124,3.8293295,0,2022-03-17 20:54:21,day,Excimer,OK
1647552191,96,29.455994,45.594215,4.6944647,0,2022-03-17 21:23:11,day,Nd:YAG,OK
1647559520,7,71.62286,40.970432,18.411394,0,2022-03-17 23:25:20,night,Fiber,OK
1647560688,16,64.29551,12.935127,20.766743,0,2022-03-17 23:44:48,night,Nd:YAG,OK
1647570649,70,48.970093,60.938137,10.267165,0,2022-03-18 02:30:49,night,CO2,OK
1647575231,60,82.43842,81.45131,5.110544,0,2022-03-18 03:47:11,night,CO2,OK
1647576165,17,37.557304,84.28917,2.923056,0,2022-03-18 04:02:45,night,Fiber,OK
1647602524,83,34.938835,48.06304,10.008244,0,2022-03-18 11:22:04,morning,Diode,OK
1647609105,61,0.019146664,31.345118,2.3420799,0,2022-03-18 13:11:45,morning,Nd:YAG,WARNING
1647652060,46,95.96296,17.568384,7.12698,0,2022-03-19 01:07:40,night,Nd:YAG,OK
1647684412,94,47.77147,72.18856,5.995208,0,2022-03-19 10:06:52,morning,Excimer,OK
1647688904,59,62.99143,36.4478,6.779455,0,2022-03-19 11:21:44,morning,Excimer,OK
1647692213,46,35.817024,50.401047,13.998363,0,2022-03-19 12:16:53,morning,Nd:YAG,OK
1647720381,73,23.988173,34.15158,4.472424,0,2022-03-19 20:06:21,day,Diode,OK
1647727316,31,42.270283,79.0912,71.38493,0,2022-03-19 22:01:56,night,Nd:YAG,OK
1647753918,83,46.765278,36.531513,14.177544,0,2022-03-20 05:25:18,night,Diode,OK
1647764056,14,42.966923,10.033703,9.5781975,0,2022-03-20 08:14:16,morning,Excimer,OK
1647779668,10,110.72832,70.36098,11.179474,0,2022-03-20 12:34:28,morning,CO2,WARNING
1647781374,60,66.54209,76.166306,18.683323,0,2022-03-20 13:02:54,morning,CO2,OK
1647823857,56,50.44982,52.499454,2.418583,0,2022-03-21 00:50:57,night,Nd:YAG,OK
1647824360,56,6.7302756,30.794662,5.2061996,0,2022-03-21 00:59:20,night,Nd:YAG,WARNING
1647850973,7,56.926907,78.75615,14.560111,0,2022-03-21 08:22:53,morning,Fiber,OK
1647871388,54,5.17324,78.374664,10.057957,0,2022-03-21 14:03:08,day,Excimer,WARNING
1647890612,64,75.21381,43.772903,8.625626,0,2022-03-21 19:23:32,day,Excimer,OK
1647915045,31,63.32648,63.491432,7.1112757,0,2022-03-22 02:10:45,night,Nd:YAG,OK
1647929122,24,79.63202,22.72529,13.996483,0,2022-03-22 06:05:22,morning,Excimer,OK
1647961624,69,77.48854,58.318188,101.205025,0,2022-03-22 15:07:04,day,Excimer,OK
1647975300,55,68.12999,18.37909,13.579402,0,2022-03-22 18:55:00,day,CO2,OK
1648089392,29,45.423843,54.627045,2.013383,0,2022-03-24 02:36:32,night,Excimer,OK
1648136330,59,24.48349,58.61757,7.0136156,0,2022-03-24 15:38:50,day,Excimer,OK
1648141176,50,49.925804,17.270952,11.240979,0,2022-03-24 16:59:36,day,CO2,OK
1648152336,13,58.466686,64.12253,5.739321,0,2022-03-24 20:05:36,day,Diode,OK
1648164682,68,23.57282,9.526673,15.772015,0,2022-03-24 23:31:22,night,Diode,OK
1648171639,89,9.04154,59.72087,4.406926,0,2022-03-25 01:27:19,night,Excimer,WARNING
1648193106,12,19.566862,30.627333,2.5075967,0,2022-03-25 07:25:06,morning,Fiber,OK
1648202469,31,300.253,24.405233,1.1327242,0,2022-03-25 10:01:09,morning,Nd:YAG,WARNING
1648229078,75,256.5337,86.19583,3.4375823,0,2022-03-25 17:24:38,day,CO2,WARNING
1648281106,29,61.181,32.46182,140.52634,0,2022-03-26 07:51:46,morning,Excimer,OK
1648294672,30,35.501934,55.30076,12.067881,0,2022-03-26 11:37:52,morning,CO2,OK
1648313794,9,114.06481,53.73901,3.596049,0,2022-03-26 16:56:34,day,Excimer,WARNING
1648324954,25,15.925519,46.01985,4.230591,0,2022-03-26 20:02:34,day,CO2,OK
1648330911,72,54.07112,61.280296,26.24297,0,2022-03-26 21:41:51,day,Fiber,OK
1648412644,10,50.3518,50.684513,7.25971,0,2022-03-27 20:24:04,day,CO2,OK
1648444589,76,47.192284,233.79419,17.168798,0,2022-03-28 05:16:29,night,Nd:YAG,OK
1648461046,38,48.706528,21.32989,4.083371,0,2022-03-28 09:50:46,morning,Diode,OK
1648476168,62,65.908104,72.82498,15.824916,0,2022-03-28 14:02:48,day,Fiber,OK
1648479794,19,78.046196,40.197914,19.029108,0,2022-03-28 15:03:14,day,Excimer,OK
1648490270,58,67.82368,71.250114,13.105746,0,2022-03-28 17:57:50,day,Diode,OK
1648541867,91,55.597523,3.7762213,18.291862,0,2022-03-29 08:17:47,morning,Nd:YAG,OK
1648541977,15,64.053406,33.1463,2.3576357,0,2022-03-29 08:19:37,morning,CO2,OK
1648560441,83,48.160675,53.98465,9.708521,0,2022-03-29 13:27:21,morning,Diode,OK
1648565808,44,19.58219,56.628334,27.337431,0,2022-03-29 14:56:48,day,Excimer,OK
1648599255,58,71.896935,44.925926,1.068087,0,2022-03-30 00:14:15,night,Diode,OK
1648659776,81,75.15892,64.82088,15.250311,0,2022-03-30 17:02:56,day,Nd:YAG,OK
1648665908,56,40.547405,44.02854,18.350891,0,2022-03-30 18:45:08,day,Nd:YAG,OK
1648670634,71,27.290709,39.184933,8.448928,0,2022-03-30 20:03:54,day,Nd:YAG,OK
1648686847,32,54.870365,6.8261185,12.252006,0,2022-03-31 00:34:07,night,Fiber,OK
1648702860,40,37.198883,35.599613,17.991796,0,2022-03-31 05:01:00,night,CO2,OK
1648711344,6,70.13233,73.5665,3.0562387,0,2022-03-31 07:22:24,morning,Nd:YAG,OK
1648711720,99,42.29161,57.496124,10.58887,0,2022-03-31 07:28:40,morning,Excimer,OK
1648781623,52,64.23376,5.407665,1.8900161,0,2022-04-01 02:53:43,night,Fiber,OK
1648802208,38,26.488031,46.88441,0.20337248,0,2022-04-01 08:36:48,morning,Diode,OK
1648810696,56,52.448425,31.068596,7.676453,0,2022-04-01 10:58:16,morning,Nd:YAG,OK
1648820706,3,51.28461,47.33448,2.5307913,0,2022-04-01 13:45:06,morning,Diode,ERROR
1648836899,59,22.111752,45.3666,4.6958556,0,2022-04-01 18:14:59,day,Excimer,OK
1648841042,51,44.765568,44.026985,27.178349,0,2022-04-01 19:24:02,day,Nd:YAG,OK
1648853141,5,55.121086,39.36841,4.9785137,0,2022-04-01 22:45:41,night,CO2,OK
1648860231,51,85.176865,89.23175,6.5187874,0,2022-04-02 00:43:51,night,Nd:YAG,OK
1648886549,30,83.182365,53.50181,2.814782,0,2022-04-02 08:02:29,morning,CO2,OK
1648887975,71,69.82382,61.588448,3.0987182,0,2022-04-02 08:26:15,morning,Nd:YAG,OK
1648949968,34,36.03583,65.3051,9.7289715,0,2022-04-03 01:39:28,night,Excimer,OK
1648968851,99,310.7238,69.74535,4.7586274,0,2022-04-03 06:54:11,morning,Excimer,WARNING
1648971163,58,76.93691,19.095291,15.457608,0,2022-04-03 07:32:43,morning,Diode,OK
1649015821,45,78.37993,9.823107,4.640276,0,2022-04-03 19:57:01,day,CO2,OK
1649034523,67,97.39576,32.813618,25.75024,0,2022-04-04 01:08:43,night,Fiber,OK
1649062117,96,26.843054,72.24109,5.9904337,0,2022-04-04 08:48:37,morning,Nd:YAG,OK
1649062200,34,37.13795,53.152687,2.1106594,0,2022-04-04 08:50:00,morning,Excimer,OK
1649064656,77,66.62074,95.344185,4.782254,0,2022-04-04 09:30:56,morning,Fiber,OK
1649075832,62,65.313644,45.523155,4.796861,0,2022-04-04 12:37:12,morning,Fiber,OK
1649077115,29,61.05354,6.0259843,5.792019,0,2022-04-04 12:58:35,morning,Excimer,OK
1649080211,64,45.88747,58.77823,12.654246,0,2022-04-04 13:50:11,morning,Excimer,OK
1649086116,65,23.967854,55.860943,27.48416,0,2022-04-04 15:28:36,day,CO2,OK
1649111811,66,86.328636,37.256527,17.078156,0,2022-04-04 22:36:51,night,Nd:YAG,OK
1649133052,9,53.613823,70.916046,1.1243887,0,2022-04-05 04:30:52,night,Excimer,OK
1649133483,83,50.86598,12.841094,8.33485,0,2022-04-05 04:38:03,night,Diode,OK
1649149761,84,84.40248,5.895152,3.221119,0,2022-04-05 09:09:21,morning,Excimer,OK
1649151690,77,14.117677,2.3404691,2.0538707,0,2022-04-05 09:41:30,morning,Fiber,OK
1649169291,11,38.97494,59.38859,0.2326375,0,2022-04-05 14:34:51,day,Nd:YAG,OK
1649174334,76,41.128117,43.258736,21.004858,0,2022-04-05 15:58:54,day,Nd:YAG,OK
1649175104,77,19.945532,53.209373,6.588363,0,2022-04-05 16:11:44,day,Fiber,OK
1649184986,23,83.41669,62.197037,0.8207585,0,2022-04-05 18:56:26,day,Diode,OK
1649190622,82,47.923637,100.188614,7.1342945,0,2022-04-05 20:30:22,day,Fiber,OK
1649194328,63,54.306442,81.488976,24.721447,0,2022-04-05 21:32:08,day,Diode,OK
1649207590,26,81.684456,32.6088,8.252464,0,2022-04-06 01:13:10,night,Nd:YAG,OK
1649273735,97,89.64645,12.127886,13.433766,0,2022-04-06 19:35:35,day,Fiber,OK
1649275562,88,71.141304,67.148575,7.092945,0,2022-04-06 20:06:02,day,Diode,OK
1649277002,84,115.701126,60.28884,6.2904463,0,2022-04-06 20:30:02,day,Excimer,WARNING
1649277786,40,1.5843967,58.737034,6.8895874,0,2022-04-06 20:43:06,day,CO2,WARNING
1649292902,1,18.79885,55.66494,5.522868,0,2022-04-07 00:55:02,night,Nd:YAG,OK
1649293127,3,75.76105,34.489414,1.0796915,0,2022-04-07 00:58:47,night,Diode,OK
1649319144,76,2.9728014,38.31247,5.194752,0,2022-04-07 08:12:24,morning,Nd:YAG,WARNING
1649322835,79,74.211876,48.21993,20.902328,0,2022-04-07 09:13:55,morning,Excimer,OK
1649337899,84,25.870296,54.241734,1.7254187,0,2022-04-07 13:24:59,morning,Excimer,OK
1649342002,27,67.31739,285.34845,1.224243,0,2022-04-07 14:33:22,day,Fiber,OK
1649348222,68,85.747154,82.15997,3.0501552,0,2022-04-07 16:17:02,day,Diode,OK
1649349904,15,137.30232,100.04451,2.719128,0,2022-04-07 16:45:04,day,CO2,WARNING
1649352507,96,43.655003,40.301273,130.41624,0,2022-04-07 17:28:27,day,Nd:YAG,OK
1649352817,65,41.063557,27.585999,15.762164,0,2022-04-07 17:33:37,day,CO2,OK
1649377502,2,18.26569,86.46922,2.9864786,0,2022-04-08 00:25:02,night,Fiber,OK
1649422769,82,51.67446,74.40203,7.2865305,0,2022-04-08 12:59:29,morning,Fiber,OK
1649458647,2,43.19327,56.029984,102.14991,0,2022-04-08 22:57:27,night,Fiber,OK
1649460831,1,17.202158,89.13382,6.6744,0,2022-04-08 23:33:51,night,Nd:YAG,OK
1649462318,8,42.15802,51.018524,18.287619,0,2022-04-08 23:58:38,night,Diode,OK
1649519020,7,56.102013,109.99976,6.601592,0,2022-04-09 15:43:40,day,Fiber,OK
1649556376,61,8.96403,50.84858,17.244297,0,2022-04-10 02:06:16,night,Nd:YAG,WARNING
1649557230,64,30.99624,52.472313,27.61064,0,2022-04-10 02:20:30,night,Excimer,OK
1649583568,44,53.179783,52.786232,10.536876,0,2022-04-10 09:39:28,morning,Excimer,OK
1649638651,31,36.89539,61.73918,10.510485,0,2022-04-11 00:57:31,night,Nd:YAG,OK
1649647519,76,57.38283,33.48267,11.090127,0,2022-04-11 03:25:19,night,Nd:YAG,OK
1649651831,81,56.20903,88.56812,8.51095,0,2022-04-11 04:37:11,night,Nd:YAG,OK
1649674668,90,40.90503,41.73332,8.51178,0,2022-04-11 10:57:48,morning,CO2,OK
1649731787,74,43.43675,68.4672,12.195634,0,2022-04-12 02:49:47,night,Excimer,OK
1649754086,80,87.16358,28.25707,24.212807,0,2022-04-12 09:01:26,morning,CO2,OK
1649755507,90,93.89111,40.018963,9.16892,0,2022-04-12 09:25:07,morning,CO2,OK
1649756539,4,70.88117,14.821565,0.3026484,0,2022-04-12 09:42:19,morning,Excimer,OK
1649785973,96,37.347763,5.859883,16.551886,0,2022-04-12 17:52:53,day,Nd:YAG,OK
1649818626,59,54.09699,46.26505,1.3222171,0,2022-04-13 02:57:06,night,Excimer,OK
1649826518,81,54.524403,57.5148,10.366992,0,2022-04-13 05:08:38,night,Nd:YAG,OK
1649837310,22,52.521618,35.884502,2.2173405,0,2022-04-13 08:08:30,morning,Fiber,OK
1649845934,7,54.011734,50.14778,2.3115478,0,2022-04-13 10:32:14,morning,Fiber,OK
1649846348,82,59.405674,28.512402,9.57526,0,2022-04-13 10:39:08,morning,Fiber,OK
1649870273,53,33.440823,61.64564,19.022007,0,2022-04-13 17:17:53,day,Diode,OK
1649882096,54,25.746483,75.318756,7.378597,0,2022-04-13 20:34:56,day,Excimer,OK
1649919318,65,39.389988,44.69769,0.7770879,0,2022-04-14 06:55:18,morning,CO2,OK
1649941788,14,54.71609,84.39854,67.070045,0,2022-04-14 13:09:48,morning,Excimer,OK
1649949744,30,55.00153,57.389935,20.044666,0,2022-04-14 15:22:24,day,CO2,OK
1649951482,22,53.382397,24.920576,2.198955,0,2022-04-14 15:51:22,day,Fiber,OK
1649961793,8,34.94273,30.423119,7.1583905,0,2022-04-14 18:43:13,day,Diode,OK
1649966013,46,72.70433,71.62555,9.942359,0,2022-04-14 19:53:33,day,Nd:YAG,OK
1649968479,92,331.3679,70.99644,9.598687,0,2022-04-14 20:34:39,day,Fiber,WARNING
1649975330,25,36.49416,32.557922,25.135817,0,2022-04-14 22:28:50,night,CO2,OK
1650004927,15,19.099842,58.377533,13.679462,0,2022-04-15 06:42:07,morning,CO2,OK
1650019783,85,47.20425,45.88868,12.865302,0,2022-04-15 10:49:43,morning,CO2,OK
1650024106,13,48.209755,81.26787,12.547103,0,2022-04-15 12:01:46,morning,Diode,OK
1650053087,95,45.989937,13.259639,15.738467,0,2022-04-15 20:04:47,day,CO2,OK
1650085016,5,35.09453,52.119736,101.38495,0,2022-04-16 04:56:56,night,CO2,OK
1650085971,9,9.21007,33.38897,10.991126,0,2022-04-16 05:12:51,night,Excimer,WARNING
1650099936,67,60.54953,28.919754,12.230941,0,2022-04-16 09:05:36,morning,Fiber,OK
1650129596,16,41.85727,73.23874,10.15819,0,2022-04-16 17:19:56,day,Nd:YAG,OK
1650130362,4,51.823368,49.718426,7.7487197,0,2022-04-16 17:32:42,day,Excimer,OK
1650132563,31,3.8306882,26.858353,0.27136266,0,2022-04-16 18:09:23,day,Nd:YAG,WARNING
1650133456,64,36.995087,38.156982,2.284313,0,2022-04-16 18:24:16,day,Excimer,OK
1650152785,16,74.66956,315.83307,3.6965628,0,2022-04-16 23:46:25,night,Nd:YAG,OK
1650159644,88,76.22225,72.72133,9.649137,0,2022-04-17 01:40:44,night,Diode,OK
1650163018,72,2.051296,29.988783,15.882916,0,2022-04-17 02:36:58,night,Fiber,WARNING
1650187793,81,62.933548,18.661789,8.492919,0,2022-04-17 09:29:53,morning,Nd:YAG,OK
1650195665,83,56.6583,38.89895,12.008415,0,2022-04-17 11:41:05,morning,Diode,OK
1650209050,5,71.76367,82.364,12.800497,0,2022-04-17 15:24:10,day,CO2,OK
1650211852,36,100.739716,89.096405,1.2081536,0,2022-04-17 16:10:52,day,Nd:YAG,WARNING
1650220167,35,35.153633,0.26309726,8.687073,0,2022-04-17 18:29:27,day,CO2,OK
1650220747,1,21.533884,28.971888,12.626246,0,2022-04-17 18:39:07,day,Nd:YAG,OK
1650224200,69,73.36176,65.79357,17.309034,0,2022-04-17 19:36:40,day,Excimer,OK
1650226916,81,47.095303,60.812725,4.2345343,0,2022-04-17 20:21:56,day,Nd:YAG,OK
1650231783,83,57.57979,45.714333,3.1422546,0,2022-04-17 21:43:03,day,Diode,OK
1650239209,42,27.127466,2.3485315,121.18436,0,2022-04-17 23:46:49,night,Fiber,OK
1650239919,67,90.83393,38.498936,2.64679,0,2022-04-17 23:58:39,night,Fiber,OK
1650272676,85,56.34231,29.396156,3.9003386,0,2022-04-18 09:04:36,morning,CO2,OK
1650293871,53,16.541067,85.045296,3.538667,0,2022-04-18 14:57:51,day,Diode,OK
1650300769,46,36.419502,62.44322,4.799512,0,2022-04-18 16:52:49,day,Nd:YAG,OK
1650311086,52,70.30312,76.552216,19.113909,0,2022-04-18 19:44:46,day,Fiber,OK
1650311891,42,16.242352,423.60928,0.408214,0,2022-04-18 19:58:11,day,Fiber,OK
1650318942,31,46.164925,3.01175,4.3973494,0,2022-04-18 21:55:42,day,Nd:YAG,OK
1650338486,46,17.823158,88.173805,2.1851852,0,2022-04-19 03:21:26,night,Nd:YAG,OK
1650345664,8,29.663868,43.108253,22.878082,0,2022-04-19 05:21:04,night,Diode,OK
1650357559,30,35.50417,57.354675,6.755676,0,2022-04-19 08:39:19,morning,CO2,OK
1650364283,37,51.41483,85.13436,12.100826,0,2022-04-19 10:31:23,morning,Fiber,OK
1650379691,74,55.09875,72.20077,5.3140874,0,2022-04-19 14:48:11,day,Excimer,OK
1650381020,43,69.9348,32.813503,17.310726,0,2022-04-19 15:10:20,day,Diode,OK
1650398546,31,24.089949,76.930176,22.060812,0,2022-04-19 20:02:26,day,Nd:YAG,OK
1650403372,38,81.426605,53.26102,10.380551,0,2022-04-19 21:22:52,day,Diode,OK
1650417432,27,34.046944,81.51993,9.840568,0,2022-04-20 01:17:12,night,Fiber,OK
1650456829,90,97.90879,28.132988,78.769104,0,2022-04-20 12:13:49,morning,CO2,OK
1650458757,85,68.51606,25.079027,2.3446655,0,2022-04-20 12:45:57,morning,CO2,OK
1650504459,32,53.621807,58.59426,15.893734,0,2022-04-21 01:27:39,night,Fiber,OK
1650505598,6,358.15857,91.83324,11.298021,0,2022-04-21 01:46:38,night,Nd:YAG,WARNING
1650537117,2,44.135235,54.368202,17.754642,0,2022-04-21 10:31:57,morning,Fiber,OK
1650546526,97,65.30246,361.9125,4.889394,0,2022-04-21 13:08:46,morning,Fiber,OK
1650555206,15,57.398266,54.40407,9.186291,0,2022-04-21 15:33:26,day,CO2,OK
1650606336,86,52.69501,222.61708,21.208681,0,2022-04-22 05:45:36,night,Nd:YAG,OK
1650628246,39,10.926681,48.961903,0.8767616,0,2022-04-22 11:50:46,morning,Excimer,OK
1650649018,66,43.54201,51.47332,6.024258,0,2022-04-22 17:36:58,day,Nd:YAG,OK
1650651535,82,54.347496,44.69,10.314372,0,2022-04-22 18:18:55,day,Fiber,OK
1650687681,27,38.277424,51.83308,7.6057744,0,2022-04-23 04:21:21,night,Fiber,OK
1650693656,3,57.537083,62.95681,1.2580979,0,2022-04-23 06:00:56,morning,Diode,OK
1650702592,77,8.422116,59.237442,1.8520503,0,2022-04-23 08:29:52,morning,Fiber,WARNING
1650726157,67,29.2436,21.657204,3.69254,0,2022-04-23 15:02:37,day,Fiber,OK
1650743042,1,60.449535,48.622864,2.3599315,0,2022-04-23 19:44:02,day,Nd:YAG,OK
1650783828,99,1.8748283,48.29956,9.694282,0,2022-04-24 07:03:48,morning,Excimer,WARNING
1650794136,61,34.124176,53.570988,5.9819245,0,2022-04-24 09:55:36,morning,Nd:YAG,OK
1650799839,48,21.713238,56.81056,0.25643104,0,2022-04-24 11:30:39,morning,Diode,OK
1650817238,54,32.414654,36.431473,2.7775202,0,2022-04-24 16:20:38,day,Excimer,OK
1650822039,55,89.42736,53.208393,0.46533132,0,2022-04-24 17:40:39,day,CO2,OK
1650822408,36,44.742085,35.14287,4.976518,0,2022-04-24 17:46:48,day,Nd:YAG,OK
1650826588,60,42.74789,65.08068,15.146691,0,2022-04-24 18:56:28,day,CO2,OK
1650842487,13,43.024998,32.052494,6.609746,0,2022-04-24 23:21:27,night,Diode,OK
1650889403,9,69.32691,42.884308,4.440554,0,2022-04-25 12:23:23,morning,Excimer,OK
1650894551,94,46.728966,84.26846,7.3493104,0,2022-04-25 13:49:11,morning,Excimer,OK
1650898788,22,70.49566,35.368633,113.005974,0,2022-04-25 14:59:48,day,Fiber,OK
1650906193,56,45.925835,35.655506,0.8515431,0,2022-04-25 17:03:13,day,Nd:YAG,OK
1650935628,52,51.914536,3.5312612,5.8432817,0,2022-04-26 01:13:48,night,Fiber,OK
1650973329,46,35.01164,59.970688,6.334888,0,2022-04-26 11:42:09,morning,Nd:YAG,OK
1650985260,63,56.626816,64.1056,7.609668,0,2022-04-26 15:01:00,day,Diode,OK
1650998523,61,51.82867,45.43591,14.137259,0,2022-04-26 18:42:03,day,Nd:YAG,OK
1651015772,90,107.47635,268.12988,10.374155,0,2022-04-26 23:29:32,night,CO2,WARNING
1651026849,95,35.57575,16.607182,13.968491,0,2022-04-27 02:34:09,night,CO2,OK
1651055068,38,71.577934,22.860092,25.1727,0,2022-04-27 10:24:28,morning,Diode,OK
1651060685,72,62.439404,18.108337,0.94904834,0,2022-04-27 11:58:05,morning,Fiber,OK
1651067211,93,71.259125,67.79571,133.88445,0,2022-04-27 13:46:51,morning,Diode,OK
1651078500,73,110.59475,55.388557,14.459602,0,2022-04-27 16:55:00,day,Diode,WARNING
1651091285,80,71.01683,83.959274,8.945205,0,2022-04-27 20:28:05,day,CO2,OK
1651101687,10,52.859352,44.648064,10.82859,0,2022-04-27 23:21:27,night,CO2,OK
1651106088,56,24.846169,35.92829,132.40858,0,2022-04-28 00:34:48,night,Nd:YAG,OK
1651135242,41,33.633286,41.818657,10.271861,0,2022-04-28 08:40:42,morning,Nd:YAG,OK
1651143730,93,80.64251,32.067482,2.6788883,0,2022-04-28 11:02:10,morning,Diode,OK
1651169597,26,42.032703,50.797684,13.347679,0,2022-04-28 18:13:17,day,Nd:YAG,OK
1651187847,0,75.551704,70.51548,7.4097857,0,2022-04-28 23:17:27,night,CO2,OK
1651195611,97,65.58864,66.74341,1.9501915,0,2022-04-29 01:26:51,night,Fiber,OK
1651218267,24,32.154175,49.9579,4.3237224,0,2022-04-29 07:44:27,morning,Excimer,OK
1651252440,87,38.856976,86.849525,5.4082685,0,2022-04-29 17:14:00,day,Fiber,OK
1651273369,38,29.906876,32.347942,8.780888,0,2022-04-29 23:02:49,night,Diode,ERROR
1651290489,15,59.910694,70.84284,0.7212657,0,2022-04-30 03:48:09,night,CO2,OK
1651312508,82,52.637447,0.5342267,5.943941,0,2022-04-30 09:55:08,morning,Fiber,OK
1651333135,9,48.799473,37.513874,21.607899,0,2022-04-30 15:38:55,day,Excimer,OK
1651365818,84,70.01306,39.134586,5.6890793,0,2022-05-01 00:43:38,night,Excimer,OK
1651384151,90,40.34816,38.297405,20.357107,0,2022-05-01 05:49:11,night,CO2,OK
1651480017,58,52.32534,55.999985,16.296299,0,2022-05-02 08:26:57,morning,Diode,OK
1651480766,98,1.6255559,49.67563,5.4902754,0,2022-05-02 08:39:26,morning,Diode,WARNING
1651506973,62,268.1419,58.42511,7.1600685,0,2022-05-02 15:56:13,day,Fiber,WARNING
1651509444,58,10.099824,0.8255089,0.14361824,0,2022-05-02 16:37:24,day,Diode,WARNING
1651529021,63,61.26996,33.867653,0.4091611,0,2022-05-02 22:03:41,night,Diode,OK
1651539156,89,17.40421,61.71572,10.768836,0,2022-05-03 00:52:36,night,Excimer,OK
1651549876,73,26.772188,59.52146,0.7921167,0,2022-05-03 03:51:16,night,Diode,OK
1651562479,30,93.00089,14.824141,2.874183,0,2022-05-03 07:21:19,morning,CO2,OK
1651574419,36,47.806812,58.21522,3.8660464,0,2022-05-03 10:40:19,morning,Nd:YAG,OK
1651605449,62,56.139164,116.30506,6.1847095,0,2022-05-03 19:17:29,day,Fiber,OK
1651636127,49,14.048781,32.974556,5.883458,0,2022-05-04 03:48:47,night,Excimer,OK
1651640385,98,98.92712,67.95563,5.0403233,0,2022-05-04 04:59:45,night,Diode,OK
1651644841,72,129.11226,418.23737,11.104484,0,2022-05-04 06:14:01,morning,Fiber,WARNING
1651660629,33,16.911114,42.079937,5.590063,0,2022-05-04 10:37:09,morning,Diode,OK
1651684412,16,68.70626,82.235435,19.146544,0,2022-05-04 17:13:32,day,Nd:YAG,OK
1651687829,17,80.4819,74.17738,9.060518,0,2022-05-04 18:10:29,day,Fiber,OK
1651692255,63,341.55096,51.167263,4.791975,0,2022-05-04 19:24:15,day,Diode,WARNING
1651693710,64,29.195814,34.307774,1.1957632,0,2022-05-04 19:48:30,day,Excimer,OK
1651734865,55,103.55204,85.609314,4.9829645,0,2022-05-05 07:14:25,morning,CO2,WARNING
1651763623,78,81.376175,280.59354,8.67743,0,2022-05-05 15:13:43,day,Diode,OK
1651807234,95,44.810524,76.0078,21.125902,0,2022-05-06 03:20:34,night,CO2,OK
1651815353,34,88.03628,34.4977,6.482961,0,2022-05-06 05:35:53,night,Excimer,OK
1651816117,9,53.095387,12.989119,7.5095963,0,2022-05-06 05:48:37,night,Excimer,OK
1651816974,50,42.66333,138.22864,13.884031,0,2022-05-06 06:02:54,morning,CO2,OK
1651835968,8,82.16186,24.582424,9.874785,0,2022-05-06 11:19:28,morning,Diode,OK
1651863482,14,47.785656,45.333942,0.03690451,0,2022-05-06 18:58:02,day,Excimer,OK
1651867948,64,21.522924,24.146908,7.1303644,0,2022-05-06 20:12:28,day,Excimer,OK
1651888726,46,55.379967,58.281784,6.8733425,0,2022-05-07 01:58:46,night,Nd:YAG,OK
1651894582,30,12.918609,58.141533,5.7784996,0,2022-05-07 03:36:22,night,CO2,OK
1651895199,13,46.413906,21.832182,12.862146,0,2022-05-07 03:46:39,night,Diode,OK
1651907523,6,26.352997,79.77938,7.0010734,0,2022-05-07 07:12:03,morning,Nd:YAG,OK
1651931981,56,17.340378,54.550827,7.391069,0,2022-05-07 13:59:41,morning,Nd:YAG,OK
1651974031,41,47.94257,3.4336753,15.248407,0,2022-05-08 01:40:31,night,Nd:YAG,OK
1651985419,23,17.879303,77.037895,19.186554,0,2022-05-08 04:50:19,night,Diode,OK
1652017089,46,76.80492,57.445866,11.167543,0,2022-05-08 13:38:09,morning,Nd:YAG,OK
1652037262,88,47.644978,38.10792,8.166524,0,2022-05-08 19:14:22,day,Diode,OK
1652046615,31,62.830013,19.54634,14.40412,0,2022-05-08 21:50:15,day,Nd:YAG,OK
1652078986,46,32.59637,31.270256,3.229586,0,2022-05-09 06:49:46,morning,Nd:YAG,OK
1652084747,40,42.048637,53.40114,2.5012681,0,2022-05-09 08:25:47,morning,CO2,OK
1652101334,72,34.171253,32.982327,122.75516,0,2022-05-09 13:02:14,morning,Fiber,OK
1652112982,72,48.072002,42.99552,5.0023804,0,2022-05-09 16:16:22,day,Fiber,OK
1652146458,26,33.923374,70.520676,18.261345,0,2022-05-10 01:34:18,night,Nd:YAG,OK
1652176989,99,45.80387,31.342651,7.405758,0,2022-05-10 10:03:09,morning,Excimer,OK
1652208383,3,46.38394,62.893013,19.406164,0,2022-05-10 18:46:23,day,Diode,OK
1652221285,73,17.882683,76.1669,5.0088634,0,2022-05-10 22:21:25,night,Diode,OK
1652237730,60,43.07992,66.71265,14.541735,0,2022-05-11 02:55:30,night,CO2,OK
1652247628,62,49.96259,24.051853,8.599692,0,2022-05-11 05:40:28,night,Fiber,OK
1652283970,76,32.007072,80.74466,34.349617,0,2022-05-11 15:46:10,day,Nd:YAG,OK
1652294222,16,76.26989,52.364143,17.508753,0,2022-05-11 18:37:02,day,Nd:YAG,OK
1652296665,21,241.1259,36.577972,0.4619963,0,2022-05-11 19:17:45,day,Nd:YAG,WARNING
1652306525,56,81.44309,57.32372,14.897928,0,2022-05-11 22:02:05,night,Nd:YAG,OK
1652319356,35,362.85184,50.691116,3.8697572,0,2022-05-12 01:35:56,night,CO2,WARNING
1652367654,32,52.735733,53.871967,4.173017,0,2022-05-12 15:00:54,day,Fiber,OK
1652388360,21,38.044376,55.611206,4.1577067,0,2022-05-12 20:46:00,day,Nd:YAG,OK
1652394877,78,39.055286,38.59478,9.177992,0,2022-05-12 22:34:37,night,Diode,OK
1652400166,38,48.10893,64.41982,8.235479,0,2022-05-13 00:02:46,night,Diode,OK
1652432885,34,14.451842,86.06136,11.731648,0,2022-05-13 09:08:05,morning,Excimer,OK
1652434540,42,46.37304,51.133312,2.5539324,0,2022-05-13 09:35:40,morning,Fiber,OK
1652451354,87,34.736504,12.14374,21.809721,0,2022-05-13 14:15:54,day,Fiber,OK
1652466107,8,21.579062,56.270756,2.8533583,0,2022-05-13 18:21:47,day,Diode,OK
1652468122,86,32.79832,2.1334722,2.8651655,0,2022-05-13 18:55:22,day,Nd:YAG,OK
1652471640,21,23.626287,64.458954,13.155917,0,2022-05-13 19:54:00,day,Nd:YAG,OK
1652494700,5,80.28206,41.943382,5.508656,0,2022-05-14 02:18:20,night,CO2,OK
1652499628,47,44.986355,60.18137,19.475502,0,2022-05-14 03:40:28,night,Fiber,OK
1652501125,4,45.87883,44.220352,12.469658,0,2022-05-14 04:05:25,night,Excimer,OK
1652517562,62,70.604836,40.317326,15.192137,0,2022-05-14 08:39:22,morning,Fiber,OK
1652523091,9,36.696457,36.77456,12.361084,0,2022-05-14 10:11:31,morning,Excimer,OK
1652573634,23,39.16393,75.944084,12.790161,0,2022-05-15 00:13:54,night,Diode,OK
1652616755,97,35.69863,53.433792,12.046222,0,2022-05-15 12:12:35,morning,Fiber,OK
1652618456,4,66.95541,78.936005,13.715051,0,2022-05-15 12:40:56,morning,Excimer,OK
1652644028,20,64.6555,46.892776,4.2190247,0,2022-05-15 19:47:08,day,CO2,OK
1652666197,3,87.68542,70.81813,9.179947,0,2022-05-16 01:56:37,night,Diode,OK
1652680566,44,39.279808,79.27429,8.938116,0,2022-05-16 05:56:06,night,Excimer,OK
1652704053,23,101.83321,39.415558,4.66164,0,2022-05-16 12:27:33,morning,Diode,WARNING
1652719750,85,39.52522,79.15381,8.938321,0,2022-05-16 16:49:10,day,CO2,OK
1652738043,73,8.698269,13.515514,143.40273,0,2022-05-16 21:54:03,day,Diode,WARNING
1652753061,33,56.78219,73.6542,4.7847595,0,2022-05-17 02:04:21,night,Diode,OK
1652754139,27,49.684772,70.19927,7.691492,0,2022-05-17 02:22:19,night,Fiber,OK
1652838551,62,45.233315,22.15576,4.4798274,0,2022-05-18 01:49:11,night,Fiber,OK
1652842746,85,45.882458,66.88975,3.0433528,0,2022-05-18 02:59:06,night,CO2,OK
1652888933,75,3.0797899,61.282326,3.5304792,0,2022-05-18 15:48:53,day,CO2,WARNING
1652890121,60,42.394543,53.34988,6.580012,0,2022-05-18 16:08:41,day,CO2,OK
1652890970,33,58.811745,36.39476,1.6112123,0,2022-05-18 16:22:50,day,Diode,OK
1652893523,78,326.15887,76.76599,11.044398,0,2022-05-18 17:05:23,day,Diode,WARNING
1652900204,46,31.046217,43.412125,2.466533,0,2022-05-18 18:56:44,day,Nd:YAG,OK
1652902093,53,84.649666,19.434273,13.701252,0,2022-05-18 19:28:13,day,Diode,OK
1652926718,16,113.135704,52.307034,23.406448,0,2022-05-19 02:18:38,night,Nd:YAG,WARNING
1652956204,78,13.07487,65.711525,20.021708,0,2022-05-19 10:30:04,morning,Diode,OK
1652958448,1,67.03906,66.952126,2.5754774,0,2022-05-19 11:07:28,morning,Nd:YAG,OK
1653045834,4,40.350887,10.630682,8.310862,0,2022-05-20 11:23:54,morning,Excimer,OK
1653116085,36,62.068047,67.1971,5.818965,0,2022-05-21 06:54:45,morning,Nd:YAG,OK
1653135713,45,96.812416,13.624337,6.938494,0,2022-05-21 12:21:53,morning,CO2,OK
1653145613,31,58.490875,125.81673,18.797161,0,2022-05-21 15:06:53,day,Nd:YAG,OK
1653185664,16,285.47165,32.498962,0.950326,0,2022-05-22 02:14:24,night,Nd:YAG,WARNING
1653209241,11,50.412697,55.829136,7.795498,0,2022-05-22 08:47:21,morning,Nd:YAG,OK
1653245112,0,57.342,37.258347,11.649416,0,2022-05-22 18:45:12,day,CO2,OK
1653246523,39,55.78877,25.506468,9.169189,0,2022-05-22 19:08:43,day,Excimer,OK
1653247557,29,410.2996,58.84985,2.1065052,0,2022-05-22 19:25:57,day,Excimer,WARNING
1653253640,16,83.12419,94.74186,4.627589,0,2022-05-22 21:07:20,day,Nd:YAG,OK
1653290193,31,36.769062,44.12125,0.30789983,0,2022-05-23 07:16:33,morning,Nd:YAG,OK
1653291831,38,50.289085,56.68587,125.17698,0,2022-05-23 07:43:51,morning,Diode,OK
1653309608,57,74.58069,70.28388,9.974434,0,2022-05-23 12:40:08,morning,Fiber,OK
1653325294,40,39.84846,92.42421,8.061971,0,2022-05-23 17:01:34,day,CO2,OK
1653334852,83,23.680544,56.838223,147.07428,0,2022-05-23 19:40:52,day,Diode,OK
1653339568,2,3.5809343,38.288807,23.68125,0,2022-05-23 20:59:28,day,Fiber,WARNING
1653361477,63,40.090816,51.755478,9.303629,0,2022-05-24 03:04:37,night,Diode,OK
1653403675,50,25.40506,8.05577,7.6803613,0,2022-05-24 14:47:55,day,CO2,OK
1653459315,90,48.577972,50.38445,2.8652647,0,2022-05-25 06:15:15,morning,CO2,OK
1653459528,74,305.6461,63.259296,4.0761905,0,2022-05-25 06:18:48,morning,Excimer,WARNING
1653470674,85,80.9941,69.893974,6.6480837,0,2022-05-25 09:24:34,morning,CO2,OK
1653476812,23,81.57971,36.110508,9.445637,0,2022-05-25 11:06:52,morning,Diode,OK
1653505331,37,50.852036,92.331566,15.078017,0,2022-05-25 19:02:11,day,Fiber,OK
1653510184,0,54.91949,28.947598,6.684708,0,2022-05-25 20:23:04,day,CO2,OK
1653519890,37,52.22488,83.92607,121.496216,0,2022-05-25 23:04:50,night,Fiber,OK
1653526660,0,72.54676,381.1428,3.2367082,0,2022-05-26 00:57:40,night,CO2,OK
1653574136,11,65.91686,28.719675,5.5494466,0,2022-05-26 14:08:56,day,Nd:YAG,OK
1653639950,39,58.590473,58.234486,9.882349,0,2022-05-27 08:25:50,morning,Excimer,OK
1653642761,6,20.148829,26.221294,2.9114854,0,2022-05-27 09:12:41,morning,Nd:YAG,OK
1653648402,15,38.30902,79.31628,13.625328,0,2022-05-27 10:46:42,morning,CO2,OK
1653677907,84,37.94272,30.307226,87.74195,0,2022-05-27 18:58:27,day,Excimer,OK
1653726216,9,48.25665,45.198383,2.7696366,0,2022-05-28 08:23:36,morning,Excimer,OK
1653735208,27,50.447838,10.109893,6.9527936,0,2022-05-28 10:53:28,morning,Fiber,OK
1653764965,43,64.5143,48.65983,1.5655086,0,2022-05-28 19:09:25,day,Diode,OK
1653807701,76,30.618593,39.263493,4.8080034,0,2022-05-29 07:01:41,morning,Nd:YAG,OK
1653829401,70,48.65854,27.379087,0.008205942,0,2022-05-29 13:03:21,morning,CO2,OK
1653829961,15,63.942898,78.537994,6.914633,0,2022-05-29 13:12:41,morning,CO2,OK
1653834833,29,85.34757,29.112604,1.2671425,0,2022-05-29 14:33:53,day,Excimer,OK
1653835385,80,61.77014,23.830246,2.619051,0,2022-05-29 14:43:05,day,CO2,OK
1653838492,90,92.15201,75.149055,1.4315258,0,2022-05-29 15:34:52,day,CO2,OK
1653845212,3,66.59356,7.747365,0.2159944,0,2022-05-29 17:26:52,day,Diode,OK
1653954178,86,26.709887,421.40878,2.392136,0,2022-05-30 23:42:58,night,Nd:YAG,OK
1653958751,59,57.30528,20.47721,15.765735,0,2022-05-31 00:59:11,night,Excimer,OK
1653988937,98,105.20895,39.32664,9.122999,0,2022-05-31 09:22:17,morning,Diode,WARNING
1654026349,16,41.60644,56.077335,3.641192,0,2022-05-31 19:45:49,day,Nd:YAG,OK
1654030152,70,58.99725,41.997177,9.350378,0,2022-05-31 20:49:12,day,CO2,OK
1654061046,16,59.57305,15.984718,9.448826,0,2022-06-01 05:24:06,night,Nd:YAG,OK
1654061319,39,70.786064,82.83554,6.77186,0,2022-06-01 05:28:39,night,Excimer,OK
1654085862,97,39.287254,78.97489,12.392541,0,2022-06-01 12:17:42,morning,Fiber,OK
1654092779,83,88.33023,70.854385,0.2686852,0,2022-06-01 14:12:59,day,Diode,OK
1654095175,32,58.611713,72.145096,6.1834044,0,2022-06-01 14:52:55,day,Fiber,OK
1654095319,96,40.942673,85.400764,9.887425,0,2022-06-01 14:55:19,day,Nd:YAG,OK
1654106829,49,80.51721,72.06793,5.8032527,0,2022-06-01 18:07:09,day,Excimer,OK
1654107132,51,49.19419,59.956997,90.636475,0,2022-06-01 18:12:12,day,Nd:YAG,OK
1654111837,42,52.025784,18.334019,10.24941,0,2022-06-01 19:30:37,day,Fiber,OK
1654113625,63,34.461018,73.048904,127.459885,0,2022-06-01 20:00:25,day,Diode,OK
1654132341,55,69.89081,55.66932,12.075635,0,2022-06-02 01:12:21,night,CO2,OK
1654146115,40,29.827116,109.326485,13.451957,0,2022-06-02 05:01:55,night,CO2,OK
1654156998,78,36.056007,96.747894,14.751703,0,2022-06-02 08:03:18,morning,Diode,OK
1654178162,47,71.23529,46.047237,3.2352304,0,2022-06-02 13:56:02,morning,Fiber,OK
1654191258,66,69.43012,97.27255,0.33665082,0,2022-06-02 17:34:18,day,Nd:YAG,OK
1654191999,6,56.426662,46.36872,3.9005666,0,2022-06-02 17:46:39,day,Nd:YAG,OK
1654201823,91,44.293594,59.06669,12.144078,0,2022-06-02 20:30:23,day,Nd:YAG,OK
1654208964,0,33.393085,57.026493,1.1135,0,2022-06-02 22:29:24,night,CO2,OK
1654224107,79,54.23525,21.034555,16.658178,0,2022-06-03 02:41:47,night,Excimer,OK
1654225984,69,63.8441,19.056046,2.2386014,0,2022-06-03 03:13:04,night,Excimer,OK
1654270421,57,29.875313,74.056015,7.056586,0,2022-06-03 15:33:41,day,Fiber,OK
1654273807,21,39.9972,82.866356,5.8838468,0,2022-06-03 16:30:07,day,Nd:YAG,OK
1654283061,21,43.269432,15.200605,0.19426033,0,2022-06-03 19:04:21,day,Nd:YAG,OK
1654300749,86,56.102196,3.1570168,5.30091,0,2022-06-03 23:59:09,night,Nd:YAG,OK
1654311698,81,67.11222,52.468964,23.881727,0,2022-06-04 03:01:38,night,Nd:YAG,OK
1654345625,45,11.01759,33.18289,3.096173,0,2022-06-04 12:27:05,morning,CO2,OK
1654356401,9,19.560875,45.697624,15.1766815,0,2022-06-04 15:26:41,day,Excimer,OK
1654409033,70,63.54863,39.056,12.651158,0,2022-06-05 06:03:53,morning,CO2,OK
1654420933,78,33.215256,96.323456,17.58914,0,2022-06-05 09:22:13,morning,Diode,OK
1654429506,48,64.02833,92.14513,7.9685473,0,2022-06-05 11:45:06,morning,Diode,OK
1654430403,2,112.00845,20.818089,13.239232,0,2022-06-05 12:00:03,morning,Fiber,WARNING
1654434167,80,56.76501,23.665718,11.824761,0,2022-06-05 13:02:47,morning,CO2,OK
1654452548,33,64.442245,16.331566,2.4001985,0,2022-06-05 18:09:08,day,Diode,OK
1654457090,87,20.51677,54.833225,4.586563,0,2022-06-05 19:24:50,day,Fiber,OK
1654467750,5,16.982075,66.02704,6.9340243,0,2022-06-05 22:22:30,night,CO2,OK
1654470377,72,45.116337,67.94184,7.16494,0,2022-06-05 23:06:17,night,Fiber,OK
1654471911,91,69.08465,62.616962,9.602226,0,2022-06-05 23:31:51,night,Nd:YAG,OK
1654477495,61,61.43787,31.153913,4.7358303,0,2022-06-06 01:04:55,night,Nd:YAG,OK
1654479069,30,70.472466,71.48562,3.547102,0,2022-06-06 01:31:09,night,CO2,OK
1654505417,4,42.896423,44.172935,8.13493,0,2022-06-06 08:50:17,morning,Excimer,OK
1654528921,21,9.079788,40.115417,16.794912,0,2022-06-06 15:22:01,day,Nd:YAG,WARNING
1654542949,33,71.108795,93.87403,18.31036,0,2022-06-06 19:15:49,day,Diode,OK
1654588381,93,43.0453,43.042137,5.3278837,0,2022-06-07 07:53:01,morning,Diode,OK
1654621668,19,47.516407,1.1576194,10.409561,0,2022-06-07 17:07:48,day,Excimer,OK
1654625674,88,39.321453,97.53661,1.2136487,0,2022-06-07 18:14:34,day,Diode,OK
1654695180,56,63.070213,70.331696,3.1206121,0,2022-06-08 13:33:00,morning,Nd:YAG,OK
1654712816,31,44.467056,87.34259,4.3574023,0,2022-06-08 18:26:56,day,Nd:YAG,OK
1654727681,97,80.93544,67.47665,2.987323,0,2022-06-08 22:34:41,night,Fiber,OK
1654743827,89,65.82001,102.09112,4.176205,0,2022-06-09 03:03:47,night,Excimer,OK
1654752442,53,82.17106,33.71123,2.519803,0,2022-06-09 05:27:22,night,Diode,OK
1654776316,67,65.62796,42.04425,10.352834,0,2022-06-09 12:05:16,morning,Fiber,OK
1654781575,79,46.054466,50.269596,2.8312626,0,2022-06-09 13:32:55,morning,Excimer,OK
1654814889,1,42.709553,38.649246,5.2294035,0,2022-06-09 22:48:09,night,Nd:YAG,OK
1654816690,4,29.25404,78.20008,0.33659372,0,2022-06-09 23:18:10,night,Excimer,OK
1654836138,60,68.30193,43.09746,5.819752,0,2022-06-10 04:42:18,night,CO2,OK
1654849729,34,66.68928,56.090034,10.451563,0,2022-06-10 08:28:49,morning,Excimer,OK
1654875937,69,29.094368,20.060207,12.554484,0,2022-06-10 15:45:37,day,Excimer,OK
1654880420,88,40.28791,35.10988,16.290773,0,2022-06-10 17:00:20,day,Diode,OK
1654890109,69,69.87787,89.41017,11.462403,0,2022-06-10 19:41:49,day,Excimer,OK
1654902162,40,81.473885,34.797882,1.4659266,0,2022-06-10 23:02:42,night,CO2,OK
1654956595,86,71.52998,67.62043,14.476381,0,2022-06-11 14:09:55,day,Nd:YAG,OK
1654963009,10,83.179474,385.07086,10.083697,0,2022-06-11 15:56:49,day,CO2,OK
1654963599,94,45.550858,42.372185,13.273044,0,2022-06-11 16:06:39,day,Excimer,OK
1655042270,2,43.204407,74.75135,16.011196,0,2022-06-12 13:57:50,morning,Fiber,OK
1655057496,64,25.094955,45.11198,85.29607,0,2022-06-12 18:11:36,day,Excimer,OK
1655085728,78,107.70966,72.77105,5.4694233,0,2022-06-13 02:02:08,night,Diode,WARNING
1655107520,20,34.94173,54.35341,9.335197,0,2022-06-13 08:05:20,morning,CO2,OK
1655131453,96,46.21051,62.096024,1.5206856,0,2022-06-13 14:44:13,day,Nd:YAG,OK
1655146104,40,44.41387,51.611042,5.875609,0,2022-06-13 18:48:24,day,CO2,OK
1655150815,68,36.435688,55.206017,3.587508,0,2022-06-13 20:06:55,day,Diode,OK
1655169197,45,67.13319,7.2548585,9.14748,0,2022-06-14 01:13:17,night,CO2,OK
1655184986,49,76.63848,383.54984,17.21781,0,2022-06-14 05:36:26,night,Excimer,OK
1655190103,38,77.45034,28.136679,1.1706102,0,2022-06-14 07:01:43,morning,Diode,OK
1655219642,76,56.213627,57.140472,7.7878847,0,2022-06-14 15:14:02,day,Nd:YAG,OK
1655238877,61,53.416405,59.865215,11.94961,0,2022-06-14 20:34:37,day,Nd:YAG,OK
1655252259,15,66.94956,51.88293,5.9993515,0,2022-06-15 00:17:39,night,CO2,OK
1655365717,70,29.523941,49.90543,6.8972535,0,2022-06-16 07:48:37,morning,CO2,OK
1655433012,22,66.48134,28.754133,10.348699,0,2022-06-17 02:30:12,night,Fiber,OK
1655481805,24,36.95806,35.08412,22.43849,0,2022-06-17 16:03:25,day,Excimer,OK
1655486184,80,56.396797,28.887735,21.978643,0,2022-06-17 17:16:24,day,CO2,OK
1655493478,5,11.293901,36.170166,12.062422,0,2022-06-17 19:17:58,day,CO2,ERROR
1655521190,77,7.690961,19.799578,4.463464,0,2022-06-18 02:59:50,night,Fiber,WARNING
1655523781,64,56.340786,84.97427,2.317566,0,2022-06-18 03:43:01,night,Excimer,OK
1655537730,41,70.20348,47.375656,4.494082,0,2022-06-18 07:35:30,morning,Nd:YAG,OK
1655563055,25,65.2594,30.155354,11.572153,0,2022-06-18 14:37:35,day,CO2,OK
1655573040,68,58.872063,3.4331787,12.593048,0,2022-06-18 17:24:00,day,Diode,OK
1655605960,10,75.11547,8.114161,3.8533845,0,2022-06-19 02:32:40,night,CO2,OK
1655652181,83,32.340446,52.821407,2.684697,0,2022-06-19 15:23:01,day,Diode,OK
1655683326,38,63.25947,55.540302,5.169744,0,2022-06-20 00:02:06,night,Diode,OK
1655684224,18,28.154865,72.362114,16.494835,0,2022-06-20 00:17:04,night,Diode,OK
1655708991,60,60.793297,26.612955,5.0039954,0,2022-06-20 07:09:51,morning,CO2,OK
1655719721,60,37.08905,107.93285,1.7543116,0,2022-06-20 10:08:41,morning,CO2,OK
1655739832,60,48.409298,18.291243,11.041551,0,2022-06-20 15:43:52,day,CO2,OK
1655751049,5,51.899048,30.970324,1.655079,0,2022-06-20 18:50:49,day,CO2,OK
1655807291,45,86.04205,13.806845,24.01255,0,2022-06-21 10:28:11,morning,CO2,OK
1655813955,60,85.406555,70.76932,2.0548255,0,2022-06-21 12:19:15,morning,CO2,OK
1655838250,46,59.47831,96.90161,6.9319043,0,2022-06-21 19:04:10,day,Nd:YAG,OK
1655866502,58,37.37116,24.727772,0.020844096,0,2022-06-22 02:55:02,night,Diode,OK
1655913738,24,40.962532,35.91066,5.901281,0,2022-06-22 16:02:18,day,Excimer,OK
1655919771,85,93.70391,19.48449,5.73068,0,2022-06-22 17:42:51,day,CO2,OK
1655959095,96,64.734,24.392439,12.4389515,0,2022-06-23 04:38:15,night,Nd:YAG,OK
1656020597,1,52.021996,56.576294,4.822183,0,2022-06-23 21:43:17,day,Nd:YAG,OK
1656039571,29,86.692154,58.184456,2.8562152,0,2022-06-24 02:59:31,night,Excimer,OK
1656044061,36,29.383791,36.58942,3.2600667,0,2022-06-24 04:14:21,night,Nd:YAG,OK
1656057845,82,66.43234,83.67903,3.3809297,0,2022-06-24 08:04:05,morning,Fiber,OK
1656063847,98,18.527685,57.76644,13.135971,0,2022-06-24 09:44:07,morning,Diode,OK
1656064843,81,63.659782,51.814316,3.6936057,0,2022-06-24 10:00:43,morning,Nd:YAG,OK
1656082583,37,49.96176,45.565746,8.418857,0,2022-06-24 14:56:23,day,Fiber,OK
1656083562,53,94.04319,50.932438,8.422011,0,2022-06-24 15:12:42,day,Diode,OK
1656106849,9,25.41756,35.636795,15.7243395,0,2022-06-24 21:40:49,day,Excimer,OK
1656113707,38,62.73006,66.67096,0.36673152,0,2022-06-24 23:35:07,night,Diode,OK
1656125881,73,47.31058,41.301003,27.713655,0,2022-06-25 02:58:01,night,Diode,OK
1656126945,44,62.246624,57.3349,1.5896577,0,2022-06-25 03:15:45,night,Excimer,OK
1656135043,55,43.229603,49.84641,16.863375,0,2022-06-25 05:30:43,night,CO2,OK
1656149434,2,58.40579,51.208942,9.702005,0,2022-06-25 09:30:34,morning,Fiber,OK
1656158789,55,60.19987,12.13901,4.6756935,0,2022-06-25 12:06:29,morning,CO2,OK
1656164646,38,36.76482,79.772095,17.847933,0,2022-06-25 13:44:06,morning,Diode,OK
1656165058,58,65.84186,83.39796,0.7254426,0,2022-06-25 13:50:58,morning,Diode,OK
1656211119,5,67.0156,52.240826,6.945023,0,2022-06-26 02:38:39,night,CO2,OK
1656226428,40,78.81981,67.14754,18.397982,0,2022-06-26 06:53:48,morning,CO2,OK
1656240969,24,72.069885,36.643337,6.5252943,0,2022-06-26 10:56:09,morning,Excimer,OK
1656248976,42,4.234545,90.712746,13.716544,0,2022-06-26 13:09:36,morning,Fiber,WARNING
1656264906,30,78.5449,39.471455,1.6165715,0,2022-06-26 17:35:06,day,CO2,OK
1656285378,30,25.960238,30.657877,0.15575218,0,2022-06-26 23:16:18,night,CO2,OK
1656285842,91,36.099358,80.21591,5.1743813,0,2022-06-26 23:24:02,night,Nd:YAG,OK
1656306189,43,54.39277,117.45747,10.355244,0,2022-06-27 05:03:09,night,Diode,OK
1656312266,98,18.185064,63.84819,107.028824,0,2022-06-27 06:44:26,morning,Diode,OK
1656332248,22,231.35405,6.063729,9.093306,0,2022-06-27 12:17:28,morning,Fiber,WARNING
1656339122,16,77.15874,34.3257,116.1813,0,2022-06-27 14:12:02,day,Nd:YAG,OK
1656355889,54,68.84845,39.042812,19.851646,0,2022-06-27 18:51:29,day,Excimer,OK
1656430362,66,48.35709,49.42604,1.2077487,0,2022-06-28 15:32:42,day,Nd:YAG,OK
1656443614,35,52.815292,56.088333,3.1049604,0,2022-06-28 19:13:34,day,CO2,OK
1656504911,99,37.53117,59.770004,3.3125465,0,2022-06-29 12:15:11,morning,Excimer,OK
1656513389,18,11.237925,14.7017975,14.477926,0,2022-06-29 14:36:29,day,Diode,OK
1656515034,95,55.26889,63.022102,7.006972,0,2022-06-29 15:03:54,day,CO2,OK
1656522192,94,78.91089,38.892555,9.486852,0,2022-06-29 17:03:12,day,Excimer,OK
1656549518,23,22.231562,51.03856,1.1797079,0,2022-06-30 00:38:38,night,Diode,OK
1656580048,78,21.89439,21.110212,5.492157,0,2022-06-30 09:07:28,morning,Diode,OK
1656596426,3,0.079017974,52.11623,27.946796,0,2022-06-30 13:40:26,morning,Diode,WARNING
1656614562,24,73.190575,19.052982,5.9337754,0,2022-06-30 18:42:42,day,Excimer,OK
1656617171,44,41.99349,22.971632,11.127685,0,2022-06-30 19:26:11,day,Excimer,OK
1656644891,39,31.097322,411.27567,11.75774,0,2022-07-01 03:08:11,night,Excimer,OK
1656649440,14,19.961246,34.17584,1.2568476,0,2022-07-01 04:24:00,night,Excimer,OK
1656656747,79,39.756733,36.24627,3.3049822,0,2022-07-01 06:25:47,morning,Excimer,OK
1656711669,25,68.17669,77.45663,17.97694,0,2022-07-01 21:41:09,day,CO2,OK
1656718594,88,35.866924,64.280685,16.154627,0,2022-07-01 23:36:34,night,Diode,OK
1656721184,39,85.94304,43.228676,22.372717,0,2022-07-02 00:19:44,night,Excimer,OK
1656726801,99,61.30075,72.28593,12.678094,0,2022-07-02 01:53:21,night,Excimer,OK
1656782208,30,39.048588,10.922673,4.338305,0,2022-07-02 17:16:48,day,CO2,OK
1656807296,63,50.974464,39.160122,9.54274,0,2022-07-03 00:14:56,night,Diode,OK
1656814523,5,42.088783,30.02333,10.580529,0,2022-07-03 02:15:23,night,CO2,OK
1656845033,85,24.483582,42.506496,9.487277,0,2022-07-03 10:43:53,morning,CO2,OK
1656869923,95,74.16853,48.63583,20.85066,0,2022-07-03 17:38:43,day,CO2,OK
1656900770,45,40.392685,71.4337,6.714364,0,2022-07-04 02:12:50,night,CO2,OK
1656910237,29,73.86675,38.629944,2.6337433,0,2022-07-04 04:50:37,night,Excimer,OK
1656921478,15,52.200844,82.95609,12.75489,0,2022-07-04 07:57:58,morning,CO2,OK
1657037065,16,79.08514,83.4029,2.6067953,0,2022-07-05 16:04:25,day,Nd:YAG,OK
1657087434,54,72.07796,0.15901768,7.041211,0,2022-07-06 06:03:54,morning,Excimer,OK
1657102999,49,3.1365418,27.900688,13.27175,0,2022-07-06 10:23:19,morning,Excimer,WARNING
1657139093,71,75.06639,60.599922,5.655268,0,2022-07-06 20:24:53,day,Nd:YAG,OK
1657152915,19,113.45251,51.314648,22.172653,0,2022-07-07 00:15:15,night,Excimer,WARNING
1657155582,12,45.16897,50.196796,7.033828,0,2022-07-07 00:59:42,night,Fiber,OK
1657162340,6,61.862293,59.729485,2.0288491,0,2022-07-07 02:52:20,night,Nd:YAG,OK
1657195521,40,16.494818,41.88053,1.1461726,0,2022-07-07 12:05:21,morning,CO2,OK
1657212222,42,42.41744,62.47424,1.8251227,0,2022-07-07 16:43:42,day,Fiber,OK
1657223875,81,45.953842,27.973783,4.1871457,0,2022-07-07 19:57:55,day,Nd:YAG,OK
1657231213,63,52.283672,60.399944,2.6659632,0,2022-07-07 22:00:13,night,Diode,OK
1657298004,24,108.249016,37.440147,4.2978024,0,2022-07-08 16:33:24,day,Excimer,WARNING
1657329330,17,26.036907,30.6609,12.158606,0,2022-07-09 01:15:30,night,Fiber,OK
1657331084,5,72.02409,50.691914,2.2651253,0,2022-07-09 01:44:44,night,CO2,OK
1657362454,37,47.12037,64.563286,6.1627502,0,2022-07-09 10:27:34,morning,Fiber,OK
1657370466,49,57.97738,71.11453,7.7399483,0,2022-07-09 12:41:06,morning,Excimer,OK
1657407243,73,50.500088,32.61895,7.5891094,0,2022-07-09 22:54:03,night,Diode,OK
1657408021,31,54.74776,13.990062,6.216684,0,2022-07-09 23:07:01,night,Nd:YAG,OK
1657439937,20,305.24313,57.910637,21.96073,0,2022-07-10 07:58:57,morning,CO2,WARNING
1657440204,12,100.09313,27.209797,3.484833,0,2022-07-10 08:03:24,morning,Fiber,OK
1657457777,72,24.705898,6.6819997,0.06598753,0,2022-07-10 12:56:17,morning,Fiber,OK
1657459878,35,32.442326,45.148743,5.747728,0,2022-07-10 13:31:18,morning,CO2,OK
1657479144,7,17.11144,20.032425,13.162419,0,2022-07-10 18:52:24,day,Fiber,OK
1657482459,76,5.474053,32.599712,9.042898,0,2022-07-10 19:47:39,day,Nd:YAG,WARNING
1657500235,92,25.201366,62.29407,6.5537333,0,2022-07-11 00:43:55,night,Fiber,OK
1657575044,1,54.282066,74.048615,1.8046277,0,2022-07-11 21:30:44,day,Nd:YAG,OK
1657585647,11,2.4915195,41.877316,11.521313,0,2022-07-12 00:27:27,night,Nd:YAG,WARNING
1657586425,4,31.179865,34.017384,7.558468,0,2022-07-12 00:40:25,night,Excimer,ERROR
1657596653,25,78.036964,27.623726,5.359217,0,2022-07-12 03:30:53,night,CO2,OK
1657632187,61,33.43475,79.45328,5.2646375,0,2022-07-12 13:23:07,morning,Nd:YAG,OK
1657649902,87,68.04486,24.78273,1.7574046,0,2022-07-12 18:18:22,day,Fiber,OK
1657692583,8,32.232548,82.83987,14.826015,0,2022-07-13 06:09:43,morning,Diode,OK
1657711547,92,60.36469,54.046154,8.078857,0,2022-07-13 11:25:47,morning,Fiber,OK
1657722032,30,67.33254,15.836402,2.8512669,0,2022-07-13 14:20:32,day,CO2,OK
1657733952,70,33.932938,57.66603,1.3894396,0,2022-07-13 17:39:12,day,CO2,OK
1657745378,36,66.386185,16.100859,2.2973251,0,2022-07-13 20:49:38,day,Nd:YAG,OK
1657754334,65,10.138784,57.89426,2.1914933,0,2022-07-13 23:18:54,night,CO2,WARNING
1657779546,93,83.82138,52.938477,3.0045989,0,2022-07-14 06:19:06,morning,Diode,OK
1657779785,68,58.461952,87.5631,2.0627131,0,2022-07-14 06:23:05,morning,Diode,OK
1657797731,29,63.251118,63.251274,3.8093412,0,2022-07-14 11:22:11,morning,Excimer,OK
1657815789,79,49.4229,43.348873,7.797248,0,2022-07-14 16:23:09,day,Excimer,OK
1657863207,23,94.53702,25.991674,9.453902,0,2022-07-15 05:33:27,night,Diode,OK
1657869478,46,57.480213,44.93454,3.2279594,0,2022-07-15 07:17:58,morning,Nd:YAG,OK
1657873642,20,58.897434,29.535273,0.882821,0,2022-07-15 08:27:22,morning,CO2,OK
1657899316,96,14.878187,287.0283,14.407523,0,2022-07-15 15:35:16,day,Nd:YAG,OK
1657922602,55,47.77556,81.416756,20.118368,0,2022-07-15 22:03:22,night,CO2,OK
1657946066,68,92.31075,87.93542,0.18100268,0,2022-07-16 04:34:26,night,Diode,OK
1657960225,9,3.7587001,46.23508,8.747552,0,2022-07-16 08:30:25,morning,Excimer,WARNING
1657965882,59,46.457336,48.62582,5.7319756,0,2022-07-16 10:04:42,morning,Excimer,OK
1657969338,86,36.715843,89.832054,6.7818046,0,2022-07-16 11:02:18,morning,Nd:YAG,OK
1657998244,12,93.18972,46.832897,3.2295604,0,2022-07-16 19:04:04,day,Fiber,OK
1658015358,92,49.428055,66.23441,19.199078,0,2022-07-16 23:49:18,night,Fiber,OK
1658040678,96,5.925681,67.96173,4.7650194,0,2022-07-17 06:51:18,morning,Nd:YAG,WARNING
1658090453,76,65.76565,45.27812,8.716461,0,2022-07-17 20:40:53,day,Nd:YAG,OK
1658113716,88,29.81668,10.826956,22.858984,0,2022-07-18 03:08:36,night,Diode,OK
1658114618,88,36.628136,31.82433,4.6984105,0,2022-07-18 03:23:38,night,Diode,OK
1658117522,73,61.31793,65.564606,6.394288,0,2022-07-18 04:12:02,night,Diode,OK
1658164456,27,60.91902,70.25972,5.4893303,0,2022-07-18 17:14:16,day,Fiber,ERROR
1658174781,13,84.1921,51.409054,21.762342,0,2022-07-18 20:06:21,day,Diode,OK
1658174846,47,59.300358,39.119347,8.48958,0,2022-07-18 20:07:26,day,Fiber,OK
1658190363,81,27.362116,37.56219,3.1888332,0,2022-07-19 00:26:03,night,Nd:YAG,OK
1658224219,86,35.230297,69.88573,3.694165,0,2022-07-19 09:50:19,morning,Nd:YAG,OK
1658251664,99,78.015,21.656332,17.34499,0,2022-07-19 17:27:44,day,Excimer,OK
1658257300,7,11.640338,33.844116,10.637056,0,2022-07-19 19:01:40,day,Fiber,OK
1658269040,60,58.41228,51.418243,25.658155,0,2022-07-19 22:17:20,night,CO2,OK
1658296620,69,83.50946,33.559376,18.049664,0,2022-07-20 05:57:00,night,Excimer,OK
1658304916,18,68.46612,38.205914,1.3217236,0,2022-07-20 08:15:16,morning,Diode,OK
1658311295,38,256.9199,75.61092,3.5261395,0,2022-07-20 10:01:35,morning,Diode,WARNING
1658346271,85,31.334297,53.08611,7.455004,0,2022-07-20 19:44:31,day,CO2,OK
1658357554,88,40.607574,60.451862,1.6448667,0,2022-07-20 22:52:34,night,Diode,OK
1658378367,44,80.31034,68.03376,22.41934,0,2022-07-21 04:39:27,night,Excimer,OK
1658388525,18,89.75542,73.833176,7.407742,0,2022-07-21 07:28:45,morning,Diode,OK
1658398693,86,78.71978,72.29423,3.760216,0,2022-07-21 10:18:13,morning,Nd:YAG,OK
1658398828,48,26.85134,43.627937,5.153472,0,2022-07-21 10:20:28,morning,Diode,OK
1658399075,71,41.16406,98.60634,14.905072,0,2022-07-21 10:24:35,morning,Nd:YAG,OK
1658419660,27,32.921696,45.501896,14.859732,0,2022-07-21 16:07:40,day,Fiber,OK
1658451701,1,82.805756,60.7974,4.0178084,0,2022-07-22 01:01:41,night,Nd:YAG,OK
1658483782,84,75.63665,76.21619,2.9607193,0,2022-07-22 09:56:22,morning,Excimer,OK
1658485675,49,25.818155,42.3138,6.635092,0,2022-07-22 10:27:55,morning,Excimer,OK
1658493893,11,54.22937,80.14791,6.861334,0,2022-07-22 12:44:53,morning,Nd:YAG,OK
1658495181,43,6.347857,25.0389,133.1861,0,2022-07-22 13:06:21,morning,Diode,WARNING
1658497207,71,49.876682,49.036022,7.210287,0,2022-07-22 13:40:07,morning,Nd:YAG,OK
1658509514,2,57.80732,21.465683,4.442819,0,2022-07-22 17:05:14,day,Fiber,OK
1658528902,0,53.14114,89.0038,0.20332895,0,2022-07-22 22:28:22,night,CO2,OK
1658551874,70,29.173895,57.82172,8.041123,0,2022-07-23 04:51:14,night,CO2,OK
1658558553,24,20.174686,58.77215,10.418458,0,2022-07-23 06:42:33,morning,Excimer,OK
1658563744,99,53.694004,52.40701,89.9308,0,2022-07-23 08:09:04,morning,Excimer,OK
1658582449,83,58.538986,39.186478,15.796809,0,2022-07-23 13:20:49,morning,Diode,OK
1658585498,94,93.95035,25.449875,19.008875,0,2022-07-23 14:11:38,day,Excimer,OK
1658597318,56,402.8083,17.110518,17.412804,0,2022-07-23 17:28:38,day,Nd:YAG,WARNING
1658621178,79,14.492417,21.456192,10.915303,0,2022-07-24 00:06:18,night,Excimer,OK
1658623949,29,20.27715,426.9217,5.643262,0,2022-07-24 00:52:29,night,Excimer,OK
1658630249,5,30.73575,28.788765,10.82257,0,2022-07-24 02:37:29,night,CO2,OK
1658635562,82,78.36326,74.907,6.9040093,0,2022-07-24 04:06:02,night,Fiber,OK
1658674597,6,30.343197,45.920288,8.936042,0,2022-07-24 14:56:37,day,Nd:YAG,OK
1658711077,38,0.9232872,6.8421364,3.480796,0,2022-07-25 01:04:37,night,Diode,WARNING
1658735547,40,285.02258,75.85765,5.9286036,0,2022-07-25 07:52:27,morning,CO2,WARNING
1658735962,14,24.96311,48.385944,9.639205,0,2022-07-25 07:59:22,morning,Excimer,OK
1658781426,26,67.804436,51.71616,14.460124,0,2022-07-25 20:37:06,day,Nd:YAG,OK
1658806373,30,86.09176,75.02338,4.1184525,0,2022-07-26 03:32:53,night,CO2,OK
1658837481,73,39.691906,21.178602,1.491685,0,2022-07-26 12:11:21,morning,Diode,OK
1658871765,97,102.29545,19.090458,15.909389,0,2022-07-26 21:42:45,day,Fiber,WARNING
1658877121,28,58.1335,40.413082,0.5297553,0,2022-07-26 23:12:01,night,Diode,OK
1658885178,53,38.455776,28.088945,15.616659,0,2022-07-27 01:26:18,night,Diode,OK
1658916132,60,32.549236,298.14633,19.114796,0,2022-07-27 10:02:12,morning,CO2,OK
1658984629,5,27.900248,86.36789,9.948452,0,2022-07-28 05:03:49,night,CO2,OK
1658992558,57,107.59708,71.59678,4.972294,0,2022-07-28 07:15:58,morning,Fiber,WARNING
1659003432,4,40.440994,36.486797,19.005405,0,2022-07-28 10:17:12,morning,Excimer,OK
1659018018,54,55.499603,48.140606,4.5245543,0,2022-07-28 14:20:18,day,Excimer,ERROR
1659022070,58,1.5120924,41.62355,8.071043,0,2022-07-28 15:27:50,day,Diode,WARNING
1659024551,77,73.44341,58.98324,4.8326006,0,2022-07-28 16:09:11,day,Fiber,OK
1659025786,60,14.815307,64.228355,119.932655,0,2022-07-28 16:29:46,day,CO2,OK
1659027692,57,21.445606,96.36252,11.1501255,0,2022-07-28 17:01:32,day,Fiber,OK
1659071039,41,84.26753,56.081146,4.544636,0,2022-07-29 05:03:59,night,Nd:YAG,OK
1659080153,57,17.498638,16.02815,12.645781,0,2022-07-29 07:35:53,morning,Fiber,OK
1659084398,13,41.222992,74.49665,14.160132,0,2022-07-29 08:46:38,morning,Diode,OK
1659087288,83,307.17227,56.012714,11.085109,0,2022-07-29 09:34:48,morning,Diode,WARNING
1659100421,24,44.72223,29.114454,3.430222,0,2022-07-29 13:13:41,morning,Excimer,OK
1659139129,11,58.90002,55.776337,9.5091095,0,2022-07-29 23:58:49,night,Nd:YAG,OK
1659151101,28,2.7070613,80.05173,2.4258387,0,2022-07-30 03:18:21,night,Diode,WARNING
1659173659,13,43.461395,16.218697,116.468155,0,2022-07-30 09:34:19,morning,Diode,OK
1659174621,43,54.39649,55.092884,19.36841,0,2022-07-30 09:50:21,morning,Diode,OK
1659180674,76,9.713297,93.58984,4.5415435,0,2022-07-30 11:31:14,morning,Nd:YAG,WARNING
1659201493,58,18.317444,72.7674,4.7276983,0,2022-07-30 17:18:13,day,Diode,OK
1659204618,80,68.143585,22.612349,28.707647,0,2022-07-30 18:10:18,day,CO2,OK
1659211912,74,0.98041666,56.64642,8.662815,0,2022-07-30 20:11:52,day,Excimer,WARNING
1659250317,6,0.2853114,42.785225,15.459696,0,2022-07-31 06:51:57,morning,Nd:YAG,WARNING
1659264538,7,45.560158,78.463974,11.758524,0,2022-07-31 10:48:58,morning,Fiber,OK
1659295831,42,74.168816,66.42889,1.5965382,0,2022-07-31 19:30:31,day,Fiber,OK
1659296571,92,37.93323,53.036526,19.063232,0,2022-07-31 19:42:51,day,Fiber,OK
1659311385,58,14.839445,19.252352,10.404577,0,2022-07-31 23:49:45,night,Diode,OK
1659321908,55,100.94291,42.549385,0.74356085,0,2022-08-01 02:45:08,night,CO2,WARNING
1659333685,26,100.00961,71.62863,0.018669741,0,2022-08-01 06:01:25,morning,Nd:YAG,OK
1659345753,41,105.159294,52.765553,2.5366313,0,2022-08-01 09:22:33,morning,Nd:YAG,WARNING
1659368902,73,28.613173,53.62394,13.614546,0,2022-08-01 15:48:22,day,Diode,OK
1659380180,9,58.435795,46.63285,7.57093,0,2022-08-01 18:56:20,day,Excimer,OK
1659404444,73,63.623047,8.214068,6.42286,0,2022-08-02 01:40:44,night,Diode,OK
1659404844,3,97.60865,3.0504055,9.261303,0,2022-08-02 01:47:24,night,Diode,OK
1659426616,19,90.24446,33.182728,103.11717,0,2022-08-02 07:50:16,morning,Excimer,OK
1659438432,25,36.144382,56.505226,11.940869,0,2022-08-02 11:07:12,morning,CO2,OK
1659453878,27,311.66647,65.25923,12.85675,0,2022-08-02 15:24:38,day,Fiber,WARNING
1659462134,61,58.826874,78.54379,5.5741963,0,2022-08-02 17:42:14,day,Nd:YAG,OK
1659474702,1,59.35621,74.91503,3.191727,0,2022-08-02 21:11:42,day,Nd:YAG,OK
1659480514,38,32.98235,63.06974,4.9879704,0,2022-08-02 22:48:34,night,Diode,OK
1659487463,88,60.534626,56.78551,7.5923576,0,2022-08-03 00:44:23,night,Diode,OK
1659493841,40,49.971123,77.39909,7.2715797,0,2022-08-03 02:30:41,night,CO2,OK
1659567722,53,24.217575,49.015926,23.232845,0,2022-08-03 23:02:02,night,Diode,OK
1659577328,33,105.75613,60.777523,9.794259,0,2022-08-04 01:42:08,night,Diode,WARNING
1659579879,82,49.325863,79.041916,10.389635,0,2022-08-04 02:24:39,night,Fiber,OK
1659594209,93,54.21621,54.940083,6.525798,0,2022-08-04 06:23:29,morning,Diode,OK
1659596617,83,48.606586,37.700245,15.810515,0,2022-08-04 07:03:37,morning,Diode,OK
1659605667,67,47.05753,80.18286,1.8147137,0,2022-08-04 09:34:27,morning,Fiber,OK
1659612719,28,94.44741,59.52944,10.574522,0,2022-08-04 11:31:59,morning,Diode,OK
1659654047,74,12.468146,56.855705,121.776184,0,2022-08-04 23:00:47,night,Excimer,OK
1659694446,28,53.545296,41.292206,6.3814282,0,2022-08-05 10:14:06,morning,Diode,OK
1659717138,65,47.716156,36.04346,6.9808993,0,2022-08-05 16:32:18,day,CO2,OK
1659740926,17,65.55355,77.17519,127.32022,0,2022-08-05 23:08:46,night,Fiber,OK
1659750050,83,43.75624,70.43018,99.76923,0,2022-08-06 01:40:50,night,Diode,OK
1659754861,25,93.05632,51.299442,7.534288,0,2022-08-06 03:01:01,night,CO2,OK
1659787677,13,60.51087,54.171017,3.7088594,0,2022-08-06 12:07:57,morning,Diode,OK
1659813209,90,36.659332,38.682823,6.5654516,0,2022-08-06 19:13:29,day,CO2,OK
1659836829,93,47.639984,50.173378,4.747631,0,2022-08-07 01:47:09,night,Diode,OK
1659844876,69,73.16335,62.429367,98.10818,0,2022-08-07 04:01:16,night,Excimer,OK
1659847430,11,114.95162,52.915096,100.0334,0,2022-08-07 04:43:50,night,Nd:YAG,WARNING
1659888832,71,99.35121,35.728405,99.21866,0,2022-08-07 16:13:52,day,Nd:YAG,OK
1659889180,10,75.16948,59.129036,4.7998004,0,2022-08-07 16:19:40,day,CO2,OK
1659899743,43,44.970905,11.721527,0.20998877,0,2022-08-07 19:15:43,day,Diode,OK
1659927876,29,0.8012906,89.3919,1.4426714,0,2022-08-08 03:04:36,night,Excimer,WARNING
1659943922,77,87.23251,63.966167,11.933498,0,2022-08-08 07:32:02,morning,Fiber,OK
1659957343,14,57.19125,57.122643,10.400036,0,2022-08-08 11:15:43,morning,Excimer,OK
1659996321,12,42.217808,83.573685,11.988697,0,2022-08-08 22:05:21,night,Fiber,OK
1660013833,23,80.99133,15.650018,6.770125,0,2022-08-09 02:57:13,night,Diode,OK
1660050141,71,52.12175,75.58668,21.056112,0,2022-08-09 13:02:21,morning,Nd:YAG,OK
1660057755,44,52.899826,28.45918,14.965564,0,2022-08-09 15:09:15,day,Excimer,OK
1660074697,73,69.4249,78.642555,17.478664,0,2022-08-09 19:51:37,day,Diode,OK
1660100558,44,45.598106,40.343586,11.593983,0,2022-08-10 03:02:38,night,Excimer,OK
1660133353,1,50.140903,44.16169,6.401977,0,2022-08-10 12:09:13,morning,Nd:YAG,OK
1660153184,30,17.071716,61.75085,4.6587553,0,2022-08-10 17:39:44,day,CO2,OK
1660175339,96,35.3058,15.942731,18.042555,0,2022-08-10 23:48:59,night,Nd:YAG,OK
1660213243,23,232.45296,17.047312,69.886536,0,2022-08-11 10:20:43,morning,Diode,WARNING
1660213982,24,61.970142,78.03874,4.0386076,0,2022-08-11 10:33:02,morning,Excimer,OK
1660219041,65,87.64097,29.54853,1.7962772,0,2022-08-11 11:57:21,morning,CO2,OK
1660226414,99,69.19691,87.56755,8.785356,0,2022-08-11 14:00:14,day,Excimer,OK
1660278347,89,74.71293,19.57278,8.433287,0,2022-08-12 04:25:47,night,Excimer,OK
1660292404,52,35.939125,98.65752,0.8311665,0,2022-08-12 08:20:04,morning,Fiber,OK
1660307636,5,17.026342,41.386448,9.408869,0,2022-08-12 12:33:56,morning,CO2,OK
1660330610,86,84.10812,38.66583,29.283758,0,2022-08-12 18:56:50,day,Nd:YAG,OK
1660362298,67,68.57741,48.87731,9.104117,0,2022-08-13 03:44:58,night,Fiber,OK
1660365331,56,71.6569,40.33922,3.1449935,0,2022-08-13 04:35:31,night,Nd:YAG,OK
1660375472,61,56.14567,27.39125,19.613888,0,2022-08-13 07:24:32,morning,Nd:YAG,OK
1660376615,80,5.6070557,50.497955,8.382018,0,2022-08-13 07:43:35,morning,CO2,WARNING
1660378291,26,22.482569,56.494144,1.2512232,0,2022-08-13 08:11:31,morning,Nd:YAG,OK
1660385107,6,50.88371,44.951824,10.50181,0,2022-08-13 10:05:07,morning,Nd:YAG,OK
1660398802,88,78.12615,9.274688,2.8058763,0,2022-08-13 13:53:22,morning,Diode,OK
1660406448,3,80.8783,38.94607,5.7237496,0,2022-08-13 16:00:48,day,Diode,OK
1660410306,64,28.42731,79.82709,4.4704237,0,2022-08-13 17:05:06,day,Excimer,OK
1660432767,72,45.2134,36.119667,22.925917,0,2022-08-13 23:19:27,night,Fiber,OK
1660470895,35,38.43002,46.232475,7.8889923,0,2022-08-14 09:54:55,morning,CO2,OK
1660479553,7,70.86476,65.72223,5.0605063,0,2022-08-14 12:19:13,morning,Fiber,OK
1660486651,95,20.692533,53.913704,19.177145,0,2022-08-14 14:17:31,day,CO2,OK
1660488081,36,37.36221,83.11354,1.3587649,0,2022-08-14 14:41:21,day,Nd:YAG,OK
1660492548,5,51.875443,28.602924,13.456359,0,2022-08-14 15:55:48,day,CO2,OK
1660508221,51,56.650604,12.483785,13.060164,0,2022-08-14 20:17:01,day,Nd:YAG,OK
1660535347,65,73.24041,62.92345,1.3584359,0,2022-08-15 03:49:07,night,CO2,OK
1660536109,4,34.78448,78.03027,7.4880643,0,2022-08-15 04:01:49,night,Excimer,OK
1660555605,70,75.361435,52.278008,1.2241564,0,2022-08-15 09:26:45,morning,CO2,OK
1660579670,92,36.226635,65.883385,4.0107303,0,2022-08-15 16:07:50,day,Fiber,OK
1660583321,39,29.876732,45.10972,4.7604165,0,2022-08-15 17:08:41,day,Excimer,OK
1660701657,92,77.68053,36.224037,4.818353,0,2022-08-17 02:00:57,night,Fiber,OK
1660704314,7,0.30905288,339.60355,1.8836318,0,2022-08-17 02:45:14,night,Fiber,WARNING
1660710255,83,33.723694,67.62831,8.25729,0,2022-08-17 04:24:15,night,Diode,OK
1660759701,84,71.40413,47.321587,2.2699807,0,2022-08-17 18:08:21,day,Excimer,OK
1660761843,38,83.34632,47.11374,5.413457,0,2022-08-17 18:44:03,day,Diode,OK
1660788368,37,47.776913,43.573116,0.4347149,0,2022-08-18 02:06:08,night,Fiber,ERROR
1660798275,13,55.10459,49.33765,9.472715,0,2022-08-18 04:51:15,night,Diode,OK
1660798402,93,45.16209,71.25161,100.97115,0,2022-08-18 04:53:22,night,Diode,OK
1660801034,20,58.879803,54.929676,9.471359,0,2022-08-18 05:37:14,night,CO2,OK
1660828667,3,431.979,35.15305,5.493467,0,2022-08-18 13:17:47,morning,Diode,ERROR
1660832754,69,68.90271,39.177795,11.040885,0,2022-08-18 14:25:54,day,Excimer,OK
1660840745,14,30.370188,1.508643,10.320103,0,2022-08-18 16:39:05,day,Excimer,OK
1660884042,62,91.69789,68.829956,16.38766,0,2022-08-19 04:40:42,night,Fiber,OK
1660884364,82,69.99911,57.796844,4.238163,0,2022-08-19 04:46:04,night,Fiber,OK
1660901988,91,54.53386,67.69432,18.1996,0,2022-08-19 09:39:48,morning,Nd:YAG,OK
1660917086,12,30.161654,106.62286,5.622408,0,2022-08-19 13:51:26,morning,Fiber,OK
1660920928,22,64.35517,71.54874,0.4080823,0,2022-08-19 14:55:28,day,Fiber,OK
1660930101,22,19.707714,26.215452,10.9714575,0,2022-08-19 17:28:21,day,Fiber,OK
1660935504,81,64.07192,35.794895,6.8862295,0,2022-08-19 18:58:24,day,Nd:YAG,OK
1660936193,6,40.294796,48.370426,6.8379507,0,2022-08-19 19:09:53,day,Nd:YAG,OK
1660953575,34,8.998575,67.23572,13.77707,0,2022-08-19 23:59:35,night,Excimer,WARNING
1660955387,4,58.932816,62.22774,7.1216116,0,2022-08-20 00:29:47,night,Excimer,OK
1661015491,98,54.63796,15.409481,4.595672,0,2022-08-20 17:11:31,day,Diode,OK
1661031225,1,86.47944,36.60806,102.71689,0,2022-08-20 21:33:45,day,Nd:YAG,OK
1661040461,89,99.042046,244.45839,16.070967,0,2022-08-21 00:07:41,night,Excimer,OK
1661043138,74,41.599285,18.288614,1.1929865,0,2022-08-21 00:52:18,night,Excimer,OK
1661060378,19,81.93559,30.033365,5.46582,0,2022-08-21 05:39:38,night,Excimer,OK
1661070962,20,43.85239,25.017792,5.388879,0,2022-08-21 08:36:02,morning,CO2,OK
1661127939,87,66.8195,12.440988,8.00666,0,2022-08-22 00:25:39,night,Fiber,OK
1661129414,29,18.56145,14.498002,10.596246,0,2022-08-22 00:50:14,night,Excimer,OK
1661144507,2,23.796894,54.444004,28.63409,0,2022-08-22 05:01:47,night,Fiber,OK
1661145333,72,24.176725,27.032007,14.753806,0,2022-08-22 05:15:33,night,Fiber,OK
1661153935,69,87.028046,54.74544,16.708332,0,2022-08-22 07:38:55,morning,Excimer,OK
1661163670,0,15.2081785,65.84393,14.876877,0,2022-08-22 10:21:10,morning,CO2,OK
1661198864,32,76.61269,73.99424,11.505686,0,2022-08-22 20:07:44,day,Fiber,OK
1661203448,62,51.575294,54.887173,2.371406,0,2022-08-22 21:24:08,day,Fiber,OK
1661210156,71,76.62342,30.236616,2.183161,0,2022-08-22 23:15:56,night,Nd:YAG,OK
1661232036,81,23.312363,43.7162,4.128394,0,2022-08-23 05:20:36,night,Nd:YAG,OK
1661233671,82,33.67908,125.69548,6.4980245,0,2022-08-23 05:47:51,night,Fiber,OK
1661252084,98,75.90747,83.57764,8.138369,0,2022-08-23 10:54:44,morning,Diode,OK
1661254683,74,59.55039,37.90738,4.272277,0,2022-08-23 11:38:03,morning,Excimer,OK
1661257981,12,67.86439,82.57425,12.886333,0,2022-08-23 12:33:01,morning,Fiber,OK
1661279789,22,65.73614,12.770196,1.415697,0,2022-08-23 18:36:29,day,Fiber,OK
1661291787,20,10.858847,19.348112,0.05109593,0,2022-08-23 21:56:27,day,CO2,OK
1661294530,35,75.66965,17.196625,13.662778,0,2022-08-23 22:42:10,night,CO2,OK
1661299619,8,33.40641,80.61445,8.192717,0,2022-08-24 00:06:59,night,Diode,OK
1661337567,2,36.993984,49.351376,2.0874157,0,2022-08-24 10:39:27,morning,Fiber,OK
1661339581,70,38.170536,2.0715318,10.956766,0,2022-08-24 11:13:01,morning,CO2,OK
1661357434,74,59.69386,27.613943,6.240848,0,2022-08-24 16:10:34,day,Excimer,OK
1661369064,1,18.348793,54.698444,2.0173862,0,2022-08-24 19:24:24,day,Nd:YAG,OK
1661374875,77,29.044836,53.125088,4.274253,0,2022-08-24 21:01:15,day,Fiber,OK
1661375689,69,49.77335,40.24292,16.30029,0,2022-08-24 21:14:49,day,Excimer,OK
1661404629,93,53.719673,81.99129,18.206278,0,2022-08-25 05:17:09,night,Diode,OK
1661425530,62,221.62852,54.64005,10.622527,0,2022-08-25 11:05:30,morning,Fiber,WARNING
1661485383,11,54.67112,27.547043,1.5923697,0,2022-08-26 03:43:03,night,Nd:YAG,OK
1661487411,39,39.696228,58.384476,8.8561535,0,2022-08-26 04:16:51,night,Excimer,OK
1661501267,39,41.779026,12.778053,2.3985522,0,2022-08-26 08:07:47,morning,Excimer,OK
1661501318,71,20.282825,33.179173,1.9381263,0,2022-08-26 08:08:38,morning,Nd:YAG,OK
1661507087,32,68.33215,57.761242,1.4649,0,2022-08-26 09:44:47,morning,Fiber,OK
1661556619,56,31.63246,77.627144,12.889453,0,2022-08-26 23:30:19,night,Nd:YAG,OK
1661573734,70,33.27396,42.860504,10.764573,0,2022-08-27 04:15:34,night,CO2,OK
1661630238,48,12.116226,30.323261,147.53735,0,2022-08-27 19:57:18,day,Diode,OK
1661641605,77,64.309494,313.92426,7.029246,0,2022-08-27 23:06:45,night,Fiber,OK
1661696086,67,16.545618,50.518963,8.23083,0,2022-08-28 14:14:46,day,Fiber,OK
1661712310,5,49.05812,359.50656,3.8138862,0,2022-08-28 18:45:10,day,CO2,OK
1661731544,82,54.878735,48.638237,145.57832,0,2022-08-29 00:05:44,night,Fiber,ERROR
1661740885,59,41.242306,44.03737,3.2260578,0,2022-08-29 02:41:25,night,Excimer,OK
1661742123,30,39.332207,37.506393,21.111227,0,2022-08-29 03:02:03,night,CO2,OK
1661826495,85,34.354828,49.448795,12.752354,0,2022-08-30 02:28:15,night,CO2,OK
1661832888,31,45.91903,5.4915423,12.934985,0,2022-08-30 04:14:48,night,Nd:YAG,OK
1661890342,66,60.387802,34.92672,1.7956172,0,2022-08-30 20:12:22,day,Nd:YAG,OK
1661935376,71,54.705425,22.339762,5.785354,0,2022-08-31 08:42:56,morning,Nd:YAG,OK
1661949743,81,63.952484,61.502087,4.260278,0,2022-08-31 12:42:23,morning,Nd:YAG,OK
1661986168,48,53.943604,51.454994,14.359829,0,2022-08-31 22:49:28,night,Diode,OK
1662002008,40,37.871647,47.37448,4.240087,0,2022-09-01 03:13:28,night,CO2,OK
1662007857,8,78.82099,66.73394,23.868374,0,2022-09-01 04:50:57,night,Diode,OK
1662008130,50,71.58042,34.660484,2.037188,0,2022-09-01 04:55:30,night,CO2,OK
1662012516,33,66.28955,40.481544,8.856601,0,2022-09-01 06:08:36,morning,Diode,OK
1662045356,64,83.45688,79.07565,20.098501,0,2022-09-01 15:15:56,day,Excimer,OK
1662051453,84,64.094505,74.78125,8.480592,0,2022-09-01 16:57:33,day,Excimer,OK
1662103121,24,37.56675,55.59977,5.0485363,0,2022-09-02 07:18:41,morning,Excimer,OK
1662105326,65,28.453943,37.630714,2.3776088,0,2022-09-02 07:55:26,morning,CO2,OK
1662140358,66,25.30444,58.917316,17.238468,0,2022-09-02 17:39:18,day,Nd:YAG,OK
1662163259,69,103.71526,85.60773,12.883293,0,2022-09-03 00:00:59,night,Excimer,WARNING
1662165272,21,61.575138,59.385624,6.310362,0,2022-09-03 00:34:32,night,Nd:YAG,OK
1662169819,43,55.96409,29.557667,0.19146988,0,2022-09-03 01:50:19,night,Diode,OK
1662170237,81,50.32889,46.579742,15.442835,0,2022-09-03 01:57:17,night,Nd:YAG,OK
1662196271,17,49.5153,62.85864,1.4436519,0,2022-09-03 09:11:11,morning,Fiber,OK
1662199008,11,41.084988,57.032623,4.0970283,0,2022-09-03 09:56:48,morning,Nd:YAG,OK
1662200434,21,67.72197,24.613363,19.936413,0,2022-09-03 10:20:34,morning,Nd:YAG,OK
1662207931,37,26.442757,38.658775,19.059776,0,2022-09-03 12:25:31,morning,Fiber,OK
1662248771,83,23.470987,49.465374,86.16782,0,2022-09-03 23:46:11,night,Diode,OK
1662263594,18,15.462832,0.07704382,22.388605,0,2022-09-04 03:53:14,night,Diode,OK
1662283369,91,31.15253,98.00541,1.1100307,0,2022-09-04 09:22:49,morning,Nd:YAG,OK
1662312729,12,84.87747,8.5680485,15.536077,0,2022-09-04 17:32:09,day,Fiber,OK
1662362196,93,36.82313,33.398174,4.777876,0,2022-09-05 07:16:36,morning,Diode,OK
1662366834,97,74.06897,41.127018,15.709218,0,2022-09-05 08:33:54,morning,Fiber,OK
1662369754,94,29.964088,36.44865,15.432361,0,2022-09-05 09:22:34,morning,Excimer,OK
1662387025,83,54.940292,43.31111,10.686691,0,2022-09-05 14:10:25,day,Diode,OK
1662421822,30,78.84137,71.63503,3.0169225,0,2022-09-05 23:50:22,night,CO2,OK
1662443189,91,37.087,52.53302,9.692928,0,2022-09-06 05:46:29,night,Nd:YAG,OK
1662470120,28,84.154274,31.15237,10.896051,0,2022-09-06 13:15:20,morning,Diode,OK
1662505272,77,39.85956,56.176773,5.631707,0,2022-09-06 23:01:12,night,Fiber,OK
1662507506,4,33.309036,51.370228,3.3803015,0,2022-09-06 23:38:26,night,Excimer,OK
1662539445,41,48.192364,51.40559,8.993503,0,2022-09-07 08:30:45,morning,Nd:YAG,OK
1662585222,21,36.566265,65.04686,12.228171,0,2022-09-07 21:13:42,day,Nd:YAG,OK
1662603515,32,60.29205,46.77771,5.4286475,0,2022-09-08 02:18:35,night,Fiber,OK
1662611138,0,106.6226,73.94054,3.893591,0,2022-09-08 04:25:38,night,CO2,WARNING
1662615953,39,5.3716197,68.29623,105.58767,0,2022-09-08 05:45:53,night,Excimer,WARNING
1662623221,32,32.154896,54.39618,8.630554,0,2022-09-08 07:47:01,morning,Fiber,OK
1662648946,58,27.625324,72.99898,137.72382,0,2022-09-08 14:55:46,day,Diode,OK
1662673199,86,6.0024824,117.36281,3.9964855,0,2022-09-08 21:39:59,day,Nd:YAG,WARNING
1662679748,97,59.16276,47.651947,13.138267,0,2022-09-08 23:29:08,night,Fiber,OK
1662683586,59,58.209217,32.61391,7.6094213,0,2022-09-09 00:33:06,night,Excimer,OK
1662690772,0,77.56951,48.14187,1.864162,0,2022-09-09 02:32:52,night,CO2,OK
1662698924,13,15.570825,32.86144,12.113592,0,2022-09-09 04:48:44,night,Diode,OK
1662703157,94,80.53848,7.818013,8.849007,0,2022-09-09 05:59:17,night,Excimer,OK
1662720941,54,54.966938,262.40128,6.3283324,0,2022-09-09 10:55:41,morning,Excimer,OK
1662730317,59,86.64459,21.798931,90.33059,0,2022-09-09 13:31:57,morning,Excimer,OK
1662765487,46,44.22026,30.757467,7.0028367,0,2022-09-09 23:18:07,night,Nd:YAG,OK
1662769581,33,27.65868,8.339937,3.3723948,0,2022-09-10 00:26:21,night,Diode,OK
1662780019,62,58.95495,37.50342,18.354168,0,2022-09-10 03:20:19,night,Fiber,OK
1662781194,80,29.432737,76.55908,12.087299,0,2022-09-10 03:39:54,night,CO2,OK
1662819080,44,34.903576,62.56977,5.0214667,0,2022-09-10 14:11:20,day,Excimer,OK
1662823614,42,46.870632,96.1098,13.174793,0,2022-09-10 15:26:54,day,Fiber,OK
1662861323,89,316.9504,92.32611,2.8851922,0,2022-09-11 01:55:23,night,Excimer,WARNING
1662875858,68,40.540607,24.125917,11.049115,0,2022-09-11 05:57:38,night,Diode,OK
1662881918,46,18.630663,91.1891,2.904585,0,2022-09-11 07:38:38,morning,Nd:YAG,OK
1662885251,35,49.346077,45.22679,1.0241659,0,2022-09-11 08:34:11,morning,CO2,OK
1662899622,51,32.08345,77.986786,4.9820313,0,2022-09-11 12:33:42,morning,Nd:YAG,OK
1662917526,35,41.47622,19.563683,2.8495185,0,2022-09-11 17:32:06,day,CO2,OK
1662956831,59,20.020733,70.28977,8.165428,0,2022-09-12 04:27:11,night,Excimer,OK
1662960870,58,25.01237,68.24506,4.897613,0,2022-09-12 05:34:30,night,Diode,OK
1662972918,15,404.64926,42.88284,11.418299,0,2022-09-12 08:55:18,morning,CO2,WARNING
1662988248,26,44.49822,64.95597,10.710607,0,2022-09-12 13:10:48,morning,Nd:YAG,OK
1662996681,44,91.46028,63.611027,4.344802,0,2022-09-12 15:31:21,day,Excimer,OK
1663063526,4,38.25765,24.677694,13.072154,0,2022-09-13 10:05:26,morning,Excimer,OK
1663093842,87,36.094738,21.92898,1.7350599,0,2022-09-13 18:30:42,day,Fiber,OK
1663125589,63,56.167053,44.883434,8.972854,0,2022-09-14 03:19:49,night,Diode,OK
1663168511,22,14.359777,26.48478,3.2984114,0,2022-09-14 15:15:11,day,Fiber,OK
1663185662,95,24.367935,19.08799,9.184022,0,2022-09-14 20:01:02,day,CO2,OK
1663261141,39,82.274536,40.780647,6.719325,0,2022-09-15 16:59:01,day,Excimer,OK
1663271272,46,63.16374,35.59115,1.8758551,0,2022-09-15 19:47:52,day,Nd:YAG,OK
1663275396,32,22.087221,55.67514,3.1584997,0,2022-09-15 20:56:36,day,Fiber,OK
1663316682,34,84.33142,63.375004,8.960047,0,2022-09-16 08:24:42,morning,Excimer,OK
1663331018,70,31.886507,61.68388,11.607754,0,2022-09-16 12:23:38,morning,CO2,OK
1663335124,40,80.22879,57.645786,15.267049,0,2022-09-16 13:32:04,morning,CO2,OK
1663361935,86,30.890146,33.742912,122.67608,0,2022-09-16 20:58:55,day,Nd:YAG,OK
1663380148,20,43.022766,33.23871,21.8752,0,2022-09-17 02:02:28,night,CO2,OK
1663385847,65,45.096233,21.384056,5.2663484,0,2022-09-17 03:37:27,night,CO2,OK
1663410099,25,78.61097,35.88302,3.3609846,0,2022-09-17 10:21:39,morning,CO2,OK
1663462078,56,369.2781,68.983444,3.65924,0,2022-09-18 00:47:58,night,Nd:YAG,WARNING
1663479457,7,57.352886,62.987385,12.004077,0,2022-09-18 05:37:37,night,Fiber,OK
1663493275,37,37.20214,2.0711102,6.170125,0,2022-09-18 09:27:55,morning,Fiber,OK
1663542715,1,23.292234,102.25873,3.9125001,0,2022-09-18 23:11:55,night,Nd:YAG,OK
1663596243,42,54.71674,49.268402,4.719489,0,2022-09-19 14:04:03,day,Fiber,OK
1663601065,29,27.743202,61.877758,1.6433939,0,2022-09-19 15:24:25,day,Excimer,OK
1663619564,31,32.72377,97.423706,1.1404996,0,2022-09-19 20:32:44,day,Nd:YAG,OK
1663626600,72,65.30435,93.73252,4.881307,0,2022-09-19 22:30:00,night,Fiber,OK
1663658121,56,84.97895,61.142807,83.942856,0,2022-09-20 07:15:21,morning,Nd:YAG,OK
1663669749,41,63.395027,3.3261588,7.198476,0,2022-09-20 10:29:09,morning,Nd:YAG,OK
1663679925,96,33.819496,54.18287,3.188447,0,2022-09-20 13:18:45,morning,Nd:YAG,OK
1663681677,68,22.345943,100.479294,7.696529,0,2022-09-20 13:47:57,morning,Diode,OK
1663705487,1,89.51376,60.707638,11.0269985,0,2022-09-20 20:24:47,day,Nd:YAG,OK
1663736882,74,40.681908,7.7474647,5.528248,0,2022-09-21 05:08:02,night,Excimer,OK
1663759389,28,47.896393,32.304516,3.1599553,0,2022-09-21 11:23:09,morning,Diode,OK
1663763501,2,71.88222,93.8124,9.713034,0,2022-09-21 12:31:41,morning,Fiber,OK
1663792363,72,52.469757,38.790573,9.36974,0,2022-09-21 20:32:43,day,Fiber,OK
1663809360,17,34.11022,33.650436,2.5844789,0,2022-09-22 01:16:00,night,Fiber,OK
1663837350,99,44.491436,99.91723,8.67649,0,2022-09-22 09:02:30,morning,Excimer,OK
1663839348,62,319.16345,41.1085,0.6149193,0,2022-09-22 09:35:48,morning,Fiber,WARNING
1663865944,37,15.033324,42.95263,7.131491,0,2022-09-22 16:59:04,day,Fiber,OK
1663871176,65,47.599808,17.863512,1.0424572,0,2022-09-22 18:26:16,day,CO2,OK
1663876523,5,6.982082,60.788414,3.1033216,0,2022-09-22 19:55:23,day,CO2,WARNING
1663884208,39,32.8469,80.4589,5.9310417,0,2022-09-22 22:03:28,night,Excimer,OK
1663908085,84,47.093227,31.879097,4.28336,0,2022-09-23 04:41:25,night,Excimer,OK
1663953841,83,12.664229,42.050163,1.8328688,0,2022-09-23 17:24:01,day,Diode,OK
1663954668,57,56.61264,26.729965,7.6426044,0,2022-09-23 17:37:48,day,Fiber,OK
1663958100,95,53.54595,77.196625,20.000727,0,2022-09-23 18:35:00,day,CO2,OK
1663960277,45,38.34393,8.329854,1.6363666,0,2022-09-23 19:11:17,day,CO2,OK
1663961031,3,92.00186,56.900368,133.39336,0,2022-09-23 19:23:51,day,Diode,OK
1663982550,49,23.262417,56.186783,1.3991491,0,2022-09-24 01:22:30,night,Excimer,OK
1664008883,72,73.88615,56.111267,3.176844,0,2022-09-24 08:41:23,morning,Fiber,OK
1664029723,6,37.820698,104.35886,106.215775,0,2022-09-24 14:28:43,day,Nd:YAG,OK
1664042403,34,35.569324,87.18835,1.2828296,0,2022-09-24 18:00:03,day,Excimer,OK
1664109938,82,33.69362,20.121935,4.5971437,0,2022-09-25 12:45:38,morning,Fiber,OK
1664116864,83,68.58527,51.92664,8.311136,0,2022-09-25 14:41:04,day,Diode,OK
1664118592,84,410.27554,39.78496,7.2604795,0,2022-09-25 15:09:52,day,Excimer,ERROR
1664122823,94,25.308098,52.066006,7.6603746,0,2022-09-25 16:20:23,day,Excimer,OK
1664132728,2,47.069447,39.217525,14.343533,0,2022-09-25 19:05:28,day,Fiber,OK
1664143342,4,54.818954,78.20028,15.416886,0,2022-09-25 22:02:22,night,Excimer,OK
1664145872,75,52.607704,39.95253,10.8149185,0,2022-09-25 22:44:32,night,CO2,OK
1664158218,69,28.359108,19.924519,12.77274,0,2022-09-26 02:10:18,night,Excimer,OK
1664160137,79,15.485504,42.556538,4.0695972,0,2022-09-26 02:42:17,night,Excimer,OK
1664241278,83,60.145264,84.756226,3.356301,0,2022-09-27 01:14:38,night,Diode,OK
1664250244,1,28.05875,68.99137,2.6459966,0,2022-09-27 03:44:04,night,Nd:YAG,OK
1664262518,88,49.977024,54.87519,7.458457,0,2022-09-27 07:08:38,morning,Diode,OK
1664310411,64,72.80123,10.10264,0.2315916,0,2022-09-27 20:26:51,day,Excimer,OK
1664355274,12,29.547646,43.8248,13.157058,0,2022-09-28 08:54:34,morning,Fiber,OK
1664406015,72,86.066315,59.320507,8.791548,0,2022-09-28 23:00:15,night,Fiber,OK
1664411270,2,27.851185,35.407787,0.5055038,0,2022-09-29 00:27:50,night,Fiber,OK
1664413741,48,27.968493,21.885422,19.73293,0,2022-09-29 01:09:01,night,Diode,OK
1664415132,92,59.705765,81.43096,4.2016926,0,2022-09-29 01:32:12,night,Fiber,OK
1664446840,55,55.017437,51.553345,14.832299,0,2022-09-29 10:20:40,morning,CO2,OK
1664460741,75,5.3642898,36.9114,1.3378935,0,2022-09-29 14:12:21,day,CO2,WARNING
1664507722,39,297.7338,38.932766,9.243859,0,2022-09-30 03:15:22,night,Excimer,WARNING
1664513226,14,60.920433,88.941086,5.1125283,0,2022-09-30 04:47:06,night,Excimer,OK
1664535319,9,14.168347,44.2939,7.285448,0,2022-09-30 10:55:19,morning,Excimer,OK
1664591571,56,38.22045,6.751908,3.2246125,0,2022-10-01 02:32:51,night,Nd:YAG,OK
1664593758,95,36.929077,46.292336,3.4575107,0,2022-10-01 03:09:18,night,CO2,OK
1664667045,92,20.088917,35.171726,71.2641,0,2022-10-01 23:30:45,night,Fiber,OK
1664690701,82,24.363823,8.3263235,7.044022,0,2022-10-02 06:05:01,morning,Fiber,OK
1664698694,36,78.64321,44.613987,127.4964,0,2022-10-02 08:18:14,morning,Nd:YAG,OK
1664699381,5,57.58387,132.80333,8.574362,0,2022-10-02 08:29:41,morning,CO2,OK
1664716650,19,47.095753,43.207405,5.1921124,0,2022-10-02 13:17:30,morning,Excimer,OK
1664721950,52,47.916584,56.9768,2.8506894,0,2022-10-02 14:45:50,day,Fiber,OK
1664745565,51,96.01741,33.59511,3.301278,0,2022-10-02 21:19:25,day,Nd:YAG,OK
1664749873,10,42.018806,62.43236,75.95851,0,2022-10-02 22:31:13,night,CO2,OK
1664758401,56,27.794104,89.19276,2.167487,0,2022-10-03 00:53:21,night,Nd:YAG,OK
1664784324,42,62.5517,117.06776,10.077237,0,2022-10-03 08:05:24,morning,Fiber,OK
1664828257,60,66.08641,91.80059,9.318622,0,2022-10-03 20:17:37,day,CO2,OK
1664834749,57,70.76372,297.00854,1.1149824,0,2022-10-03 22:05:49,night,Fiber,OK
1664877995,75,75.797005,72.46419,2.5167954,0,2022-10-04 10:06:35,morning,CO2,OK
1664892404,16,76.083435,10.760885,13.097154,0,2022-10-04 14:06:44,day,Nd:YAG,OK
1664901619,90,0.21217464,13.350837,3.2465034,0,2022-10-04 16:40:19,day,CO2,WARNING
1664917759,44,66.833336,48.638874,4.912771,0,2022-10-04 21:09:19,day,Excimer,OK
1664943798,95,70.98168,38.745342,75.85334,0,2022-10-05 04:23:18,night,CO2,OK
1664975141,45,71.13711,65.02031,14.999346,0,2022-10-05 13:05:41,morning,CO2,OK
1664980203,90,24.21949,94.193184,1.0320143,0,2022-10-05 14:30:03,day,CO2,OK
1664986914,81,75.00532,40.179977,4.0531983,0,2022-10-05 16:21:54,day,Nd:YAG,OK
1665011900,1,55.473705,64.257195,2.7885032,0,2022-10-05 23:18:20,night,Nd:YAG,OK
1665016193,76,27.975456,60.85281,12.894046,0,2022-10-06 00:29:53,night,Nd:YAG,OK
1665048421,9,48.62071,82.431305,1.076592,0,2022-10-06 09:27:01,morning,Excimer,OK
1665069306,3,27.66803,51.617153,1.169612,0,2022-10-06 15:15:06,day,Diode,OK
1665073980,12,2.2203312,24.144613,1.1612891,0,2022-10-06 16:33:00,day,Fiber,WARNING
1665084737,99,18.309992,23.885174,4.5144815,0,2022-10-06 19:32:17,day,Excimer,OK
1665089693,62,71.82117,87.32314,15.323723,0,2022-10-06 20:54:53,day,Fiber,OK
1665110138,75,70.26,66.21976,4.0576353,0,2022-10-07 02:35:38,night,CO2,OK
1665110854,85,73.37975,8.632424,3.6305914,0,2022-10-07 02:47:34,night,CO2,OK
1665111700,51,52.218994,52.558247,7.523506,0,2022-10-07 03:01:40,night,Nd:YAG,OK
1665123220,65,61.160103,60.928276,7.0389323,0,2022-10-07 06:13:40,morning,CO2,OK
1665175271,14,15.6212225,80.031906,10.947806,0,2022-10-07 20:41:11,day,Excimer,OK
1665175490,61,5.8346276,15.766002,4.01098,0,2022-10-07 20:44:50,day,Nd:YAG,WARNING
1665226316,63,49.592873,86.62466,16.599287,0,2022-10-08 10:51:56,morning,Diode,OK
1665248033,25,73.6591,64.7699,3.5402324,0,2022-10-08 16:53:53,day,CO2,OK
1665270217,0,14.971098,41.24248,2.1020885,0,2022-10-08 23:03:37,night,CO2,OK
1665283073,26,82.14737,59.552418,12.781458,0,2022-10-09 02:37:53,night,Nd:YAG,OK
1665309284,85,10.039352,79.74716,0.51575154,0,2022-10-09 09:54:44,morning,CO2,WARNING
1665343181,75,31.063211,41.64928,7.3285913,0,2022-10-09 19:19:41,day,CO2,OK
1665348270,94,45.37535,39.75171,13.547337,0,2022-10-09 20:44:30,day,Excimer,OK
1665352029,10,82.79433,43.592422,5.868558,0,2022-10-09 21:47:09,day,CO2,OK
1665392436,86,261.49216,53.303333,8.794966,0,2022-10-10 09:00:36,morning,Nd:YAG,ERROR
1665400789,71,82.09668,23.470377,82.29397,0,2022-10-10 11:19:49,morning,Nd:YAG,OK
1665477267,11,38.315884,26.59465,4.029339,0,2022-10-11 08:34:27,morning,Nd:YAG,OK
1665504159,18,40.711998,45.072777,2.1700966,0,2022-10-11 16:02:39,day,Diode,OK
1665544201,18,54.605965,336.403,0.28777584,0,2022-10-12 03:10:01,night,Diode,OK
1665554218,75,32.866383,38.13317,9.127253,0,2022-10-12 05:56:58,night,CO2,OK
1665555483,45,75.50278,7.282255,5.507353,0,2022-10-12 06:18:03,morning,CO2,OK
1665565498,21,64.546265,98.54758,13.452955,0,2022-10-12 09:04:58,morning,Nd:YAG,OK
1665567047,38,89.91741,61.721523,13.222079,0,2022-10-12 09:30:47,morning,Diode,OK
1665574157,27,62.569286,93.74994,1.487255,0,2022-10-12 11:29:17,morning,Fiber,OK
1665575339,26,73.40727,62.098675,2.9280968,0,2022-10-12 11:48:59,morning,Nd:YAG,OK
1665585439,82,70.99651,18.929646,5.214264,0,2022-10-12 14:37:19,day,Fiber,OK
1665603680,95,52.39659,27.163174,5.672038,0,2022-10-12 19:41:20,day,CO2,OK
1665607864,33,59.10498,67.6566,0.9879413,0,2022-10-12 20:51:04,day,Diode,OK
1665610652,66,51.129715,70.57792,2.33565,0,2022-10-12 21:37:32,day,Nd:YAG,OK
1665680553,21,46.6874,94.36024,0.4778661,0,2022-10-13 17:02:33,day,Nd:YAG,OK
1665721831,10,64.16301,61.002293,7.6296625,0,2022-10-14 04:30:31,night,CO2,OK
1665753554,89,9.2368965,42.095535,10.422291,0,2022-10-14 13:19:14,morning,Excimer,WARNING
1665754636,12,32.30718,57.342957,146.37473,0,2022-10-14 13:37:16,morning,Fiber,OK
1665761792,60,55.022423,5.1064587,5.970227,0,2022-10-14 15:36:32,day,CO2,OK
1665762384,39,42.440437,81.300064,0.12710366,0,2022-10-14 15:46:24,day,Excimer,OK
1665764710,26,336.574,75.98022,5.803388,0,2022-10-14 16:25:10,day,Nd:YAG,WARNING
1665796418,80,25.150375,5.275684,2.3915884,0,2022-10-15 01:13:38,night,CO2,OK
1665803540,77,23.58471,46.36021,8.357735,0,2022-10-15 03:12:20,night,Fiber,OK
1665852253,50,1.3958845,27.929594,1.8910577,0,2022-10-15 16:44:13,day,CO2,WARNING
1665879372,23,76.02404,45.16596,9.744731,0,2022-10-16 00:16:12,night,Diode,OK
1665901653,41,52.32162,56.492218,6.43817,0,2022-10-16 06:27:33,morning,Nd:YAG,OK
1665913703,89,7.757505,53.945896,15.020481,0,2022-10-16 09:48:23,morning,Excimer,WARNING
1665921668,12,61.447723,70.941696,2.5656354,0,2022-10-16 12:01:08,morning,Fiber,OK
1665938911,21,52.909573,54.77175,12.782042,0,2022-10-16 16:48:31,day,Nd:YAG,OK
1665946921,91,94.59666,60.67846,16.47722,0,2022-10-16 19:02:01,day,Nd:YAG,OK
1665956576,92,60.417786,21.999544,145.54164,0,2022-10-16 21:42:56,day,Fiber,OK
1665987861,20,5.0395465,49.763954,2.0748088,0,2022-10-17 06:24:21,morning,CO2,WARNING
1666031898,90,68.90186,72.49172,5.671374,0,2022-10-17 18:38:18,day,CO2,OK
1666036406,33,59.52461,0.90056443,4.3990865,0,2022-10-17 19:53:26,day,Diode,OK
1666036465,36,48.463547,45.30481,4.9096994,0,2022-10-17 19:54:25,day,Nd:YAG,OK
1666044388,32,67.96854,9.135578,5.1163335,0,2022-10-17 22:06:28,night,Fiber,OK
1666053012,72,36.70955,56.674545,69.253136,0,2022-10-18 00:30:12,night,Fiber,OK
1666072325,83,31.256746,38.831234,4.9334035,0,2022-10-18 05:52:05,night,Diode,OK
1666081176,4,48.159084,58.656094,23.416769,0,2022-10-18 08:19:36,morning,Excimer,OK
1666082248,2,25.864279,24.390741,31.247574,0,2022-10-18 08:37:28,morning,Fiber,OK
1666084884,13,0.25645754,67.70848,7.320853,0,2022-10-18 09:21:24,morning,Diode,WARNING
1666121631,99,61.599518,11.401436,11.48446,0,2022-10-18 19:33:51,day,Excimer,OK
1666161381,39,72.04825,0.58065766,12.889293,0,2022-10-19 06:36:21,morning,Excimer,OK
1666215323,56,35.535404,55.31968,6.7890244,0,2022-10-19 21:35:23,day,Nd:YAG,OK
1666221762,22,46.738728,34.944466,2.3674903,0,2022-10-19 23:22:42,night,Fiber,OK
1666227600,40,82.941414,77.17895,10.956324,0,2022-10-20 01:00:00,night,CO2,OK
1666233691,92,25.389606,21.298706,5.0184813,0,2022-10-20 02:41:31,night,Fiber,OK
1666254434,99,36.6799,44.082317,15.10957,0,2022-10-20 08:27:14,morning,Excimer,OK
1666257314,25,109.48096,47.539276,14.62733,0,2022-10-20 09:15:14,morning,CO2,WARNING
1666295944,41,52.047157,54.64854,0.90654445,0,2022-10-20 19:59:04,day,Nd:YAG,OK
1666330047,89,67.58352,27.027035,2.8049755,0,2022-10-21 05:27:27,night,Excimer,OK
1666342436,50,63.995037,61.218998,1.7631003,0,2022-10-21 08:53:56,morning,CO2,OK
1666348987,62,69.46248,56.54705,2.65918,0,2022-10-21 10:43:07,morning,Fiber,OK
1666369957,41,67.16264,25.370388,79.88416,0,2022-10-21 16:32:37,day,Nd:YAG,OK
1666434332,32,109.48131,23.14365,12.443838,0,2022-10-22 10:25:32,morning,Fiber,WARNING
1666453872,96,30.395407,27.59968,11.728515,0,2022-10-22 15:51:12,day,Nd:YAG,OK
1666461514,7,76.22536,47.10715,13.926816,0,2022-10-22 17:58:34,day,Fiber,OK
1666485567,45,43.94494,67.13036,3.5477989,0,2022-10-23 00:39:27,night,CO2,OK
1666500509,54,91.66754,13.158748,6.6370587,0,2022-10-23 04:48:29,night,Excimer,OK
1666504908,22,28.17983,63.898403,0.16861618,0,2022-10-23 06:01:48,morning,Fiber,OK
1666525798,20,69.75171,14.682867,15.792843,0,2022-10-23 11:49:58,morning,CO2,OK
1666550779,3,49.828148,42.756805,2.4755213,0,2022-10-23 18:46:19,day,Diode,OK
1666586649,28,53.309715,80.23226,15.244845,0,2022-10-24 04:44:09,night,Diode,OK
1666588044,57,18.927813,109.74424,2.2712874,0,2022-10-24 05:07:24,night,Fiber,OK
1666617077,31,56.123524,5.322503,13.394426,0,2022-10-24 13:11:17,morning,Nd:YAG,OK
1666623094,66,60.103027,44.22116,1.5457776,0,2022-10-24 14:51:34,day,Nd:YAG,OK
1666630683,10,91.49304,36.567024,7.7525735,0,2022-10-24 16:58:03,day,CO2,OK
1666634693,16,6.478004,59.56456,0.9356831,0,2022-10-24 18:04:53,day,Nd:YAG,WARNING
1666639630,80,45.984547,58.388943,7.827745,0,2022-10-24 19:27:10,day,CO2,OK
1666640224,13,64.03496,56.919945,21.145096,0,2022-10-24 19:37:04,day,Diode,OK
1666650557,37,79.54078,51.476826,1.5922688,0,2022-10-24 22:29:17,night,Fiber,OK
1666673690,39,69.66821,65.19806,21.341843,0,2022-10-25 04:54:50,night,Excimer,OK
1666678156,42,21.789827,40.569862,13.182087,0,2022-10-25 06:09:16,morning,Fiber,OK
1666706324,65,2.2076764,401.66345,12.857863,0,2022-10-25 13:58:44,morning,CO2,WARNING
1666743297,24,41.03596,57.830875,5.800294,0,2022-10-26 00:14:57,night,Excimer,OK
1666761104,86,42.82888,62.30066,13.035515,0,2022-10-26 05:11:44,night,Nd:YAG,OK
1666765569,32,1.6265154,39.53242,8.351564,0,2022-10-26 06:26:09,morning,Fiber,WARNING
1666779834,28,31.44575,13.604238,111.28683,0,2022-10-26 10:23:54,morning,Diode,OK
1666797994,62,49.275486,56.12752,4.4426036,0,2022-10-26 15:26:34,day,Fiber,OK
1666815817,68,33.512707,59.10069,9.756594,0,2022-10-26 20:23:37,day,Diode,OK
1666821643,43,51.814934,66.836784,13.740611,0,2022-10-26 22:00:43,night,Diode,OK
1666868747,1,45.041306,89.7236,1.3013624,0,2022-10-27 11:05:47,morning,Nd:YAG,OK
1666874864,42,66.40239,272.9424,4.309701,0,2022-10-27 12:47:44,morning,Fiber,OK
1666905714,21,46.18346,18.183472,3.911319,0,2022-10-27 21:21:54,day,Nd:YAG,OK
1666912329,76,38.107788,19.976965,4.706508,0,2022-10-27 23:12:09,night,Nd:YAG,OK
1666926200,69,55.652077,37.584465,5.741394,0,2022-10-28 03:03:20,night,Excimer,OK
1666930772,75,32.02657,80.9678,3.5757823,0,2022-10-28 04:19:32,night,CO2,OK
1666956531,53,31.390387,34.641853,12.298792,0,2022-10-28 11:28:51,morning,Diode,OK
1666981883,93,62.420933,30.57726,4.5551906,0,2022-10-28 18:31:23,day,Diode,OK
1667021441,66,70.14745,32.954334,67.12219,0,2022-10-29 05:30:41,night,Nd:YAG,OK
1667032216,57,38.358814,69.97428,3.182105,0,2022-10-29 08:30:16,morning,Fiber,OK
1667094007,41,108.37645,64.80981,2.4155796,0,2022-10-30 01:40:07,night,Nd:YAG,WARNING
1667095361,37,56.00384,36.751476,3.9319878,0,2022-10-30 02:02:41,night,Fiber,OK
1667101062,71,39.257984,59.652847,26.065428,0,2022-10-30 03:37:42,night,Nd:YAG,OK
1667161015,68,40.01429,42.685463,0.942119,0,2022-10-30 20:16:55,day,Diode,OK
1667172380,6,35.870422,63.404484,12.670236,0,2022-10-30 23:26:20,night,Nd:YAG,OK
1667205157,45,11.782082,11.725906,0.67121196,0,2022-10-31 08:32:37,morning,CO2,OK
1667223649,78,68.99383,72.7628,2.7528737,0,2022-10-31 13:40:49,morning,Diode,OK
1667264510,41,110.018364,41.380524,16.23349,0,2022-11-01 01:01:50,night,Nd:YAG,WARNING
1667282635,6,19.286615,37.95877,2.2751255,0,2022-11-01 06:03:55,morning,Nd:YAG,OK
1667301370,56,79.48505,70.6965,8.188272,0,2022-11-01 11:16:10,morning,Nd:YAG,OK
1667302061,91,74.326645,65.554405,5.2236824,0,2022-11-01 11:27:41,morning,Nd:YAG,OK
1667303795,81,28.63947,85.22119,6.5045395,0,2022-11-01 11:56:35,morning,Nd:YAG,OK
1667312815,21,75.29559,35.964153,3.7223175,0,2022-11-01 14:26:55,day,Nd:YAG,OK
1667322984,7,28.337069,80.159035,12.713188,0,2022-11-01 17:16:24,day,Fiber,OK
1667335145,1,31.780865,30.153057,7.450424,0,2022-11-01 20:39:05,day,Nd:YAG,OK
1667335423,13,60.16812,69.04349,2.6480973,0,2022-11-01 20:43:43,day,Diode,OK
1667358632,83,68.57864,40.31653,1.0702658,0,2022-11-02 03:10:32,night,Diode,OK
1667358705,8,67.88607,32.116535,0.4945066,0,2022-11-02 03:11:45,night,Diode,OK
1667455537,73,66.37501,37.41795,10.941024,0,2022-11-03 06:05:37,morning,Diode,OK
1667489111,82,24.734392,14.456662,10.4904175,0,2022-11-03 15:25:11,day,Fiber,OK
1667536674,49,0.802532,10.17826,2.5322409,0,2022-11-04 04:37:54,night,Excimer,WARNING
1667543329,74,92.15172,99.0772,0.80098414,0,2022-11-04 06:28:49,morning,Excimer,OK
1667566572,4,85.68173,53.064854,135.84006,0,2022-11-04 12:56:12,morning,Excimer,OK
1667575987,48,13.244171,54.051144,0.17768833,0,2022-11-04 15:33:07,day,Diode,OK
1667578102,60,81.88369,82.63583,11.572045,0,2022-11-04 16:08:22,day,CO2,OK
1667646082,88,80.27382,80.91925,10.955725,0,2022-11-05 11:01:22,morning,Diode,OK
1667676911,75,94.36035,53.34785,3.8248541,0,2022-11-05 19:35:11,day,CO2,OK
1667685126,14,58.727608,96.94624,1.9776217,0,2022-11-05 21:52:06,day,Excimer,OK
1667704219,26,38.062138,48.16988,2.086414,0,2022-11-06 03:10:19,night,Nd:YAG,OK
1667714584,86,61.022392,69.413506,8.11745,0,2022-11-06 06:03:04,morning,Nd:YAG,OK
1667737137,50,22.272911,23.62161,11.562029,0,2022-11-06 12:18:57,morning,CO2,OK
1667738529,36,24.788292,53.460274,1.7862977,0,2022-11-06 12:42:09,morning,Nd:YAG,OK
1667766101,44,45.392647,51.977577,27.813452,0,2022-11-06 20:21:41,day,Excimer,OK
1667771622,52,47.052994,59.248802,0.23746812,0,2022-11-06 21:53:42,day,Fiber,OK
1667787310,32,40.179935,30.602976,17.26703,0,2022-11-07 02:15:10,night,Fiber,OK
1667819813,24,53.01462,80.78087,5.7812324,0,2022-11-07 11:16:53,morning,Excimer,OK
1667852789,73,27.180986,57.35155,8.285501,0,2022-11-07 20:26:29,day,Diode,OK
1667884739,44,60.39919,370.02136,18.979525,0,2022-11-08 05:18:59,night,Excimer,OK
1667896789,80,53.08384,60.745415,1.6928613,0,2022-11-08 08:39:49,morning,CO2,OK
1667897731,48,73.589,333.56567,0.3298079,0,2022-11-08 08:55:31,morning,Diode,OK
1667909830,11,45.817165,103.08906,7.240438,0,2022-11-08 12:17:10,morning,Nd:YAG,OK
1667914677,48,19.010656,46.053802,6.143631,0,2022-11-08 13:37:57,morning,Diode,OK
1667915466,17,58.354805,65.5008,80.7544,0,2022-11-08 13:51:06,morning,Fiber,OK
1667940714,99,94.277504,39.021885,0.47123405,0,2022-11-08 20:51:54,day,Excimer,OK
1667985067,41,45.221912,22.451845,11.906744,0,2022-11-09 09:11:07,morning,Nd:YAG,OK
1667986229,34,38.77087,72.64344,0.05173867,0,2022-11-09 09:30:29,morning,Excimer,OK
1667995526,68,71.82907,37.257206,2.6500278,0,2022-11-09 12:05:26,morning,Diode,OK
1668004495,54,68.47993,27.675297,18.631012,0,2022-11-09 14:34:55,day,Excimer,OK
1668011084,78,37.836067,47.863373,7.106622,0,2022-11-09 16:24:44,day,Diode,OK
1668013291,93,85.852745,125.26124,8.8766165,0,2022-11-09 17:01:31,day,Diode,OK
1668013484,81,68.32929,36.15932,5.0264583,0,2022-11-09 17:04:44,day,Nd:YAG,OK
1668033399,61,79.12718,59.014194,17.298035,0,2022-11-09 22:36:39,night,Nd:YAG,OK
1668037027,56,36.43141,7.56621,9.691291,0,2022-11-09 23:37:07,night,Nd:YAG,OK
1668054551,18,46.409466,7.519807,24.539639,0,2022-11-10 04:29:11,night,Diode,OK
1668058366,5,60.1788,37.683746,9.499091,0,2022-11-10 05:32:46,night,CO2,OK
1668077698,24,12.288222,65.34621,1.676284,0,2022-11-10 10:54:58,morning,Excimer,OK
1668082393,90,46.528828,76.91469,0.84341645,0,2022-11-10 12:13:13,morning,CO2,OK
1668110498,44,61.804485,52.72876,0.9112005,0,2022-11-10 20:01:38,day,Excimer,OK
1668116632,68,29.394508,44.3445,15.859941,0,2022-11-10 21:43:52,day,Diode,OK
1668118040,66,234.72005,94.811195,2.5530992,0,2022-11-10 22:07:20,night,Nd:YAG,WARNING
1668121909,50,54.90397,56.48033,1.5953785,0,2022-11-10 23:11:49,night,CO2,OK
1668128919,45,33.904278,39.295,9.697876,0,2022-11-11 01:08:39,night,CO2,OK
1668143825,62,2.2622771,54.89367,1.1771191,0,2022-11-11 05:17:05,night,Fiber,WARNING
1668146664,68,43.102436,47.435577,0.3096345,0,2022-11-11 06:04:24,morning,Diode,OK
1668177919,58,102.973885,55.665012,7.2109075,0,2022-11-11 14:45:19,day,Diode,WARNING
1668207610,20,49.085888,84.69362,12.572182,0,2022-11-11 23:00:10,night,CO2,OK
1668216809,23,74.56969,62.48536,5.5091047,0,2022-11-12 01:33:29,night,Diode,OK
1668236073,93,50.629917,78.671585,11.554395,0,2022-11-12 06:54:33,morning,Diode,OK
1668242923,75,88.16505,75.29901,6.4069977,0,2022-11-12 08:48:43,morning,CO2,OK
1668264691,2,35.543343,31.839874,27.407703,0,2022-11-12 14:51:31,day,Fiber,OK
1668301191,12,66.500755,46.526928,21.411469,0,2022-11-13 00:59:51,night,Fiber,OK
1668330484,66,44.984493,4.2904024,14.21161,0,2022-11-13 09:08:04,morning,Nd:YAG,OK
1668338624,54,62.834167,91.806595,9.22223,0,2022-11-13 11:23:44,morning,Excimer,OK
1668348085,39,58.146538,59.09546,7.7396555,0,2022-11-13 14:01:25,day,Excimer,OK
1668353481,91,0.15869525,9.466122,6.19238,0,2022-11-13 15:31:21,day,Nd:YAG,WARNING
1668365760,98,50.212822,55.351097,20.694693,0,2022-11-13 18:56:00,day,Diode,OK
1668380176,28,83.27926,54.304134,11.731016,0,2022-11-13 22:56:16,night,Diode,OK
1668386653,20,49.625774,49.678726,123.109055,0,2022-11-14 00:44:13,night,CO2,OK
1668413320,64,66.52787,73.538246,3.5118237,0,2022-11-14 08:08:40,morning,Excimer,OK
1668413942,19,46.48072,21.36694,15.224515,0,2022-11-14 08:19:02,morning,Excimer,OK
1668452042,78,61.20921,42.147083,9.80385,0,2022-11-14 18:54:02,day,Diode,OK
1668474452,83,49.829227,10.171938,0.65981376,0,2022-11-15 01:07:32,night,Diode,OK
1668487756,76,41.620487,78.84717,3.8323526,0,2022-11-15 04:49:16,night,Nd:YAG,OK
1668504634,77,58.543457,3.216021,4.9657707,0,2022-11-15 09:30:34,morning,Fiber,OK
1668526805,70,348.1231,34.838387,1.6183898,0,2022-11-15 15:40:05,day,CO2,WARNING
1668527685,92,75.897644,39.80129,2.9810429,0,2022-11-15 15:54:45,day,Fiber,OK
1668531396,98,43.645664,15.636371,1.02319,0,2022-11-15 16:56:36,day,Diode,OK
1668531400,89,62.837193,31.228397,21.134674,0,2022-11-15 16:56:40,day,Excimer,OK
1668531914,69,42.652218,36.014027,6.0047617,0,2022-11-15 17:05:14,day,Excimer,OK
1668535475,18,57.61618,32.896736,3.8070233,0,2022-11-15 18:04:35,day,Diode,OK
1668550732,16,69.95875,63.59515,7.1803427,0,2022-11-15 22:18:52,night,Nd:YAG,OK
1668565121,83,122.042534,34.876873,146.3181,0,2022-11-16 02:18:41,night,Diode,WARNING
1668580001,49,53.473045,28.930962,3.06846,0,2022-11-16 06:26:41,morning,Excimer,OK
1668583740,71,71.51998,68.92814,13.280109,0,2022-11-16 07:29:00,morning,Nd:YAG,OK
1668591490,58,49.071545,49.499615,5.727797,0,2022-11-16 09:38:10,morning,Diode,OK
1668627315,69,27.753859,98.34533,7.4547048,0,2022-11-16 19:35:15,day,Excimer,OK
1668633509,6,48.12798,3.4486003,17.457504,0,2022-11-16 21:18:29,day,Nd:YAG,OK
1668642055,38,3.5012608,17.337269,12.53587,0,2022-11-16 23:40:55,night,Diode,WARNING
1668646479,97,52.40148,51.91328,12.776756,0,2022-11-17 00:54:39,night,Fiber,OK
1668672582,68,73.93099,59.548565,6.5216455,0,2022-11-17 08:09:42,morning,Diode,OK
1668674919,60,21.718094,9.374719,120.969345,0,2022-11-17 08:48:39,morning,CO2,OK
1668685345,24,68.10436,32.666267,7.5135794,0,2022-11-17 11:42:25,morning,Excimer,OK
1668689164,28,23.045343,66.95711,2.5962102,0,2022-11-17 12:46:04,morning,Diode,OK
1668752732,9,69.61755,9.265696,3.1973786,0,2022-11-18 06:25:32,morning,Excimer,OK
1668774349,11,66.45342,54.00172,1.158883,0,2022-11-18 12:25:49,morning,Nd:YAG,OK
1668781839,26,50.05145,38.94129,11.136512,0,2022-11-18 14:30:39,day,Nd:YAG,OK
1668806511,55,44.983757,45.15032,8.461912,0,2022-11-18 21:21:51,day,CO2,OK
1668840774,38,426.70163,68.5946,3.338647,0,2022-11-19 06:52:54,morning,Diode,WARNING
1668851701,45,50.073307,1.4238371,10.646653,0,2022-11-19 09:55:01,morning,CO2,OK
1668861920,19,64.838455,23.29646,7.8849354,0,2022-11-19 12:45:20,morning,Excimer,OK
1668877020,44,14.27518,67.69484,7.2439036,0,2022-11-19 16:57:00,day,Excimer,OK
1668903018,50,50.15074,71.186905,17.57091,0,2022-11-20 00:10:18,night,CO2,OK
1668916090,3,53.62615,71.891785,12.359354,0,2022-11-20 03:48:10,night,Diode,OK
1668925597,62,49.015717,44.525135,3.105164,0,2022-11-20 06:26:37,morning,Fiber,OK
1668930690,93,75.514496,48.885925,95.73485,0,2022-11-20 07:51:30,morning,Diode,OK
1668937978,63,67.9159,55.228466,2.6713161,0,2022-11-20 09:52:58,morning,Diode,OK
1668943094,92,49.316555,49.68462,13.838517,0,2022-11-20 11:18:14,morning,Fiber,OK
1668986408,43,69.836945,22.651836,4.778094,0,2022-11-20 23:20:08,night,Diode,OK
1668990662,98,24.67383,74.78059,6.44364,0,2022-11-21 00:31:02,night,Diode,OK
1668992426,36,57.80889,15.463062,12.251222,0,2022-11-21 01:00:26,night,Nd:YAG,OK
1669024962,5,49.73729,43.355145,1.8597834,0,2022-11-21 10:02:42,morning,CO2,OK
1669038461,9,48.736744,67.48428,11.232092,0,2022-11-21 13:47:41,morning,Excimer,OK
1669043922,51,65.35974,129.93752,15.205108,0,2022-11-21 15:18:42,day,Nd:YAG,OK
1669046019,21,52.11744,5.9362655,16.072897,0,2022-11-21 15:53:39,day,Nd:YAG,OK
1669054807,53,82.44549,19.221487,8.192574,0,2022-11-21 18:20:07,day,Diode,OK
1669055870,86,101.55211,60.941532,3.7036757,0,2022-11-21 18:37:50,day,Nd:YAG,WARNING
1669063830,51,80.77248,87.884155,11.719991,0,2022-11-21 20:50:30,day,Nd:YAG,OK
1669092318,62,46.074005,68.7122,9.082367,0,2022-11-22 04:45:18,night,Fiber,OK
1669092940,85,28.835909,51.0858,147.78247,0,2022-11-22 04:55:40,night,CO2,OK
1669111662,47,66.81972,87.40569,6.2568674,0,2022-11-22 10:07:42,morning,Fiber,OK
1669112937,94,56.674572,45.279476,74.735695,0,2022-11-22 10:28:57,morning,Excimer,OK
1669122216,81,63.795345,55.006596,70.27802,0,2022-11-22 13:03:36,morning,Nd:YAG,ERROR
1669131829,8,75.9317,23.95643,12.291081,0,2022-11-22 15:43:49,day,Diode,OK
1669156355,63,62.143665,78.566925,4.284728,0,2022-11-22 22:32:35,night,Diode,OK
1669187885,18,23.393429,244.65819,11.946279,0,2022-11-23 07:18:05,morning,Diode,OK
1669198549,23,35.88542,18.197529,8.152273,0,2022-11-23 10:15:49,morning,Diode,OK
1669211138,37,57.840034,67.449745,14.136827,0,2022-11-23 13:45:38,morning,Fiber,OK
1669214981,65,68.323875,57.349533,127.27252,0,2022-11-23 14:49:41,day,CO2,OK
1669227884,70,59.969116,49.796597,3.0173697,0,2022-11-23 18:24:44,day,CO2,OK
1669234527,17,17.443956,74.15061,6.9760804,0,2022-11-23 20:15:27,day,Fiber,OK
1669319399,99,26.835428,55.549988,5.5373373,0,2022-11-24 19:49:59,day,Excimer,OK
1669320385,66,46.266228,21.668055,8.618234,0,2022-11-24 20:06:25,day,Nd:YAG,OK
1669323364,60,45.405186,53.378727,3.4212124,0,2022-11-24 20:56:04,day,CO2,OK
1669340639,53,39.577705,52.62093,9.6655,0,2022-11-25 01:43:59,night,Diode,OK
1669342022,89,35.615017,22.835386,10.188806,0,2022-11-25 02:07:02,night,Excimer,OK
1669350944,78,14.715052,46.623486,0.6422547,0,2022-11-25 04:35:44,night,Diode,OK
1669385233,68,73.83275,43.696888,9.125814,0,2022-11-25 14:07:13,day,Diode,OK
1669401887,39,57.261208,37.944168,12.536149,0,2022-11-25 18:44:47,day,Excimer,OK
1669407769,20,63.6122,20.819122,1.0952423,0,2022-11-25 20:22:49,day,CO2,OK
1669468368,53,18.697693,71.807945,6.770936,0,2022-11-26 13:12:48,morning,Diode,OK
1669495410,60,67.09387,63.481888,3.3309412,0,2022-11-26 20:43:30,day,CO2,OK
1669519316,8,47.196533,51.305374,19.79217,0,2022-11-27 03:21:56,night,Diode,OK
1669520922,54,36.956867,20.175554,4.791127,0,2022-11-27 03:48:42,night,Excimer,OK
1669528658,2,61.18384,54.293507,1.3557516,0,2022-11-27 05:57:38,night,Fiber,OK
1669529252,15,75.55844,39.389194,4.5004463,0,2022-11-27 06:07:32,morning,CO2,OK
1669539842,26,45.803654,63.95076,6.6452427,0,2022-11-27 09:04:02,morning,Nd:YAG,OK
1669544558,87,46.635544,72.4529,5.065097,0,2022-11-27 10:22:38,morning,Fiber,OK
1669573039,47,39.35976,11.025251,98.37567,0,2022-11-27 18:17:19,day,Fiber,OK
1669586260,11,13.108164,15.355224,4.1431212,0,2022-11-27 21:57:40,day,Nd:YAG,OK
1669604807,52,40.799442,52.322285,20.55756,0,2022-11-28 03:06:47,night,Fiber,OK
1669634097,55,72.47276,58.589077,4.6432705,0,2022-11-28 11:14:57,morning,CO2,OK
1669652008,27,26.304474,38.502872,12.33328,0,2022-11-28 16:13:28,day,Fiber,OK
1669657514,77,56.596565,14.944607,6.055555,0,2022-11-28 17:45:14,day,Fiber,OK
1669694374,6,17.578215,75.04033,14.46979,0,2022-11-29 03:59:34,night,Nd:YAG,OK
1669696382,3,34.704746,5.4364314,3.535824,0,2022-11-29 04:33:02,night,Diode,OK
1669707520,53,72.18907,4.1363816,9.406333,0,2022-11-29 07:38:40,morning,Diode,OK
1669716296,3,14.222939,29.542164,8.944158,0,2022-11-29 10:04:56,morning,Diode,OK
1669747536,97,51.9686,52.990387,4.051688,0,2022-11-29 18:45:36,day,Fiber,OK
1669750369,81,25.748766,76.89624,1.7945703,0,2022-11-29 19:32:49,day,Nd:YAG,OK
1669754092,68,61.68297,44.800034,4.9888225,0,2022-11-29 20:34:52,day,Diode,OK
1669762007,41,24.004486,40.82069,13.689255,0,2022-11-29 22:46:47,night,Nd:YAG,OK
1669783800,68,388.13562,28.307604,9.4557705,0,2022-11-30 04:50:00,night,Diode,WARNING
1669788530,73,37.51085,6.268234,19.55948,0,2022-11-30 06:08:50,morning,Diode,OK
1669803725,42,111.23434,52.17898,1.5970026,0,2022-11-30 10:22:05,morning,Fiber,WARNING
1669827677,69,56.923046,48.228497,4.2651725,0,2022-11-30 17:01:17,day,Excimer,OK
1669834166,11,7.29167,23.031506,11.014762,0,2022-11-30 18:49:26,day,Nd:YAG,WARNING
1669875139,38,40.023663,55.525257,18.328077,0,2022-12-01 06:12:19,morning,Diode,OK
1669894310,61,73.724396,41.177437,21.90275,0,2022-12-01 11:31:50,morning,Nd:YAG,OK
1669925766,52,87.594124,26.345669,0.34711832,0,2022-12-01 20:16:06,day,Fiber,OK
1669933018,4,81.97952,60.067066,6.6058116,0,2022-12-01 22:16:58,night,Excimer,OK
1669944420,74,51.80641,70.34518,20.0491,0,2022-12-02 01:27:00,night,Excimer,OK
1669959979,86,70.084755,82.126854,13.304025,0,2022-12-02 05:46:19,night,Nd:YAG,OK
1669975048,24,75.82534,40.573456,17.094788,0,2022-12-02 09:57:28,morning,Excimer,OK
1670011077,1,75.881195,86.08286,5.92856,0,2022-12-02 19:57:57,day,Nd:YAG,OK
1670012135,82,53.379932,60.268818,6.5720153,0,2022-12-02 20:15:35,day,Fiber,OK
1670017489,8,72.96378,25.488056,4.1170645,0,2022-12-02 21:44:49,day,Diode,OK
1670017518,3,64.770096,33.269463,1.8199672,0,2022-12-02 21:45:18,day,Diode,OK
1670055689,73,419.9249,110.11595,8.94651,0,2022-12-03 08:21:29,morning,Diode,WARNING
1670062544,42,35.65263,74.628296,1.1303432,0,2022-12-03 10:15:44,morning,Fiber,ERROR
1670098242,87,24.775093,53.3041,135.42036,0,2022-12-03 20:10:42,day,Fiber,OK
1670106032,58,19.209667,55.251568,13.669895,0,2022-12-03 22:20:32,night,Diode,OK
1670112460,41,56.452774,109.42881,10.87209,0,2022-12-04 00:07:40,night,Nd:YAG,OK
1670115892,9,49.064426,46.442764,15.308416,0,2022-12-04 01:04:52,night,Excimer,OK
1670135927,87,20.291609,61.95736,9.11598,0,2022-12-04 06:38:47,morning,Fiber,OK
1670179956,2,46.764824,66.01277,9.442158,0,2022-12-04 18:52:36,day,Fiber,OK
1670194324,75,18.403519,37.905403,0.2710454,0,2022-12-04 22:52:04,night,CO2,OK
1670205745,51,52.138424,55.330666,0.20138341,0,2022-12-05 02:02:25,night,Nd:YAG,OK
1670217947,65,47.807175,99.20894,3.9880788,0,2022-12-05 05:25:47,night,CO2,OK
1670224888,13,31.327068,45.9634,2.5545583,0,2022-12-05 07:21:28,morning,Diode,OK
1670231455,4,51.08399,24.56057,5.695867,0,2022-12-05 09:10:55,morning,Excimer,OK
1670247658,64,41.932487,32.77125,29.97399,0,2022-12-05 13:40:58,morning,Excimer,OK
1670254665,7,62.000362,79.50817,0.095858775,0,2022-12-05 15:37:45,day,Fiber,OK
1670258094,91,16.31085,74.48022,8.824074,0,2022-12-05 16:34:54,day,Nd:YAG,OK
1670270000,48,66.326324,66.109886,1.3978068,0,2022-12-05 19:53:20,day,Diode,OK
1670305819,24,46.17951,47.030144,3.6680737,0,2022-12-06 05:50:19,night,Excimer,OK
1670308181,12,40.79393,40.391487,7.63248,0,2022-12-06 06:29:41,morning,Fiber,OK
1670349078,52,60.150047,75.70274,9.565932,0,2022-12-06 17:51:18,day,Fiber,OK
1670354917,32,33.28309,82.78374,4.559188,0,2022-12-06 19:28:37,day,Fiber,OK
1670365680,97,44.96208,49.813812,0.7231615,0,2022-12-06 22:28:00,night,Fiber,OK
1670386270,43,66.11177,45.124043,3.6217756,0,2022-12-07 04:11:10,night,Diode,OK
1670404735,93,65.70761,55.20334,11.101607,0,2022-12-07 09:18:55,morning,Diode,OK
1670418796,76,45.66786,74.05738,16.143818,0,2022-12-07 13:13:16,morning,Nd:YAG,OK
1670448473,30,61.290714,35.56678,3.5918102,0,2022-12-07 21:27:53,day,CO2,OK
1670461341,35,46.204353,55.144356,21.493925,0,2022-12-08 01:02:21,night,CO2,OK
1670472027,91,47.51649,40.9821,2.6091225,0,2022-12-08 04:00:27,night,Nd:YAG,OK
1670477446,2,48.000053,10.986394,2.5883965,0,2022-12-08 05:30:46,night,Fiber,OK
1670481864,55,68.53455,46.815353,9.74152,0,2022-12-08 06:44:24,morning,CO2,OK
1670491651,3,13.155128,82.008224,14.867049,0,2022-12-08 09:27:31,morning,Diode,OK
1670494632,67,52.280712,56.126938,119.206055,0,2022-12-08 10:17:12,morning,Fiber,OK
1670496499,14,48.325584,10.708733,2.6067,0,2022-12-08 10:48:19,morning,Excimer,OK
1670508016,45,320.96094,429.71603,10.977186,0,2022-12-08 14:00:16,day,CO2,WARNING
1670523992,86,38.893562,36.631073,7.6977415,0,2022-12-08 18:26:32,day,Nd:YAG,OK
1670533169,59,51.091652,260.11533,1.6563932,0,2022-12-08 20:59:29,day,Excimer,OK
1670572625,62,32.269314,55.593212,13.10341,0,2022-12-09 07:57:05,morning,Fiber,OK
1670575946,39,40.262726,43.24505,6.7893963,0,2022-12-09 08:52:26,morning,Excimer,OK
1670580953,53,66.15891,61.921658,15.710919,0,2022-12-09 10:15:53,morning,Diode,OK
1670609399,35,38.796413,28.303907,8.386342,0,2022-12-09 18:09:59,day,CO2,OK
1670628805,31,5.829286,57.977955,16.689447,0,2022-12-09 23:33:25,night,Nd:YAG,WARNING
1670633169,71,61.78581,68.18488,13.401055,0,2022-12-10 00:46:09,night,Nd:YAG,OK
1670658521,37,23.993813,76.04588,11.829313,0,2022-12-10 07:48:41,morning,Fiber,OK
1670662590,15,70.35004,321.63013,9.430566,0,2022-12-10 08:56:30,morning,CO2,OK
1670665509,36,9.060276,11.155181,17.334337,0,2022-12-10 09:45:09,morning,Nd:YAG,WARNING
1670674496,37,72.921814,50.928963,3.2305026,0,2022-12-10 12:14:56,morning,Fiber,OK
1670679469,82,40.184467,72.69257,2.7425058,0,2022-12-10 13:37:49,morning,Fiber,OK
1670687223,67,83.90996,69.57377,5.510174,0,2022-12-10 15:47:03,day,Fiber,OK
1670715205,85,46.660397,57.037945,4.239095,0,2022-12-10 23:33:25,night,CO2,OK
1670725258,42,25.465614,118.649414,13.9656315,0,2022-12-11 02:20:58,night,Fiber,OK
1670806566,63,52.52114,6.828475,3.586097,0,2022-12-12 00:56:06,night,Diode,OK
1670810715,48,47.72219,88.935135,4.0912843,0,2022-12-12 02:05:15,night,Diode,OK
1670818845,84,37.258125,46.15924,16.202127,0,2022-12-12 04:20:45,night,Excimer,OK
1670835094,91,47.730312,52.263138,2.6474173,0,2022-12-12 08:51:34,morning,Nd:YAG,OK
1670840759,33,48.44432,50.40442,7.4517174,0,2022-12-12 10:25:59,morning,Diode,OK
1670877245,10,2.086397,66.08155,137.9484,0,2022-12-12 20:34:05,day,CO2,WARNING
1670890397,47,46.307236,18.97627,2.3874874,0,2022-12-13 00:13:17,night,Fiber,OK
1670954572,9,99.49235,43.840534,14.821685,0,2022-12-13 18:02:52,day,Excimer,OK
1670966591,94,52.522694,47.739143,1.375558,0,2022-12-13 21:23:11,day,Excimer,OK
1670989792,38,41.081913,37.25625,6.7899575,0,2022-12-14 03:49:52,night,Diode,OK
1671003612,60,62.479862,75.8667,20.00098,0,2022-12-14 07:40:12,morning,CO2,OK
1671031298,53,29.731539,14.529205,2.0955625,0,2022-12-14 15:21:38,day,Diode,OK
1671051417,14,49.749874,48.890476,4.253583,0,2022-12-14 20:56:57,day,Excimer,OK
1671063835,93,38.432896,44.64518,1.5966179,0,2022-12-15 00:23:55,night,Diode,OK
1671075416,40,19.17413,96.49611,0.4417774,0,2022-12-15 03:36:56,night,CO2,OK
1671095952,59,84.946106,11.449678,6.1711445,0,2022-12-15 09:19:12,morning,Excimer,OK
1671100981,4,7.9603534,86.086624,0.15562724,0,2022-12-15 10:43:01,morning,Excimer,WARNING
1671139406,59,62.76513,47.370216,6.8767405,0,2022-12-15 21:23:26,day,Excimer,OK
1671152138,73,64.47074,19.820066,10.754741,0,2022-12-16 00:55:38,night,Diode,OK
1671171377,31,24.267271,51.33684,10.743226,0,2022-12-16 06:16:17,morning,Nd:YAG,OK
1671178602,21,41.412388,49.94314,6.864377,0,2022-12-16 08:16:42,morning,Nd:YAG,OK
1671186359,39,432.16754,64.54579,3.928366,0,2022-12-16 10:25:59,morning,Excimer,WARNING
1671248800,25,46.97293,17.466173,7.790813,0,2022-12-17 03:46:40,night,CO2,OK
1671257831,79,5.187331,110.665825,4.937878,0,2022-12-17 06:17:11,morning,Excimer,WARNING
1671285745,76,48.53081,70.021614,66.114365,0,2022-12-17 14:02:25,day,Nd:YAG,OK
1671291264,83,3.405302,65.03488,2.073422,0,2022-12-17 15:34:24,day,Diode,WARNING
1671305632,25,44.706116,88.63272,4.790382,0,2022-12-17 19:33:52,day,CO2,OK
1671308234,29,34.118446,84.56464,4.7038803,0,2022-12-17 20:17:14,day,Excimer,OK
1671337624,8,29.961544,70.88553,0.7644117,0,2022-12-18 04:27:04,night,Diode,OK
1671350877,31,68.34556,78.615005,8.614217,0,2022-12-18 08:07:57,morning,Nd:YAG,OK
1671373129,67,332.4972,53.092068,14.503586,0,2022-12-18 14:18:49,day,Fiber,WARNING
1671379079,7,41.558975,71.23621,7.572591,0,2022-12-18 15:57:59,day,Fiber,OK
1671397618,12,60.124058,73.46711,0.8903741,0,2022-12-18 21:06:58,day,Fiber,OK
1671403980,49,283.29742,62.31381,0.18405524,0,2022-12-18 22:53:00,night,Excimer,WARNING
1671430398,42,42.54199,19.470362,4.145808,0,2022-12-19 06:13:18,morning,Fiber,OK
1671444147,64,69.553154,76.8154,2.315495,0,2022-12-19 10:02:27,morning,Excimer,OK
1671456371,23,58.32824,47.590305,90.42478,0,2022-12-19 13:26:11,morning,Diode,OK
1671463948,71,90.13857,44.915417,29.707644,0,2022-12-19 15:32:28,day,Nd:YAG,OK
1671506087,30,35.05129,345.05258,14.454168,0,2022-12-20 03:14:47,night,CO2,OK
1671515319,14,44.838367,31.20908,5.767577,0,2022-12-20 05:48:39,night,Excimer,OK
1671523730,47,43.02735,43.187923,2.331328,0,2022-12-20 08:08:50,morning,Fiber,OK
1671534124,33,359.0996,52.088024,5.71171,0,2022-12-20 11:02:04,morning,Diode,WARNING
1671574906,80,31.548899,77.60814,8.904526,0,2022-12-20 22:21:46,night,CO2,OK
1671579710,80,19.029764,97.335724,15.423257,0,2022-12-20 23:41:50,night,CO2,OK
1671596019,38,298.14505,86.38676,13.276216,0,2022-12-21 04:13:39,night,Diode,WARNING
1671609197,97,60.811447,30.956717,7.8433785,0,2022-12-21 07:53:17,morning,Fiber,OK
1671683222,48,19.72041,51.93157,14.81213,0,2022-12-22 04:27:02,night,Diode,OK
1671737485,15,81.08506,39.81379,5.3603344,0,2022-12-22 19:31:25,day,CO2,OK
1671772512,46,68.04278,17.733475,9.001418,0,2022-12-23 05:15:12,night,Nd:YAG,OK
1671772766,17,31.603243,66.62693,2.6084292,0,2022-12-23 05:19:26,night,Fiber,OK
1671784502,80,60.692715,28.364538,15.850191,0,2022-12-23 08:35:02,morning,CO2,OK
1671799902,3,64.91584,375.91602,9.179639,0,2022-12-23 12:51:42,morning,Diode,OK
1671804858,18,22.717447,50.454105,2.8589785,0,2022-12-23 14:14:18,day,Diode,OK
1671814458,10,57.36195,40.762478,18.858025,0,2022-12-23 16:54:18,day,CO2,OK
1671844248,95,52.57237,47.832424,4.7561965,0,2022-12-24 01:10:48,night,CO2,OK
1671845159,93,77.330536,45.38169,17.85029,0,2022-12-24 01:25:59,night,Diode,OK
1671856609,55,24.982496,11.561926,11.452323,0,2022-12-24 04:36:49,night,CO2,OK
1671876727,38,41.210094,63.217525,1.2612909,0,2022-12-24 10:12:07,morning,Diode,OK
1671887095,79,90.95364,99.692955,1.1763417,0,2022-12-24 13:04:55,morning,Excimer,OK
1671887439,81,96.462654,26.81048,1.4219774,0,2022-12-24 13:10:39,morning,Nd:YAG,OK
1671892362,59,17.178898,109.838806,5.0685377,0,2022-12-24 14:32:42,day,Excimer,OK
1671907771,21,76.86277,46.917477,10.6905775,0,2022-12-24 18:49:31,day,Nd:YAG,OK
1671966955,33,59.537308,30.872267,12.089955,0,2022-12-25 11:15:55,morning,Diode,OK
1671983086,48,51.139366,56.45498,9.377571,0,2022-12-25 15:44:46,day,Diode,OK
1672006310,22,76.1287,43.63595,8.931955,0,2022-12-25 22:11:50,night,Fiber,OK
1672011059,17,37.9532,49.54635,6.581692,0,2022-12-25 23:30:59,night,Fiber,OK
1672013360,50,53.262897,25.464506,10.124224,0,2022-12-26 00:09:20,night,CO2,OK
1672017212,92,55.459747,41.83256,2.884512,0,2022-12-26 01:13:32,night,Fiber,OK
1672019665,22,31.618471,76.926735,1.3433988,0,2022-12-26 01:54:25,night,Fiber,OK
1672031472,50,82.64522,12.671947,6.0140185,0,2022-12-26 05:11:12,night,CO2,OK
1672033410,33,29.194942,36.650307,140.3951,0,2022-12-26 05:43:30,night,Diode,OK
1672063734,36,31.467154,64.33813,0.38363478,0,2022-12-26 14:08:54,day,Nd:YAG,OK
1672089730,22,10.1404,72.253296,9.698198,0,2022-12-26 21:22:10,day,Fiber,WARNING
1672139211,25,2.9940324,37.517807,85.78682,0,2022-12-27 11:06:51,morning,CO2,WARNING
1672140828,16,51.369907,22.59563,5.1999326,0,2022-12-27 11:33:48,morning,Nd:YAG,OK
1672151723,11,40.040234,24.640894,25.34951,0,2022-12-27 14:35:23,day,Nd:YAG,OK
1672170344,46,52.64941,75.5983,11.583032,0,2022-12-27 19:45:44,day,Nd:YAG,OK
1672183697,67,82.23389,54.300068,3.274417,0,2022-12-27 23:28:17,night,Fiber,OK
1672221760,60,88.77323,89.036224,8.44862,0,2022-12-28 10:02:40,morning,CO2,OK
1672228848,23,51.068516,28.2909,13.839952,0,2022-12-28 12:00:48,morning,Diode,OK
1672241693,45,89.47567,80.40768,2.2962914,0,2022-12-28 15:34:53,day,CO2,OK
1672244879,26,74.92198,62.04308,7.3188634,0,2022-12-28 16:27:59,day,Nd:YAG,OK
1672247289,42,62.229317,56.80757,8.101314,0,2022-12-28 17:08:09,day,Fiber,OK
1672305627,19,38.61155,53.289227,7.919216,0,2022-12-29 09:20:27,morning,Excimer,OK
1672313869,43,17.659035,52.072945,7.6794214,0,2022-12-29 11:37:49,morning,Diode,OK
1672322638,68,64.729805,38.97929,13.122639,0,2022-12-29 14:03:58,day,Diode,OK
1672382482,8,14.79306,58.85544,10.882722,0,2022-12-30 06:41:22,morning,Diode,OK
1672424682,32,66.441696,51.141575,10.684224,0,2022-12-30 18:24:42,day,Fiber,OK
1672470484,70,6.0082936,21.686361,3.3133519,0,2022-12-31 07:08:04,morning,CO2,WARNING
1672490765,77,10.345166,49.41355,5.9455338,0,2022-12-31 12:46:05,morning,Fiber,WARNING
1672493037,64,20.530474,42.63606,7.201027,0,2022-12-31 13:23:57,morning,Excimer,OK
1672494465,86,29.210688,27.144342,5.1278887,0,2022-12-31 13:47:45,morning,Nd:YAG,OK
1672494618,64,36.14062,41.694958,5.548687,0,2022-12-31 13:50:18,morning,Excimer,OK
1672502588,4,50.533386,69.45141,11.712599,0,2022-12-31 16:03:08,day,Excimer,OK
1672512232,17,109.69721,69.13011,2.8684406,0,2022-12-31 18:43:52,day,Fiber,WARNING
1672515859,23,61.993576,68.1426,12.171283,0,2022-12-31 19:44:19,day,Diode,OK
1672522752,20,63.88345,85.58872,3.544051,0,2022-12-31 21:39:12,day,CO2,OK
1672536645,95,61.78458,31.610123,13.5011425,0,2023-01-01 01:30:45,night,CO2,OK
1672540932,59,220.15463,83.77192,3.497965,0,2023-01-01 02:42:12,night,Excimer,WARNING
1672541340,47,18.549564,45.149868,16.376848,0,2023-01-01 02:49:00,night,Fiber,OK
1672551496,91,73.312675,42.30854,8.450641,0,2023-01-01 05:38:16,night,Nd:YAG,OK
1672570252,48,42.381317,73.218376,10.899066,0,2023-01-01 10:50:52,morning,Diode,OK
1672579895,3,71.065285,47.102627,0.6859318,0,2023-01-01 13:31:35,morning,Diode,OK
1672580679,53,68.316925,42.724434,0.61312246,0,2023-01-01 13:44:39,morning,Diode,OK
1672593639,11,48.99772,325.95743,140.1223,0,2023-01-01 17:20:39,day,Nd:YAG,OK
1672605524,88,28.777044,24.519747,7.8432693,0,2023-01-01 20:38:44,day,Diode,OK
1672613831,69,57.41172,22.647806,3.7188187,0,2023-01-01 22:57:11,night,Excimer,OK
1672631769,66,60.469185,50.280148,3.0313404,0,2023-01-02 03:56:09,night,Nd:YAG,OK
1672662670,89,24.776218,28.823584,0.63659346,0,2023-01-02 12:31:10,morning,Excimer,OK
1672724184,98,71.06305,57.26225,3.9864485,0,2023-01-03 05:36:24,night,Diode,OK
1672758181,26,72.87652,33.20993,130.04756,0,2023-01-03 15:03:01,day,Nd:YAG,OK
1672782823,44,28.176647,63.563427,2.045478,0,2023-01-03 21:53:43,day,Excimer,OK
1672785347,23,74.30407,65.20645,8.463482,0,2023-01-03 22:35:47,night,Diode,OK
1672785400,93,22.532925,30.97457,12.122553,0,2023-01-03 22:36:40,night,Diode,OK
1672821258,17,15.356722,57.683945,6.8016043,0,2023-01-04 08:34:18,morning,Fiber,OK
1672836082,69,80.1374,27.517902,7.2928796,0,2023-01-04 12:41:22,morning,Excimer,OK
1672867984,4,35.702152,53.179764,1.2665602,0,2023-01-04 21:33:04,day,Excimer,OK
1672878751,43,32.03761,56.708733,83.97917,0,2023-01-05 00:32:31,night,Diode,OK
1672931751,43,54.799263,52.4995,89.95111,0,2023-01-05 15:15:51,day,Diode,OK
1672944613,59,33.476124,77.757256,5.676778,0,2023-01-05 18:50:13,day,Excimer,OK
1672946600,39,58.690987,60.538048,4.7231765,0,2023-01-05 19:23:20,day,Excimer,OK
1672947548,95,47.964035,66.47081,11.569619,0,2023-01-05 19:39:08,day,CO2,OK
1672950237,44,57.425404,40.558414,15.926962,0,2023-01-05 20:23:57,day,Excimer,OK
1672957956,22,90.11947,32.346474,7.477997,0,2023-01-05 22:32:36,night,Fiber,OK
1672983568,1,37.269955,27.349058,7.9436326,0,2023-01-06 05:39:28,night,Nd:YAG,OK
1672997307,98,4.157355,27.779999,5.697769,0,2023-01-06 09:28:27,morning,Diode,WARNING
1673036142,60,223.74641,55.9551,21.388975,0,2023-01-06 20:15:42,day,CO2,WARNING
1673113496,48,49.910328,65.135025,11.990396,0,2023-01-07 17:44:56,day,Diode,OK
1673133014,66,100.30201,54.960384,16.282623,0,2023-01-07 23:10:14,night,Nd:YAG,OK
1673169494,53,47.945698,57.25442,6.4138174,0,2023-01-08 09:18:14,morning,Diode,OK
1673178559,41,37.99956,73.32495,3.072738,0,2023-01-08 11:49:19,morning,Nd:YAG,OK
1673184621,82,41.478497,62.85947,15.34102,0,2023-01-08 13:30:21,morning,Fiber,OK
1673190317,21,76.18371,32.781265,17.395311,0,2023-01-08 15:05:17,day,Nd:YAG,OK
1673190331,25,69.835594,31.032831,3.810497,0,2023-01-08 15:05:31,day,CO2,OK
1673192136,9,61.74604,43.258133,14.711796,0,2023-01-08 15:35:36,day,Excimer,OK
1673211313,11,53.41756,67.971825,1.4002426,0,2023-01-08 20:55:13,day,Nd:YAG,OK
1673211974,15,31.916773,35.96961,4.743771,0,2023-01-08 21:06:14,day,CO2,OK
1673213641,28,67.74589,74.88165,5.007256,0,2023-01-08 21:34:01,day,Diode,OK
1673239278,62,55.55858,31.29419,8.471626,0,2023-01-09 04:41:18,night,Fiber,OK
1673307485,72,85.18752,97.58242,3.4187756,0,2023-01-09 23:38:05,night,Fiber,OK
1673313193,57,52.69962,64.327995,6.6668077,0,2023-01-10 01:13:13,night,Fiber,OK
1673325234,24,36.718864,48.952057,4.3364353,0,2023-01-10 04:33:54,night,Excimer,OK
1673368742,13,70.82423,14.008371,15.886185,0,2023-01-10 16:39:02,day,Diode,OK
1673405761,7,31.208927,90.28931,5.4792986,0,2023-01-11 02:56:01,night,Fiber,OK
1673410236,48,51.52439,41.424038,7.8678026,0,2023-01-11 04:10:36,night,Diode,OK
1673439772,83,78.49281,54.14659,5.224524,0,2023-01-11 12:22:52,morning,Diode,OK
1673446699,7,23.585464,81.91157,2.9420855,0,2023-01-11 14:18:19,day,Fiber,OK
1673453897,33,23.837563,75.7051,6.846358,0,2023-01-11 16:18:17,day,Diode,OK
1673454684,9,54.854153,51.358295,5.16058,0,2023-01-11 16:31:24,day,Excimer,OK
1673471134,70,22.129187,27.383997,14.2491455,0,2023-01-11 21:05:34,day,CO2,OK
1673484994,11,30.40433,63.1083,10.735055,0,2023-01-12 00:56:34,night,Nd:YAG,OK
1673498211,38,75.02643,38.888954,2.2676237,0,2023-01-12 04:36:51,night,Diode,OK
1673532999,46,426.76917,74.01485,2.5707264,0,2023-01-12 14:16:39,day,Nd:YAG,WARNING
1673541056,64,64.76311,15.316026,2.0583138,0,2023-01-12 16:30:56,day,Excimer,OK
1673567279,49,286.73978,20.69884,6.4161334,0,2023-01-12 23:47:59,night,Excimer,WARNING
1673569687,48,87.864,37.873447,13.443476,0,2023-01-13 00:28:07,night,Diode,OK
1673588971,95,27.90812,85.5549,13.406515,0,2023-01-13 05:49:31,night,CO2,OK
1673618886,62,42.917847,27.678082,17.445715,0,2023-01-13 14:08:06,day,Fiber,OK
1673656300,13,38.16767,38.652847,4.2415023,0,2023-01-14 00:31:40,night,Diode,OK
1673688632,97,33.694073,72.72587,0.4668925,0,2023-01-14 09:30:32,morning,Fiber,OK
1673696986,66,59.952633,52.766663,14.602647,0,2023-01-14 11:49:46,morning,Nd:YAG,OK
1673710081,77,18.353851,43.482384,0.87579465,0,2023-01-14 15:28:01,day,Fiber,OK
1673727964,16,56.506252,47.875286,91.990105,0,2023-01-14 20:26:04,day,Nd:YAG,OK
1673739153,27,35.865192,254.0332,2.2180383,0,2023-01-14 23:32:33,night,Fiber,OK
1673782798,65,22.596443,72.235725,19.124386,0,2023-01-15 11:39:58,morning,CO2,OK
1673795008,74,89.04292,55.62924,13.389543,0,2023-01-15 15:03:28,day,Excimer,OK
1673814838,19,59.979153,38.53923,131.02507,0,2023-01-15 20:33:58,day,Excimer,OK
1673821119,62,8.452921,38.94394,11.873472,0,2023-01-15 22:18:39,night,Fiber,WARNING
1673825713,29,45.316982,71.33919,1.5358236,0,2023-01-15 23:35:13,night,Excimer,OK
1673832034,25,88.13995,0.5557855,4.9057703,0,2023-01-16 01:20:34,night,CO2,OK
1673860722,25,68.06071,47.642315,12.456751,0,2023-01-16 09:18:42,morning,CO2,OK
1673869547,26,70.40618,41.31066,5.41325,0,2023-01-16 11:45:47,morning,Nd:YAG,OK
1673877759,24,64.880775,80.71769,7.5729394,0,2023-01-16 14:02:39,day,Excimer,OK
1673878496,6,108.465324,38.63127,10.92918,0,2023-01-16 14:14:56,day,Nd:YAG,WARNING
1673884673,29,76.61706,59.68275,2.8002315,0,2023-01-16 15:57:53,day,Excimer,OK
1673894031,61,87.38865,33.074535,107.83272,0,2023-01-16 18:33:51,day,Nd:YAG,OK
1673908303,1,43.794895,59.92299,12.1964855,0,2023-01-16 22:31:43,night,Nd:YAG,OK
1673916514,71,22.712154,52.803593,13.732566,0,2023-01-17 00:48:34,night,Nd:YAG,OK
1673930145,81,53.90377,62.505077,2.3085673,0,2023-01-17 04:35:45,night,Nd:YAG,OK
1673937888,72,37.119694,67.245186,3.137906,0,2023-01-17 06:44:48,morning,Fiber,OK
1673956526,60,49.32609,68.99428,4.9597697,0,2023-01-17 11:55:26,morning,CO2,OK
1673971318,83,48.54283,71.405525,6.4143395,0,2023-01-17 16:01:58,day,Diode,OK
1673981335,26,48.21307,53.305,0.2711511,0,2023-01-17 18:48:55,day,Nd:YAG,OK
1673983230,67,98.98936,60.25344,3.3853836,0,2023-01-17 19:20:30,day,Fiber,OK
1674000219,92,41.25952,30.583206,3.9950025,0,2023-01-18 00:03:39,night,Fiber,OK
1674006297,74,71.474785,71.45062,1.4584892,0,2023-01-18 01:44:57,night,Excimer,OK
1674017269,4,73.70369,39.77356,16.9243,0,2023-01-18 04:47:49,night,Excimer,OK
1674052599,66,66.69249,54.70165,5.8738766,0,2023-01-18 14:36:39,day,Nd:YAG,OK
1674072990,50,23.804392,22.618177,1.8369511,0,2023-01-18 20:16:30,day,CO2,OK
1674101221,16,39.711918,84.40796,13.58249,0,2023-01-19 04:07:01,night,Nd:YAG,OK
1674161737,14,45.44838,14.002483,1.934429,0,2023-01-19 20:55:37,day,Excimer,OK
1674176479,0,36.73823,15.416622,2.2369547,0,2023-01-20 01:01:19,night,CO2,OK
1674197795,2,31.701263,82.91188,15.387363,0,2023-01-20 06:56:35,morning,Fiber,OK
1674200405,48,31.087873,410.58563,5.92626,0,2023-01-20 07:40:05,morning,Diode,OK
1674206877,21,56.691326,53.242577,0.9601235,0,2023-01-20 09:27:57,morning,Nd:YAG,OK
1674213005,98,68.514465,27.668577,17.159758,0,2023-01-20 11:10:05,morning,Diode,OK
1674244901,32,52.85641,26.570383,9.272127,0,2023-01-20 20:01:41,day,Fiber,OK
1674270357,41,50.784477,25.415014,11.236745,0,2023-01-21 03:05:57,night,Nd:YAG,OK
1674279056,37,2.9483137,50.48821,1.8998914,0,2023-01-21 05:30:56,night,Fiber,WARNING
1674284203,25,5.6034117,52.232925,1.9144886,0,2023-01-21 06:56:43,morning,CO2,WARNING
1674341839,36,67.74431,105.20914,6.9520674,0,2023-01-21 22:57:19,night,Nd:YAG,OK
1674358695,85,32.58188,10.187152,5.4615703,0,2023-01-22 03:38:15,night,CO2,OK
1674406943,63,7.0160747,38.644066,3.5034173,0,2023-01-22 17:02:23,day,Diode,WARNING
1674408051,37,54.74311,39.97102,95.91852,0,2023-01-22 17:20:51,day,Fiber,OK
1674408252,67,363.5511,87.595,18.563148,0,2023-01-22 17:24:12,day,Fiber,WARNING
1674429106,14,31.981594,15.313058,6.4437056,0,2023-01-22 23:11:46,night,Excimer,OK
1674432251,50,49.29441,40.073227,6.2095485,0,2023-01-23 00:04:11,night,CO2,OK
1674473692,56,39.24281,35.131046,5.0164437,0,2023-01-23 11:34:52,morning,Nd:YAG,OK
1674476568,58,43.489807,44.858864,11.740405,0,2023-01-23 12:22:48,morning,Diode,OK
1674480381,74,53.642918,8.34095,2.562266,0,2023-01-23 13:26:21,morning,Excimer,OK
1674482491,58,84.688614,89.879776,15.276317,0,2023-01-23 14:01:31,day,Diode,OK
1674497838,47,28.761679,340.01917,4.147534,0,2023-01-23 18:17:18,day,Fiber,OK
1674505416,38,4.330105,41.258316,3.2365494,0,2023-01-23 20:23:36,day,Diode,WARNING
1674540173,50,58.357166,18.57027,1.4496264,0,2023-01-24 06:02:53,morning,CO2,OK
1674543287,35,99.490685,54.461704,3.797348,0,2023-01-24 06:54:47,morning,CO2,OK
1674545542,88,73.97534,39.182137,1.9829776,0,2023-01-24 07:32:22,morning,Diode,OK
1674581211,80,29.266497,40.08929,12.94482,0,2023-01-24 17:26:51,day,CO2,OK
1674587481,19,31.58671,8.022446,5.635166,0,2023-01-24 19:11:21,day,Excimer,OK
1674609605,96,47.262722,68.92521,7.432489,0,2023-01-25 01:20:05,night,Nd:YAG,OK
1674682196,86,37.30051,39.077717,126.70629,0,2023-01-25 21:29:56,day,Nd:YAG,OK
1674691598,8,77.302216,79.19377,1.1630362,0,2023-01-26 00:06:38,night,Diode,OK
1674742617,75,63.27088,70.33445,9.472075,0,2023-01-26 14:16:57,day,CO2,OK
1674763726,34,45.298588,34.56289,10.894573,0,2023-01-26 20:08:46,day,Excimer,OK
1674767972,44,39.899162,266.12347,3.9235756,0,2023-01-26 21:19:32,day,Excimer,OK
1674770071,21,29.614647,84.19502,3.0343468,0,2023-01-26 21:54:31,day,Nd:YAG,OK
1674771120,35,54.487186,64.28807,4.9470186,0,2023-01-26 22:12:00,night,CO2,OK
1674780262,72,79.95112,71.07809,2.0008361,0,2023-01-27 00:44:22,night,Fiber,OK
1674797748,67,67.917435,76.77205,0.63251543,0,2023-01-27 05:35:48,night,Fiber,OK
1674834120,44,39.694866,11.842263,8.816986,0,2023-01-27 15:42:00,day,Excimer,OK
1674838657,54,24.416239,45.497913,101.47185,0,2023-01-27 16:57:37,day,Excimer,OK
1674850672,42,46.75226,88.2966,8.0221405,0,2023-01-27 20:17:52,day,Fiber,OK
1674852663,32,48.64826,31.22597,15.562134,0,2023-01-27 20:51:03,day,Fiber,OK
1674857390,5,65.51617,60.14391,5.4840226,0,2023-01-27 22:09:50,night,CO2,OK
1674861834,47,45.15583,52.590027,10.796517,0,2023-01-27 23:23:54,night,Fiber,OK
1674863092,22,67.05495,25.763775,9.797902,0,2023-01-27 23:44:52,night,Fiber,OK
1674881399,6,41.800682,102.2134,10.717555,0,2023-01-28 04:49:59,night,Nd:YAG,OK
1674901562,42,7.570443,60.870148,2.8507543,0,2023-01-28 10:26:02,morning,Fiber,WARNING
1674929963,64,98.92196,100.197556,7.067155,0,2023-01-28 18:19:23,day,Excimer,OK
1675038999,94,10.805542,74.64096,6.992647,0,2023-01-30 00:36:39,night,Excimer,OK
1675045062,69,54.05255,15.273312,0.9037963,0,2023-01-30 02:17:42,night,Excimer,OK
1675050183,81,48.647976,83.97748,8.593821,0,2023-01-30 03:43:03,night,Nd:YAG,OK
1675115399,51,32.79392,14.350979,104.91109,0,2023-01-30 21:49:59,day,Nd:YAG,OK
1675129324,12,14.579436,12.7319,2.6678877,0,2023-01-31 01:42:04,night,Fiber,OK
1675147633,70,44.325867,41.656815,10.620031,0,2023-01-31 06:47:13,morning,CO2,OK
1675161017,99,53.104393,64.35067,5.5283446,0,2023-01-31 10:30:17,morning,Excimer,OK
1675167057,57,76.86453,20.580074,12.402742,0,2023-01-31 12:10:57,morning,Fiber,OK
1675244644,18,49.15503,60.207745,8.179084,0,2023-02-01 09:44:04,morning,Diode,OK
1675285775,72,104.301674,86.02614,5.4665704,0,2023-02-01 21:09:35,day,Fiber,WARNING
1675291965,66,79.23498,15.021932,20.436638,0,2023-02-01 22:52:45,night,Nd:YAG,OK
1675311026,94,48.948315,50.302372,4.420753,0,2023-02-02 04:10:26,night,Excimer,OK
1675347083,83,11.82852,54.453144,0.4303414,0,2023-02-02 14:11:23,day,Diode,OK
1675373862,99,58.909096,72.791145,11.540172,0,2023-02-02 21:37:42,day,Excimer,OK
1675423060,62,62.082577,72.5386,12.777377,0,2023-02-03 11:17:40,morning,Fiber,OK
1675427454,99,43.901054,42.22319,7.387923,0,2023-02-03 12:30:54,morning,Excimer,OK
1675432732,82,7.988754,75.83494,16.790018,0,2023-02-03 13:58:52,morning,Fiber,WARNING
1675438454,70,83.21956,28.67087,97.147545,0,2023-02-03 15:34:14,day,CO2,OK
1675447336,87,35.483433,77.957466,1.0958707,0,2023-02-03 18:02:16,day,Fiber,OK
1675455944,17,46.004242,30.448912,3.4362679,0,2023-02-03 20:25:44,day,Fiber,OK
1675470305,48,8.348366,78.23513,10.88646,0,2023-02-04 00:25:05,night,Diode,WARNING
1675481033,51,59.869747,39.913475,2.3940513,0,2023-02-04 03:23:53,night,Nd:YAG,OK
1675483771,48,318.65543,95.275314,18.36558,0,2023-02-04 04:09:31,night,Diode,WARNING
1675575705,65,27.630798,55.2593,0.628484,0,2023-02-05 05:41:45,night,CO2,OK
1675592056,54,38.787453,44.034355,6.3075476,0,2023-02-05 10:14:16,morning,Excimer,OK
1675597477,25,67.05994,66.9926,6.8162594,0,2023-02-05 11:44:37,morning,CO2,OK
1675598958,58,83.96787,54.846615,1.5471045,0,2023-02-05 12:09:18,morning,Diode,OK
1675612189,94,30.026163,68.93026,13.413557,0,2023-02-05 15:49:49,day,Excimer,OK
1675620134,80,12.006369,43.727917,4.0054407,0,2023-02-05 18:02:14,day,CO2,OK
1675634009,18,61.52724,76.26568,9.582216,0,2023-02-05 21:53:29,day,Diode,OK
1675659868,87,81.99197,56.459873,11.808997,0,2023-02-06 05:04:28,night,Fiber,OK
1675661416,72,6.650831,73.52137,8.045957,0,2023-02-06 05:30:16,night,Fiber,WARNING
1675668578,96,18.414145,70.4719,23.831984,0,2023-02-06 07:29:38,morning,Nd:YAG,ERROR
1675680429,63,62.468517,46.8058,4.6642876,0,2023-02-06 10:47:09,morning,Diode,OK
1675688593,18,66.33636,91.84368,4.6502824,0,2023-02-06 13:03:13,morning,Diode,OK
1675689490,71,269.89023,247.71886,4.0594807,0,2023-02-06 13:18:10,morning,Nd:YAG,WARNING
1675710470,58,104.31493,74.43991,95.353615,0,2023-02-06 19:07:50,day,Diode,WARNING
1675715522,54,18.941164,11.505984,7.0457325,0,2023-02-06 20:32:02,day,Excimer,OK
1675730878,12,62.96491,81.458694,0.85229445,0,2023-02-07 00:47:58,night,Fiber,OK
1675751745,85,48.20226,42.086823,1.9068109,0,2023-02-07 06:35:45,morning,CO2,OK
1675763391,53,39.50916,72.72357,7.182473,0,2023-02-07 09:49:51,morning,Diode,OK
1675769593,54,52.72849,71.417625,6.5095797,0,2023-02-07 11:33:13,morning,Excimer,OK
1675769799,2,14.217923,46.978638,0.92082137,0,2023-02-07 11:36:39,morning,Fiber,OK
1675774660,55,47.959595,49.4866,18.728815,0,2023-02-07 12:57:40,morning,CO2,OK
1675779174,78,68.52974,33.89551,8.676723,0,2023-02-07 14:12:54,day,Diode,OK
1675842833,16,21.113573,84.45532,2.864809,0,2023-02-08 07:53:53,morning,Nd:YAG,OK
1675844888,17,37.04661,74.18253,5.198506,0,2023-02-08 08:28:08,morning,Fiber,OK
1675862965,28,53.87897,6.2960296,8.447686,0,2023-02-08 13:29:25,morning,Diode,OK
1675867581,26,41.17028,29.141914,3.3134053,0,2023-02-08 14:46:21,day,Nd:YAG,OK
1675877361,98,39.420563,28.287283,14.789425,0,2023-02-08 17:29:21,day,Diode,OK
1675914838,23,49.871586,45.726437,15.559839,0,2023-02-09 03:53:58,night,Diode,OK
1675934760,97,52.42908,49.53599,3.4231522,0,2023-02-09 09:26:00,morning,Fiber,OK
1675936449,30,10.10898,79.41879,4.411076,0,2023-02-09 09:54:09,morning,CO2,WARNING
1675938429,86,40.825188,417.9541,8.458937,0,2023-02-09 10:27:09,morning,Nd:YAG,OK
1675943106,30,72.72386,65.25489,77.59467,0,2023-02-09 11:45:06,morning,CO2,OK
1675956894,35,42.814865,63.366566,17.248165,0,2023-02-09 15:34:54,day,CO2,OK
1675972978,33,57.819798,24.959812,1.9823741,0,2023-02-09 20:02:58,day,Diode,OK
1675974100,96,70.03041,59.3288,5.5778112,0,2023-02-09 20:21:40,day,Nd:YAG,OK
1676000726,81,75.07664,32.343166,6.3511376,0,2023-02-10 03:45:26,night,Nd:YAG,OK
1676006198,10,64.77475,43.953217,21.090988,0,2023-02-10 05:16:38,night,CO2,OK
1676010811,64,24.61905,46.472805,11.673781,0,2023-02-10 06:33:31,morning,Excimer,OK
1676011487,69,15.269467,49.162395,12.028484,0,2023-02-10 06:44:47,morning,Excimer,OK
1676014884,46,46.767056,70.24045,122.87714,0,2023-02-10 07:41:24,morning,Nd:YAG,OK
1676018430,75,10.069515,62.433304,2.7889118,0,2023-02-10 08:40:30,morning,CO2,WARNING
1676020488,45,92.4368,49.976887,1.8276955,0,2023-02-10 09:14:48,morning,CO2,OK
1676025537,88,48.82135,3.6075075,1.2069566,0,2023-02-10 10:38:57,morning,Diode,OK
1676045960,52,10.468761,8.583836,8.146993,0,2023-02-10 16:19:20,day,Fiber,WARNING
1676059336,9,57.36357,35.113377,7.2687197,0,2023-02-10 20:02:16,day,Excimer,OK
1676081937,19,68.86646,61.19915,15.815717,0,2023-02-11 02:18:57,night,Excimer,OK
1676088043,15,54.8078,30.228653,7.525474,0,2023-02-11 04:00:43,night,CO2,OK
1676091099,20,39.791283,273.83218,6.8028746,0,2023-02-11 04:51:39,night,CO2,OK
1676105576,34,44.987885,74.26692,2.7532887,0,2023-02-11 08:52:56,morning,Excimer,OK
1676132793,57,60.71832,42.288128,2.9984386,0,2023-02-11 16:26:33,day,Fiber,OK
1676181551,12,237.98862,84.50682,16.623262,0,2023-02-12 05:59:11,night,Fiber,WARNING
1676188408,51,29.061417,57.34145,18.046457,0,2023-02-12 07:53:28,morning,Nd:YAG,OK
1676211304,96,62.69067,33.23087,6.1173406,0,2023-02-12 14:15:04,day,Nd:YAG,OK
1676216080,2,33.57494,17.128607,11.948291,0,2023-02-12 15:34:40,day,Fiber,OK
1676242247,72,74.23497,71.25756,3.8836994,0,2023-02-12 22:50:47,night,Fiber,OK
1676243772,13,34.747738,382.1633,7.089049,0,2023-02-12 23:16:12,night,Diode,OK
1676250993,95,83.38571,54.03084,3.1696615,0,2023-02-13 01:16:33,night,CO2,OK
1676265598,57,27.889256,51.906746,1.729135,0,2023-02-13 05:19:58,night,Fiber,OK
1676293076,46,271.42987,47.579617,1.7779837,0,2023-02-13 12:57:56,morning,Nd:YAG,WARNING
1676310217,21,79.10359,381.1711,3.06816,0,2023-02-13 17:43:37,day,Nd:YAG,OK
1676317039,75,51.41694,30.460325,8.074197,0,2023-02-13 19:37:19,day,CO2,OK
1676331081,91,66.38016,90.142296,9.938875,0,2023-02-13 23:31:21,night,Nd:YAG,OK
1676336962,35,70.133896,74.89659,11.278579,0,2023-02-14 01:09:22,night,CO2,OK
1676405754,81,63.22985,26.732105,0.25439385,0,2023-02-14 20:15:54,day,Nd:YAG,OK
1676456262,67,39.51972,43.99936,83.12678,0,2023-02-15 10:17:42,morning,Fiber,OK
1676467608,39,43.634113,87.75069,28.562355,0,2023-02-15 13:26:48,morning,Excimer,OK
1676468697,17,60.027893,46.298424,2.0327852,0,2023-02-15 13:44:57,morning,Fiber,OK
1676488682,82,64.45272,37.79112,132.12952,0,2023-02-15 19:18:02,day,Fiber,OK
1676564690,3,90.5292,83.52745,3.7117908,0,2023-02-16 16:24:50,day,Diode,OK
1676569783,77,50.76835,40.72707,10.729056,0,2023-02-16 17:49:43,day,Fiber,OK
1676575331,42,73.22634,48.28149,7.4820514,0,2023-02-16 19:22:11,day,Fiber,OK
1676590471,81,14.469196,30.789795,12.604907,0,2023-02-16 23:34:31,night,Nd:YAG,OK
1676618239,22,30.71328,74.10254,3.1392717,0,2023-02-17 07:17:19,morning,Fiber,OK
1676631942,3,25.209505,30.420036,8.448495,0,2023-02-17 11:05:42,morning,Diode,OK
1676677605,50,42.93785,57.9592,4.2580624,0,2023-02-17 23:46:45,night,CO2,OK
1676717651,47,46.83933,83.88893,0.6290275,0,2023-02-18 10:54:11,morning,Fiber,OK
1676752672,13,77.17198,56.96186,14.427792,0,2023-02-18 20:37:52,day,Diode,OK
1676761184,24,35.71659,75.531654,14.902821,0,2023-02-18 22:59:44,night,Excimer,OK
1676767663,29,50.28481,4.6928506,5.464677,0,2023-02-19 00:47:43,night,Excimer,OK
1676796204,14,53.11751,76.584785,85.13897,0,2023-02-19 08:43:24,morning,Excimer,OK
1676806600,81,47.644814,69.97597,9.40312,0,2023-02-19 11:36:40,morning,Nd:YAG,OK
1676813371,88,84.591225,70.03522,0.4689266,0,2023-02-19 13:29:31,morning,Diode,OK
1676846362,15,52.443737,61.00508,9.598122,0,2023-02-19 22:39:22,night,CO2,OK
1676846927,0,60.24735,31.777775,1.7599856,0,2023-02-19 22:48:47,night,CO2,OK
1676862550,64,43.83262,78.21922,9.501794,0,2023-02-20 03:09:10,night,Excimer,OK
1676865466,72,63.93885,59.008797,8.978735,0,2023-02-20 03:57:46,night,Fiber,OK
1676900893,12,76.87817,44.310486,7.750053,0,2023-02-20 13:48:13,morning,Fiber,OK
1676918374,87,62.104267,75.102615,97.62689,0,2023-02-20 18:39:34,day,Fiber,OK
1676934333,39,54.666943,41.820778,4.4811544,0,2023-02-20 23:05:33,night,Excimer,OK
1676935342,56,23.995876,46.824703,14.868323,0,2023-02-20 23:22:22,night,Nd:YAG,OK
1676936711,29,46.85777,3.4653535,4.546924,0,2023-02-20 23:45:11,night,Excimer,OK
1676947069,70,9.006857,65.54093,18.057045,0,2023-02-21 02:37:49,night,CO2,WARNING
1676954423,37,85.03444,58.217476,4.557386,0,2023-02-21 04:40:23,night,Fiber,OK
1676956095,70,82.4073,11.313812,7.2239647,0,2023-02-21 05:08:15,night,CO2,OK
1676957256,63,54.81074,63.034508,4.215736,0,2023-02-21 05:27:36,night,Diode,OK
1676960051,88,91.56615,38.857624,3.3662777,0,2023-02-21 06:14:11,morning,Diode,OK
1676961484,32,62.972595,278.4134,31.479874,0,2023-02-21 06:38:04,morning,Fiber,OK
1676995720,45,49.789433,86.5073,10.587311,0,2023-02-21 16:08:40,day,CO2,OK
1676996937,72,93.67202,54.92522,4.359884,0,2023-02-21 16:28:57,day,Fiber,OK
1677023290,24,48.18036,43.325607,3.1830714,0,2023-02-21 23:48:10,night,Excimer,OK
1677047722,56,36.656918,61.70245,10.749052,0,2023-02-22 06:35:22,morning,Nd:YAG,OK
1677049542,20,73.053894,42.7035,12.924559,0,2023-02-22 07:05:42,morning,CO2,OK
1677061906,26,107.396805,79.13293,2.8470845,0,2023-02-22 10:31:46,morning,Nd:YAG,WARNING
1677073497,68,401.8175,66.33395,8.062274,0,2023-02-22 13:44:57,morning,Diode,ERROR
1677108837,98,50.262436,331.82007,1.6607449,0,2023-02-22 23:33:57,night,Diode,OK
1677113589,12,72.24119,63.872047,13.07076,0,2023-02-23 00:53:09,night,Fiber,OK
1677144376,65,72.3623,8.760369,8.323235,0,2023-02-23 09:26:16,morning,CO2,OK
1677145850,61,65.36544,30.005888,6.9452505,0,2023-02-23 09:50:50,morning,Nd:YAG,OK
1677152072,53,68.57791,54.49328,8.173955,0,2023-02-23 11:34:32,morning,Diode,OK
1677166831,63,69.57649,82.404465,10.680878,0,2023-02-23 15:40:31,day,Diode,OK
1677205991,10,9.130814,63.31459,107.94275,0,2023-02-24 02:33:11,night,CO2,WARNING
1677239643,71,68.11588,78.207726,12.087558,0,2023-02-24 11:54:03,morning,Nd:YAG,OK
1677265087,63,57.379623,82.626915,21.565601,0,2023-02-24 18:58:07,day,Diode,OK
1677265924,7,17.951979,57.650154,16.647108,0,2023-02-24 19:12:04,day,Fiber,OK
1677306638,3,40.795036,27.578941,8.972318,0,2023-02-25 06:30:38,morning,Diode,OK
1677318020,86,49.034893,77.59256,6.4449844,0,2023-02-25 09:40:20,morning,Nd:YAG,OK
1677322810,49,42.017914,77.73107,7.839702,0,2023-02-25 11:00:10,morning,Excimer,OK
1677349317,13,80.34866,35.81002,17.639034,0,2023-02-25 18:21:57,day,Diode,OK
1677351210,91,43.5272,74.389206,6.7910542,0,2023-02-25 18:53:30,day,Nd:YAG,OK
1677365313,87,9.658038,41.084774,7.674233,0,2023-02-25 22:48:33,night,Fiber,WARNING
1677386913,14,10.952044,48.113834,9.534413,0,2023-02-26 04:48:33,night,Excimer,OK
1677405434,31,20.704878,70.47952,13.27662,0,2023-02-26 09:57:14,morning,Nd:YAG,OK
1677405480,29,69.868126,41.737267,3.1084154,0,2023-02-26 09:58:00,morning,Excimer,OK
1677426759,51,378.48764,46.81143,9.873952,0,2023-02-26 15:52:39,day,Nd:YAG,WARNING
1677453068,13,42.167465,19.810492,1.7977705,0,2023-02-26 23:11:08,night,Diode,OK
1677468271,78,78.35657,2.3671143,1.3391583,0,2023-02-27 03:24:31,night,Diode,OK
1677486742,21,287.93906,8.006411,12.171846,0,2023-02-27 08:32:22,morning,Nd:YAG,WARNING
1677494347,14,46.72508,28.217615,1.1149217,0,2023-02-27 10:39:07,morning,Excimer,OK
1677532323,27,66.83785,51.362408,4.5969057,0,2023-02-27 21:12:03,day,Fiber,OK
1677551693,31,48.831104,69.52004,11.293671,0,2023-02-28 02:34:53,night,Nd:YAG,OK
1677566252,69,44.181484,59.960285,2.5097637,0,2023-02-28 06:37:32,morning,Excimer,OK
1677575673,41,31.410734,89.22961,4.739901,0,2023-02-28 09:14:33,morning,Nd:YAG,OK
1677579462,1,24.745895,34.880405,16.93283,0,2023-02-28 10:17:42,morning,Nd:YAG,OK
1677588269,50,55.98455,79.437775,12.289757,0,2023-02-28 12:44:29,morning,CO2,OK
1677598018,68,47.53836,68.63826,6.9932127,0,2023-02-28 15:26:58,day,Diode,OK
1677634573,54,66.1398,50.567356,10.925582,0,2023-03-01 01:36:13,night,Excimer,OK
1677642128,2,56.719975,63.05692,0.07928465,0,2023-03-01 03:42:08,night,Fiber,OK
1677656774,95,21.68265,49.7656,6.7550383,0,2023-03-01 07:46:14,morning,CO2,OK
1677662715,36,37.75716,67.93522,17.464273,0,2023-03-01 09:25:15,morning,Nd:YAG,OK
1677691631,49,0.9442096,77.08464,0.5571823,0,2023-03-01 17:27:11,day,Excimer,WARNING
1677711358,98,60.683517,43.540123,0.011068332,0,2023-03-01 22:55:58,night,Diode,OK
1677712646,77,60.79519,14.397058,0.7842835,0,2023-03-01 23:17:26,night,Fiber,OK
1677713497,76,41.55308,66.86692,8.083168,0,2023-03-01 23:31:37,night,Nd:YAG,OK
1677752151,4,59.359158,39.85524,18.266556,0,2023-03-02 10:15:51,morning,Excimer,OK
1677793532,76,37.684086,39.786777,12.139019,0,2023-03-02 21:45:32,day,Nd:YAG,OK
1677857671,12,19.78186,26.00287,15.01459,0,2023-03-03 15:34:31,day,Fiber,OK
1677866212,52,2.183524,95.595955,6.499547,0,2023-03-03 17:56:52,day,Fiber,WARNING
1677939613,15,67.87623,99.29374,2.4055762,0,2023-03-04 14:20:13,day,CO2,OK
1677949688,80,34.174355,79.574036,1.8825415,0,2023-03-04 17:08:08,day,CO2,OK
1678000128,21,58.070194,35.106377,3.8041089,0,2023-03-05 07:08:48,morning,Nd:YAG,OK
1678002416,60,59.50591,26.780159,0.956469,0,2023-03-05 07:46:56,morning,CO2,OK
1678003628,89,50.133156,61.75329,18.590008,0,2023-03-05 08:07:08,morning,Excimer,OK
1678015797,42,63.771324,91.248924,103.1329,0,2023-03-05 11:29:57,morning,Fiber,OK
1678017550,61,60.810787,39.89437,1.7921948,0,2023-03-05 11:59:10,morning,Nd:YAG,OK
1678087336,90,21.72353,66.39335,8.005823,0,2023-03-06 07:22:16,morning,CO2,OK
1678096185,26,73.31039,88.6559,2.9598742,0,2023-03-06 09:49:45,morning,Nd:YAG,OK
1678107798,83,0.22171684,41.862568,1.8444289,0,2023-03-06 13:03:18,morning,Diode,WARNING
1678130631,55,28.791998,28.464127,8.952541,0,2023-03-06 19:23:51,day,CO2,OK
1678163306,41,44.629616,52.020462,9.210365,0,2023-03-07 04:28:26,night,Nd:YAG,OK
1678192035,12,25.046095,81.5182,9.050419,0,2023-03-07 12:27:15,morning,Fiber,OK
1678196827,74,56.235302,47.510548,13.942995,0,2023-03-07 13:47:07,morning,Excimer,OK
1678260928,30,32.934547,67.34085,9.279449,0,2023-03-08 07:35:28,morning,CO2,OK
1678263846,54,49.408695,44.81723,12.778858,0,2023-03-08 08:24:06,morning,Excimer,OK
1678276817,32,36.70812,30.451767,0.77774173,0,2023-03-08 12:00:17,morning,Fiber,OK
1678277482,60,34.037254,48.606228,3.498163,0,2023-03-08 12:11:22,morning,CO2,OK
1678333468,39,30.144629,68.488045,6.988161,0,2023-03-09 03:44:28,night,Excimer,OK
1678342189,9,31.49652,53.08315,19.520721,0,2023-03-09 06:09:49,morning,Excimer,OK
1678371359,14,59.96369,81.62921,4.0950747,0,2023-03-09 14:15:59,day,Excimer,OK
1678396258,40,30.122217,70.10019,21.949734,0,2023-03-09 21:10:58,day,CO2,OK
1678442525,76,23.581095,42.916355,9.723529,0,2023-03-10 10:02:05,morning,Nd:YAG,OK
1678445331,53,70.0095,61.71735,5.3651667,0,2023-03-10 10:48:51,morning,Diode,OK
1678449076,83,50.424034,49.05502,4.371335,0,2023-03-10 11:51:16,morning,Diode,OK
1678449465,73,54.586254,43.19978,8.3384285,0,2023-03-10 11:57:45,morning,Diode,ERROR
1678450274,30,49.91245,3.3339257,82.78141,0,2023-03-10 12:11:14,morning,CO2,OK
1678472640,25,30.639633,64.44121,0.39963517,0,2023-03-10 18:24:00,day,CO2,OK
1678479584,20,11.37539,52.43695,6.86451,0,2023-03-10 20:19:44,day,CO2,OK
1678484735,9,12.08375,52.851173,6.6748815,0,2023-03-10 21:45:35,day,Excimer,OK
1678495581,67,99.11579,29.117151,15.978764,0,2023-03-11 00:46:21,night,Fiber,OK
1678496845,11,51.220352,84.14295,10.205908,0,2023-03-11 01:07:25,night,Nd:YAG,OK
1678499573,3,9.865751,39.844704,17.415947,0,2023-03-11 01:52:53,night,Diode,WARNING
1678508507,24,86.12778,18.006435,10.909692,0,2023-03-11 04:21:47,night,Excimer,OK
1678541928,45,41.697887,26.701529,1.9301565,0,2023-03-11 13:38:48,morning,CO2,OK
1678553425,28,31.072939,63.595528,86.59783,0,2023-03-11 16:50:25,day,Diode,OK
1678573081,61,26.705374,114.12517,2.272078,0,2023-03-11 22:18:01,night,Nd:YAG,OK
1678578078,21,31.14911,4.979884,5.4751854,0,2023-03-11 23:41:18,night,Nd:YAG,OK
1678579631,84,56.858337,43.288387,3.938084,0,2023-03-12 00:07:11,night,Excimer,OK
1678593776,38,65.80527,67.697784,5.274698,0,2023-03-12 04:02:56,night,Diode,OK
1678601518,61,33.137306,2.7192767,17.278284,0,2023-03-12 06:11:58,morning,Nd:YAG,OK
1678602265,61,88.21676,26.36118,12.048623,0,2023-03-12 06:24:25,morning,Nd:YAG,OK
1678610921,79,48.549168,24.575026,16.982368,0,2023-03-12 08:48:41,morning,Excimer,OK
1678613725,75,84.68404,68.33631,13.761149,0,2023-03-12 09:35:25,morning,CO2,OK
1678615386,30,28.251768,88.98831,15.019401,0,2023-03-12 10:03:06,morning,CO2,OK
1678619281,73,34.37865,31.299208,6.1683073,0,2023-03-12 11:08:01,morning,Diode,OK
1678619808,91,13.328269,7.185773,2.9571187,0,2023-03-12 11:16:48,morning,Nd:YAG,OK
1678623718,97,29.414019,65.612915,14.403968,0,2023-03-12 12:21:58,morning,Fiber,OK
1678636414,51,87.65103,57.02104,0.85994726,0,2023-03-12 15:53:34,day,Nd:YAG,OK
1678639262,3,82.28358,47.243538,0.6437214,0,2023-03-12 16:41:02,day,Diode,OK
1678650219,80,76.76746,47.250866,7.567189,0,2023-03-12 19:43:39,day,CO2,OK
1678652521,67,32.3297,372.65103,81.16732,0,2023-03-12 20:22:01,day,Fiber,OK
1678666571,26,68.93062,49.068317,14.250284,0,2023-03-13 00:16:11,night,Nd:YAG,OK
1678673494,47,90.52889,55.428196,1.2859483,0,2023-03-13 02:11:34,night,Fiber,OK
1678675287,95,90.14035,71.972664,9.536564,0,2023-03-13 02:41:27,night,CO2,OK
1678717964,4,66.51958,45.70316,2.1553946,0,2023-03-13 14:32:44,day,Excimer,OK
1678762410,14,80.00631,38.210728,14.6249075,0,2023-03-14 02:53:30,night,Excimer,OK
1678777109,54,55.798607,71.50161,2.4555316,0,2023-03-14 06:58:29,morning,Excimer,OK
1678778933,20,34.324413,65.7772,0.64738923,0,2023-03-14 07:28:53,morning,CO2,OK
1678779333,51,60.9004,19.85955,0.24882054,0,2023-03-14 07:35:33,morning,Nd:YAG,OK
1678805124,6,75.70893,21.288574,10.10229,0,2023-03-14 14:45:24,day,Nd:YAG,OK
1678822123,21,59.641773,70.40095,10.874763,0,2023-03-14 19:28:43,day,Nd:YAG,OK
1678829013,35,99.209236,26.693686,2.8363488,0,2023-03-14 21:23:33,day,CO2,OK
1678851204,88,71.850235,50.109467,4.4144506,0,2023-03-15 03:33:24,night,Diode,OK
1678854837,61,79.03568,53.836815,15.63874,0,2023-03-15 04:33:57,night,Nd:YAG,OK
1678889747,54,16.50069,21.852741,3.2044368,0,2023-03-15 14:15:47,day,Excimer,OK
1678921127,14,92.95455,51.62496,17.872976,0,2023-03-15 22:58:47,night,Excimer,OK
1678938976,92,12.447652,39.908215,4.015955,0,2023-03-16 03:56:16,night,Fiber,OK
1678952562,77,15.987316,53.652077,11.018588,0,2023-03-16 07:42:42,morning,Fiber,OK
1678965172,5,39.00379,90.85332,1.7551994,0,2023-03-16 11:12:52,morning,CO2,OK
1678970035,68,45.500984,86.418144,2.057769,0,2023-03-16 12:33:55,morning,Diode,OK
1678982842,44,433.16537,74.44631,6.939118,0,2023-03-16 16:07:22,day,Excimer,WARNING
1678988010,90,74.3385,3.5726922,4.6253448,0,2023-03-16 17:33:30,day,CO2,OK
1678997693,69,47.99045,41.337902,0.71270186,0,2023-03-16 20:14:53,day,Excimer,OK
1679049066,98,3.3075073,45.47159,14.5464325,0,2023-03-17 10:31:06,morning,Diode,WARNING
1679080070,2,112.58236,38.09058,6.678803,0,2023-03-17 19:07:50,day,Fiber,WARNING
1679094453,86,96.80882,38.17362,2.9596229,0,2023-03-17 23:07:33,night,Nd:YAG,OK
1679107495,48,18.56953,34.18985,140.20122,0,2023-03-18 02:44:55,night,Diode,OK
1679151049,10,12.729825,21.5452,5.027635,0,2023-03-18 14:50:49,day,CO2,OK
1679198103,53,34.117027,55.401775,2.0246372,0,2023-03-19 03:55:03,night,Diode,OK
1679213686,58,48.706356,45.211536,3.9745443,0,2023-03-19 08:14:46,morning,Diode,OK
1679227413,37,16.822388,28.136415,4.3892527,0,2023-03-19 12:03:33,morning,Fiber,OK
1679252597,93,44.380283,64.19066,4.119647,0,2023-03-19 19:03:17,day,Diode,OK
1679256522,94,15.988246,42.81155,113.23618,0,2023-03-19 20:08:42,day,Excimer,OK
1679260790,69,21.372602,69.82426,3.612523,0,2023-03-19 21:19:50,day,Excimer,OK
1679280880,76,62.268536,38.828857,19.041122,0,2023-03-20 02:54:40,night,Nd:YAG,OK
1679283214,55,41.74513,19.388704,3.6685295,0,2023-03-20 03:33:34,night,CO2,OK
1679284482,26,57.551815,101.51552,2.0481358,0,2023-03-20 03:54:42,night,Nd:YAG,OK
1679294718,28,58.05072,39.667835,11.922199,0,2023-03-20 06:45:18,morning,Diode,OK
1679302308,40,59.53049,41.474186,1.478159,0,2023-03-20 08:51:48,morning,CO2,OK
1679341314,27,67.91296,72.45898,12.656504,0,2023-03-20 19:41:54,day,Fiber,OK
1679345484,64,81.29163,58.19959,1.7208953,0,2023-03-20 20:51:24,day,Excimer,OK
1679385688,60,22.94102,50.674664,7.250189,0,2023-03-21 08:01:28,morning,CO2,OK
1679392342,0,27.608932,58.554142,1.7238326,0,2023-03-21 09:52:22,morning,CO2,OK
1679404981,0,71.31682,76.3586,88.15347,0,2023-03-21 13:23:01,morning,CO2,OK
1679418601,81,38.393692,66.58998,20.925932,0,2023-03-21 17:10:01,day,Nd:YAG,OK
1679445882,23,57.638145,47.63921,8.562731,0,2023-03-22 00:44:42,night,Diode,OK
1679471385,65,48.137405,64.69996,1.8402131,0,2023-03-22 07:49:45,morning,CO2,OK
1679480716,93,2.78726,45.031227,120.73611,0,2023-03-22 10:25:16,morning,Diode,WARNING
1679510291,41,46.583103,45.557247,1.9818135,0,2023-03-22 18:38:11,day,Nd:YAG,OK
1679515040,31,33.826977,56.688534,4.71431,0,2023-03-22 19:57:20,day,Nd:YAG,OK
1679525079,29,4.4221287,60.73386,5.126003,0,2023-03-22 22:44:39,night,Excimer,WARNING
1679538181,28,98.17067,62.93628,131.16086,0,2023-03-23 02:23:01,night,Diode,ERROR
1679587873,34,21.521255,70.84963,2.7262566,0,2023-03-23 16:11:13,day,Excimer,OK
1679608360,35,56.05088,0.30761856,21.073734,0,2023-03-23 21:52:40,day,CO2,OK
1679611127,72,390.47647,88.79806,3.4300053,0,2023-03-23 22:38:47,night,Fiber,WARNING
1679616809,88,26.067074,48.651962,8.126171,0,2023-03-24 00:13:29,night,Diode,OK
1679622002,10,64.90202,27.726322,9.311947,0,2023-03-24 01:40:02,night,CO2,OK
1679631174,74,261.45822,67.31223,2.132899,0,2023-03-24 04:12:54,night,Excimer,WARNING
1679635013,35,88.75638,45.75402,7.6537495,0,2023-03-24 05:16:53,night,CO2,OK
1679640362,62,102.691086,64.93595,14.936009,0,2023-03-24 06:46:02,morning,Fiber,WARNING
1679641055,50,32.294376,18.966059,3.020794,0,2023-03-24 06:57:35,morning,CO2,OK
1679646963,77,54.001575,59.058395,9.150573,0,2023-03-24 08:36:03,morning,Fiber,OK
1679653156,43,15.612594,25.289621,3.92957,0,2023-03-24 10:19:16,morning,Diode,OK
1679681284,40,56.283707,70.94132,2.7151942,0,2023-03-24 18:08:04,day,CO2,OK
1679700741,11,26.871674,87.46512,2.1140013,0,2023-03-24 23:32:21,night,Nd:YAG,OK
1679702755,98,16.416346,33.31717,0.930401,0,2023-03-25 00:05:55,night,Diode,OK
1679712348,14,54.393345,80.99197,9.85884,0,2023-03-25 02:45:48,night,Excimer,OK
1679742328,12,36.21457,25.692017,5.396354,0,2023-03-25 11:05:28,morning,Fiber,OK
1679744052,2,29.480251,52.739494,11.004328,0,2023-03-25 11:34:12,morning,Fiber,OK
1679773911,56,34.41851,60.986866,8.670896,0,2023-03-25 19:51:51,day,Nd:YAG,OK
1679806220,46,17.160107,13.882346,9.584521,0,2023-03-26 04:50:20,night,Nd:YAG,OK
1679812223,77,68.194405,50.85313,1.4969411,0,2023-03-26 06:30:23,morning,Fiber,OK
1679824331,73,90.6722,92.984276,15.766203,0,2023-03-26 09:52:11,morning,Diode,OK
1679833536,99,0.089951,69.82661,102.183426,0,2023-03-26 12:25:36,morning,Excimer,WARNING
1679860267,62,54.27309,64.45519,142.54626,0,2023-03-26 19:51:07,day,Fiber,OK
1679866987,24,58.40812,61.484035,10.269757,0,2023-03-26 21:43:07,day,Excimer,OK
1679867558,25,68.03048,70.63159,14.235967,0,2023-03-26 21:52:38,day,CO2,OK
1679868584,95,67.4331,88.51119,9.673462,0,2023-03-26 22:09:44,night,CO2,OK
1679894100,38,74.236145,18.47921,8.533143,0,2023-03-27 05:15:00,night,Diode,OK
1679900571,68,62.935215,70.812225,1.3702719,0,2023-03-27 07:02:51,morning,Diode,OK
1679910229,22,62.50448,24.990692,7.1939898,0,2023-03-27 09:43:49,morning,Fiber,OK
1679918950,16,49.257416,58.771187,1.0266565,0,2023-03-27 12:09:10,morning,Nd:YAG,OK
1679936419,80,93.35061,116.93047,2.5086155,0,2023-03-27 17:00:19,day,CO2,OK
1679941534,95,23.729687,14.518006,7.874107,0,2023-03-27 18:25:34,day,CO2,OK
1679954548,89,287.49677,292.94086,9.765737,0,2023-03-27 22:02:28,night,Excimer,WARNING
1679992771,19,18.01241,39.784435,1.3627555,0,2023-03-28 08:39:31,morning,Excimer,OK
1679999818,40,36.906746,29.004925,119.95522,0,2023-03-28 10:36:58,morning,CO2,OK
1680010944,29,29.561167,61.59034,9.220188,0,2023-03-28 13:42:24,morning,Excimer,OK
1680018364,78,68.02441,119.35935,9.411647,0,2023-03-28 15:46:04,day,Diode,OK
1680025899,51,55.090252,57.3159,9.96514,0,2023-03-28 17:51:39,day,Nd:YAG,OK
1680048236,48,35.51885,53.957283,0.32856718,0,2023-03-29 00:03:56,night,Diode,ERROR
1680057057,66,66.2477,33.650265,114.870056,0,2023-03-29 02:30:57,night,Nd:YAG,OK
1680063682,2,38.12394,31.001762,142.79626,0,2023-03-29 04:21:22,night,Fiber,OK
1680065072,53,57.898296,37.151142,5.0694785,0,2023-03-29 04:44:32,night,Diode,OK
1680070189,4,48.811802,54.789948,6.842435,0,2023-03-29 06:09:49,morning,Excimer,OK
1680076103,34,34.315163,35.909756,1.7913057,0,2023-03-29 07:48:23,morning,Excimer,OK
1680100479,40,244.43732,82.39844,12.952906,0,2023-03-29 14:34:39,day,CO2,WARNING
1680127554,58,58.23354,63.84804,10.141569,0,2023-03-29 22:05:54,night,Diode,OK
1680129000,61,9.029864,67.903496,0.85711575,0,2023-03-29 22:30:00,night,Nd:YAG,WARNING
1680130965,26,23.388346,20.77752,1.8002439,0,2023-03-29 23:02:45,night,Nd:YAG,OK
1680169776,49,24.824934,27.303116,1.9157673,0,2023-03-30 09:49:36,morning,Excimer,OK
1680180852,0,34.153923,16.674715,6.9052024,0,2023-03-30 12:54:12,morning,CO2,OK
1680197248,83,250.34074,25.205826,12.732474,0,2023-03-30 17:27:28,day,Diode,WARNING
1680236199,17,56.831337,254.92996,10.911163,0,2023-03-31 04:16:39,night,Fiber,OK
1680237916,42,102.57144,28.389471,91.81379,0,2023-03-31 04:45:16,night,Fiber,WARNING
1680238825,29,75.31179,62.62959,0.97653526,0,2023-03-31 05:00:25,night,Excimer,OK
1680240166,79,55.143627,60.511387,7.701746,0,2023-03-31 05:22:46,night,Excimer,OK
1680242484,69,50.276695,61.35002,0.6379763,0,2023-03-31 06:01:24,morning,Excimer,OK
1680249193,70,33.131725,35.2652,3.5739415,0,2023-03-31 07:53:13,morning,CO2,OK
1680284127,81,71.45447,48.22179,7.341272,0,2023-03-31 17:35:27,day,Nd:YAG,OK
1680288339,17,39.41939,4.7060423,9.350093,0,2023-03-31 18:45:39,day,Fiber,OK
1680334030,8,56.280163,70.99907,7.240631,0,2023-04-01 07:27:10,morning,Diode,OK
1680334905,60,12.475508,2.04563,0.9838181,0,2023-04-01 07:41:45,morning,CO2,OK
1680345238,22,51.688374,65.456375,8.011486,0,2023-04-01 10:33:58,morning,Fiber,OK
1680347525,80,15.132972,11.514709,1.4569703,0,2023-04-01 11:12:05,morning,CO2,OK
1680352265,76,56.69283,10.281853,13.997175,0,2023-04-01 12:31:05,morning,Nd:YAG,OK
1680363715,0,51.41236,39.96776,3.4355097,0,2023-04-01 15:41:55,day,CO2,OK
1680376860,66,73.1899,60.03914,17.048372,0,2023-04-01 19:21:00,day,Nd:YAG,OK
1680391238,18,17.63423,63.74776,5.213627,0,2023-04-01 23:20:38,night,Diode,OK
1680395549,1,45.602608,41.342392,9.707632,0,2023-04-02 00:32:29,night,Nd:YAG,OK
1680405923,31,1.8766029,84.8049,2.5002885,0,2023-04-02 03:25:23,night,Nd:YAG,WARNING
1680409368,84,70.04857,6.0786033,1.5392411,0,2023-04-02 04:22:48,night,Excimer,OK
1680430683,22,73.01149,53.40872,26.106552,0,2023-04-02 10:18:03,morning,Fiber,OK
1680437893,13,53.136536,72.38695,20.613846,0,2023-04-02 12:18:13,morning,Diode,OK
1680438147,59,47.69622,50.733963,19.42537,0,2023-04-02 12:22:27,morning,Excimer,OK
1680460267,1,37.055874,16.10849,15.489136,0,2023-04-02 18:31:07,day,Nd:YAG,OK
1680475846,69,109.35045,23.464676,14.411892,0,2023-04-02 22:50:46,night,Excimer,WARNING
1680491026,47,85.21095,83.19306,3.7678173,0,2023-04-03 03:03:46,night,Fiber,OK
1680494792,29,50.325363,50.994217,15.175315,0,2023-04-03 04:06:32,night,Excimer,OK
1680508718,13,56.933975,48.65694,6.58541,0,2023-04-03 07:58:38,morning,Diode,OK
1680537250,55,38.166298,9.844614,18.304165,0,2023-04-03 15:54:10,day,CO2,OK
1680563031,63,53.096397,52.4775,9.409192,0,2023-04-03 23:03:51,night,Diode,OK
1680645330,97,64.33313,30.566046,15.092028,0,2023-04-04 21:55:30,day,Fiber,OK
1680675661,34,68.0533,61.47926,15.752612,0,2023-04-05 06:21:01,morning,Excimer,OK
1680679100,42,47.205738,53.237934,6.639316,0,2023-04-05 07:18:20,morning,Fiber,OK
1680699064,97,60.406593,1.3281769,5.9928384,0,2023-04-05 12:51:04,morning,Fiber,OK
1680737164,89,61.065487,61.166855,7.1790833,0,2023-04-05 23:26:04,night,Excimer,OK
1680740156,62,61.968132,12.00009,16.510345,0,2023-04-06 00:15:56,night,Fiber,OK
1680748576,7,11.606167,42.517437,1.5617936,0,2023-04-06 02:36:16,night,Fiber,OK
1680774137,61,50.138145,75.78157,5.412589,0,2023-04-06 09:42:17,morning,Nd:YAG,OK
1680857370,12,29.669985,54.272026,3.9933903,0,2023-04-07 08:49:30,morning,Fiber,OK
1680868970,18,50.337955,106.90841,11.3150625,0,2023-04-07 12:02:50,morning,Diode,OK
1680870112,29,15.959882,65.19628,1.4776778,0,2023-04-07 12:21:52,morning,Excimer,OK
1680875735,53,28.751524,17.976744,6.167122,0,2023-04-07 13:55:35,morning,Diode,OK
1680883286,16,66.24915,79.479774,20.160686,0,2023-04-07 16:01:26,day,Nd:YAG,OK
1680884260,85,3.2153668,43.39047,2.7301624,0,2023-04-07 16:17:40,day,CO2,WARNING
1680892353,18,17.528923,24.532738,9.176892,0,2023-04-07 18:32:33,day,Diode,OK
1680896078,61,54.268017,8.105143,11.927417,0,2023-04-07 19:34:38,day,Nd:YAG,OK
1680919540,41,51.39831,40.018272,12.776619,0,2023-04-08 02:05:40,night,Nd:YAG,OK
1680967274,18,41.83138,33.67518,3.629669,0,2023-04-08 15:21:14,day,Diode,OK
1680988068,1,42.988537,41.36656,1.3418335,0,2023-04-08 21:07:48,day,Nd:YAG,OK
1681002739,73,397.85315,60.089928,0.66232234,0,2023-04-09 01:12:19,night,Diode,WARNING
1681053484,60,40.736813,96.300766,3.0210016,0,2023-04-09 15:18:04,day,CO2,OK
1681134157,32,44.183914,27.804064,10.728905,0,2023-04-10 13:42:37,morning,Fiber,OK
1681134648,85,75.23385,23.493076,4.838294,0,2023-04-10 13:50:48,morning,CO2,OK
1681143552,34,24.385786,34.178253,1.2457899,0,2023-04-10 16:19:12,day,Excimer,OK
1681148138,28,12.236675,19.83074,23.449528,0,2023-04-10 17:35:38,day,Diode,OK
1681157459,42,99.971504,106.399765,16.851137,0,2023-04-10 20:10:59,day,Fiber,OK
1681165424,81,91.23743,25.567871,24.791018,0,2023-04-10 22:23:44,night,Nd:YAG,OK
1681176110,81,80.613174,66.112755,2.4150367,0,2023-04-11 01:21:50,night,Nd:YAG,OK
1681180786,76,39.834373,51.491302,10.283453,0,2023-04-11 02:39:46,night,Nd:YAG,OK
1681186388,88,40.219288,41.824272,0.68407553,0,2023-04-11 04:13:08,night,Diode,OK
1681222607,41,19.50828,39.58323,0.90350753,0,2023-04-11 14:16:47,day,Nd:YAG,OK
1681235353,24,39.39782,33.969036,12.131702,0,2023-04-11 17:49:13,day,Excimer,OK
1681235380,2,19.708403,31.354467,1.086456,0,2023-04-11 17:49:40,day,Fiber,OK
1681250162,80,20.479233,38.767307,26.042648,0,2023-04-11 21:56:02,day,CO2,OK
1681288572,79,61.830826,36.804173,3.5827963,0,2023-04-12 08:36:12,morning,Excimer,OK
1681372505,84,81.1836,56.27841,96.28587,0,2023-04-13 07:55:05,morning,Excimer,OK
1681376057,36,73.61167,76.80377,3.105659,0,2023-04-13 08:54:17,morning,Nd:YAG,OK
1681376202,96,47.548615,42.614655,2.0818415,0,2023-04-13 08:56:42,morning,Nd:YAG,OK
1681401274,68,73.13455,51.308002,8.920885,0,2023-04-13 15:54:34,day,Diode,OK
1681406985,61,51.58631,0.3953101,16.812235,0,2023-04-13 17:29:45,day,Nd:YAG,OK
1681407943,50,37.907978,61.25209,7.52365,0,2023-04-13 17:45:43,day,CO2,OK
1681506279,74,29.643337,96.303474,3.6069171,0,2023-04-14 21:04:39,day,Excimer,OK
1681537156,87,91.93647,5.3553214,5.113818,0,2023-04-15 05:39:16,night,Fiber,OK
1681537416,16,41.43165,64.22869,4.661027,0,2023-04-15 05:43:36,night,Nd:YAG,OK
1681553345,28,21.807043,58.03341,25.573442,0,2023-04-15 10:09:05,morning,Diode,OK
1681590597,93,5.2526684,55.811646,6.57207,0,2023-04-15 20:29:57,day,Diode,WARNING
1681595887,5,55.981277,77.31011,6.6966767,0,2023-04-15 21:58:07,day,CO2,OK
1681601727,60,37.760868,64.11446,1.9414531,0,2023-04-15 23:35:27,night,CO2,OK
1681612498,62,51.710957,25.6853,1.7772963,0,2023-04-16 02:34:58,night,Fiber,OK
1681620009,92,72.621056,99.00262,3.1717858,0,2023-04-16 04:40:09,night,Fiber,OK
1681635473,82,32.582237,64.4052,13.213311,0,2023-04-16 08:57:53,morning,Fiber,OK
1681645838,86,83.24707,44.534435,23.656906,0,2023-04-16 11:50:38,morning,Nd:YAG,OK
1681678114,25,2.0782607,95.41828,3.2885697,0,2023-04-16 20:48:34,day,CO2,WARNING
1681693802,66,73.507164,48.561867,10.177073,0,2023-04-17 01:10:02,night,Nd:YAG,OK
1681714748,3,372.67267,34.45448,23.943535,0,2023-04-17 06:59:08,morning,Diode,WARNING
1681731102,29,55.42311,222.37021,4.163843,0,2023-04-17 11:31:42,morning,Excimer,OK
1681754931,41,65.198265,56.186275,1.9150474,0,2023-04-17 18:08:51,day,Nd:YAG,OK
1681783859,0,62.60624,58.311,1.7592133,0,2023-04-18 02:10:59,night,CO2,OK
1681790212,65,41.437943,40.79505,10.276582,0,2023-04-18 03:56:52,night,CO2,OK
1681798906,8,50.869556,43.54556,2.7612913,0,2023-04-18 06:21:46,morning,Diode,OK
1681833350,91,64.33317,40.978237,12.818725,0,2023-04-18 15:55:50,day,Nd:YAG,OK
1681859764,99,93.88013,44.258163,7.137423,0,2023-04-18 23:16:04,night,Excimer,OK
1681877937,83,79.38188,41.933857,0.1725533,0,2023-04-19 04:18:57,night,Diode,OK
1681881882,86,58.875793,79.89945,6.2002325,0,2023-04-19 05:24:42,night,Nd:YAG,OK
1681926986,44,52.70291,62.807835,5.691248,0,2023-04-19 17:56:26,day,Excimer,OK
1681946028,59,50.942963,61.332424,6.2738376,0,2023-04-19 23:13:48,night,Excimer,OK
1681979858,0,19.803291,56.432133,12.161339,0,2023-04-20 08:37:38,morning,CO2,OK
1681984565,41,354.3986,14.118309,88.48244,0,2023-04-20 09:56:05,morning,Nd:YAG,WARNING
1681995560,48,12.377464,49.225998,5.5134172,0,2023-04-20 12:59:20,morning,Diode,OK
1682097759,53,54.21128,64.03658,1.0956404,0,2023-04-21 17:22:39,day,Diode,OK
1682113932,55,36.14101,3.3551936,15.835982,0,2023-04-21 21:52:12,day,CO2,OK
1682131863,66,34.6187,65.41564,10.677592,0,2023-04-22 02:51:03,night,Nd:YAG,OK
1682148694,84,54.930744,78.52511,11.276637,0,2023-04-22 07:31:34,morning,Excimer,OK
1682157730,1,86.31357,52.833344,0.4975577,0,2023-04-22 10:02:10,morning,Nd:YAG,OK
1682158595,1,35.314007,81.62933,5.867991,0,2023-04-22 10:16:35,morning,Nd:YAG,OK
1682181495,5,82.369965,67.74841,3.043771,0,2023-04-22 16:38:15,day,CO2,OK
1682210416,72,66.52296,39.215107,9.775535,0,2023-04-23 00:40:16,night,Fiber,OK
1682221713,4,57.56364,8.608479,1.2299657,0,2023-04-23 03:48:33,night,Excimer,OK
1682232971,78,73.46511,48.438393,101.37808,0,2023-04-23 06:56:11,morning,Diode,OK
1682279183,56,71.926994,59.45958,9.197497,0,2023-04-23 19:46:23,day,Nd:YAG,OK
1682285424,1,27.126495,42.836884,20.109118,0,2023-04-23 21:30:24,day,Nd:YAG,OK
1682295368,33,68.373604,32.696907,3.1290972,0,2023-04-24 00:16:08,night,Diode,OK
1682346784,22,44.85498,69.59835,6.8874245,0,2023-04-24 14:33:04,day,Fiber,OK
1682382112,29,88.06379,93.68011,15.350779,0,2023-04-25 00:21:52,night,Excimer,OK
1682400964,28,91.78395,47.87426,0.17198414,0,2023-04-25 05:36:04,night,Diode,OK
1682411364,9,47.969364,49.6039,15.0827,0,2023-04-25 08:29:24,morning,Excimer,OK
1682420693,21,50.950935,64.429794,1.2615588,0,2023-04-25 11:04:53,morning,Nd:YAG,OK
1682444333,34,28.85525,270.87018,9.789995,0,2023-04-25 17:38:53,day,Excimer,OK
1682451163,17,54.605244,117.01684,8.9746275,0,2023-04-25 19:32:43,day,Fiber,OK
1682455781,84,36.447445,26.523241,1.9807842,0,2023-04-25 20:49:41,day,Excimer,OK
1682458917,23,303.3541,41.52154,16.960732,0,2023-04-25 21:41:57,day,Diode,WARNING
1682485517,97,29.825958,75.87606,1.5882528,0,2023-04-26 05:05:17,night,Fiber,OK
1682513938,0,54.96823,68.22467,5.7387986,0,2023-04-26 12:58:58,morning,CO2,OK
1682561084,17,360.63736,1.5446233,5.1771703,0,2023-04-27 02:04:44,night,Fiber,WARNING
1682585637,99,61.438698,86.88573,1.0970544,0,2023-04-27 08:53:57,morning,Excimer,OK
1682606407,59,41.59949,62.12856,15.662404,0,2023-04-27 14:40:07,day,Excimer,OK
1682606605,1,18.425663,34.500942,3.1462328,0,2023-04-27 14:43:25,day,Nd:YAG,OK
1682617908,50,79.01994,24.955347,3.4466758,0,2023-04-27 17:51:48,day,CO2,OK
1682638983,36,45.68071,53.052204,12.3802185,0,2023-04-27 23:43:03,night,Nd:YAG,OK
1682674342,96,42.753338,36.118034,8.970012,0,2023-04-28 09:32:22,morning,Nd:YAG,OK
1682698925,87,57.518867,63.8781,4.9047637,0,2023-04-28 16:22:05,day,Fiber,OK
1682732579,23,33.411392,91.217125,17.480516,0,2023-04-29 01:42:59,night,Diode,OK
1682732604,75,33.423206,2.8108907,9.135904,0,2023-04-29 01:43:24,night,CO2,OK
1682745217,80,40.10711,253.8397,11.075208,0,2023-04-29 05:13:37,night,CO2,OK
1682749067,9,69.364815,52.1574,10.425809,0,2023-04-29 06:17:47,morning,Excimer,OK
1682751526,3,91.61637,39.820133,4.8239155,0,2023-04-29 06:58:46,morning,Diode,OK
1682766312,23,35.626507,80.11508,3.4788008,0,2023-04-29 11:05:12,morning,Diode,OK
1682787500,64,45.26287,59.88044,3.7189813,0,2023-04-29 16:58:20,day,Excimer,OK
1682833906,83,93.9437,40.713917,5.182599,0,2023-04-30 05:51:46,night,Diode,OK
1682835747,0,60.582718,77.4868,10.512459,0,2023-04-30 06:22:27,morning,CO2,OK
1682900494,37,75.670715,72.21926,8.212493,0,2023-05-01 00:21:34,night,Fiber,OK
1682901361,27,51.714706,45.819355,9.160717,0,2023-05-01 00:36:01,night,Fiber,OK
1682908409,42,21.123444,39.990322,131.56047,0,2023-05-01 02:33:29,night,Fiber,OK
1682919804,85,61.84228,95.665306,2.7978523,0,2023-05-01 05:43:24,night,CO2,OK
1682920989,80,54.123905,81.97159,10.720871,0,2023-05-01 06:03:09,morning,CO2,OK
1682961879,43,79.55939,271.27927,3.7719307,0,2023-05-01 17:24:39,day,Diode,OK
1683001917,59,36.47897,36.814594,7.354272,0,2023-05-02 04:31:57,night,Excimer,OK
1683112118,70,98.87572,21.013592,3.960671,0,2023-05-03 11:08:38,morning,CO2,OK
1683125686,43,42.50048,17.67365,2.8879812,0,2023-05-03 14:54:46,day,Diode,OK
1683125892,9,59.247826,36.833435,1.5905851,0,2023-05-03 14:58:12,day,Excimer,OK
1683166520,29,58.196476,70.35121,24.693285,0,2023-05-04 02:15:20,night,Excimer,OK
1683180681,14,0.46790403,38.91272,2.975339,0,2023-05-04 06:11:21,morning,Excimer,WARNING
1683196017,17,44.197933,46.85281,3.5452812,0,2023-05-04 10:26:57,morning,Fiber,OK
1683203441,68,71.59343,19.184628,0.1768441,0,2023-05-04 12:30:41,morning,Diode,OK
1683246542,99,71.98356,12.855558,89.401344,0,2023-05-05 00:29:02,night,Excimer,OK
1683268643,54,37.616985,56.565666,18.740982,0,2023-05-05 06:37:23,morning,Excimer,OK
1683273204,78,81.431984,77.50526,0.16440602,0,2023-05-05 07:53:24,morning,Diode,OK
1683290448,5,51.47609,56.94667,8.47795,0,2023-05-05 12:40:48,morning,CO2,OK
1683316280,22,111.31802,42.552406,8.575679,0,2023-05-05 19:51:20,day,Fiber,WARNING
1683334701,18,68.53169,45.458633,100.292564,0,2023-05-06 00:58:21,night,Diode,OK
1683343067,17,26.795246,54.064987,2.7352302,0,2023-05-06 03:17:47,night,Fiber,OK
1683364730,97,2.2771974,47.030956,10.318124,0,2023-05-06 09:18:50,morning,Fiber,WARNING
1683365926,89,91.61521,15.11029,9.424974,0,2023-05-06 09:38:46,morning,Excimer,OK
1683382817,48,66.13858,21.836245,5.366591,0,2023-05-06 14:20:17,day,Diode,ERROR
1683405341,70,9.199046,59.963303,106.288956,0,2023-05-06 20:35:41,day,CO2,WARNING
1683406605,27,19.870745,32.399166,3.8595736,0,2023-05-06 20:56:45,day,Fiber,OK
1683458910,62,46.094822,71.259575,1.6950147,0,2023-05-07 11:28:30,morning,Fiber,OK
1683459398,19,12.881157,56.492874,15.300816,0,2023-05-07 11:36:38,morning,Excimer,OK
1683470882,77,31.003365,25.942308,1.7235199,0,2023-05-07 14:48:02,day,Fiber,OK
1683514616,66,56.694347,98.05723,77.85884,0,2023-05-08 02:56:56,night,Nd:YAG,OK
1683518367,15,113.390434,45.11366,15.016494,0,2023-05-08 03:59:27,night,CO2,WARNING
1683520180,7,48.96123,53.507294,4.2219057,0,2023-05-08 04:29:40,night,Fiber,OK
1683527823,15,33.043278,49.742447,1.0742725,0,2023-05-08 06:37:03,morning,CO2,OK
1683533866,40,20.715273,43.10131,14.381172,0,2023-05-08 08:17:46,morning,CO2,OK
1683536875,93,31.583475,63.99802,17.721193,0,2023-05-08 09:07:55,morning,Diode,OK
1683537334,70,7.2278886,80.61685,7.8966994,0,2023-05-08 09:15:34,morning,CO2,WARNING
1683559590,24,60.335682,43.26253,5.1099844,0,2023-05-08 15:26:30,day,Excimer,OK
1683562301,9,58.939587,67.574104,3.2005029,0,2023-05-08 16:11:41,day,Excimer,OK
1683566816,38,61.037354,4.9171333,0.77511525,0,2023-05-08 17:26:56,day,Diode,OK
1683587553,67,52.037792,41.52222,9.532135,0,2023-05-08 23:12:33,night,Fiber,OK
1683587858,62,94.47206,63.68431,3.7772923,0,2023-05-08 23:17:38,night,Fiber,OK
1683596635,48,42.37777,48.965515,2.4450436,0,2023-05-09 01:43:55,night,Diode,OK
1683605909,71,28.643167,46.620026,0.474808,0,2023-05-09 04:18:29,night,Nd:YAG,OK
1683663260,52,22.957409,55.70828,15.799066,0,2023-05-09 20:14:20,day,Fiber,OK
1683733155,92,30.293688,2.4570584,3.8947518,0,2023-05-10 15:39:15,day,Fiber,OK
1683735032,31,56.862778,68.5521,6.0258756,0,2023-05-10 16:10:32,day,Nd:YAG,OK
1683751100,36,51.349174,28.570995,0.47421506,0,2023-05-10 20:38:20,day,Nd:YAG,OK
1683798852,17,40.441574,82.15031,6.7412996,0,2023-05-11 09:54:12,morning,Fiber,ERROR
1683805632,95,48.37534,34.45032,114.667366,0,2023-05-11 11:47:12,morning,CO2,OK
1683847068,39,34.470047,75.64073,5.9609194,0,2023-05-11 23:17:48,night,Excimer,OK
1683890145,43,36.30869,50.629467,9.755926,0,2023-05-12 11:15:45,morning,Diode,OK
1683890392,83,26.52022,79.9314,1.5061654,0,2023-05-12 11:19:52,morning,Diode,OK
1683962829,61,33.041416,39.900883,16.598732,0,2023-05-13 07:27:09,morning,Nd:YAG,OK
1684009414,19,39.505783,52.161198,6.5460277,0,2023-05-13 20:23:34,day,Excimer,OK
1684059653,88,45.57451,54.457108,7.5343084,0,2023-05-14 10:20:53,morning,Diode,OK
1684061997,15,72.99287,11.157866,5.5651627,0,2023-05-14 10:59:57,morning,CO2,OK
1684110133,41,37.67715,51.504776,130.00291,0,2023-05-15 00:22:13,night,Nd:YAG,OK
1684110832,0,63.2805,75.16791,5.5745583,0,2023-05-15 00:33:52,night,CO2,OK
1684117919,78,73.14195,78.91941,15.980387,0,2023-05-15 02:31:59,night,Diode,OK
1684127130,90,28.468832,66.84266,2.1728785,0,2023-05-15 05:05:30,night,CO2,OK
1684154543,40,43.852627,61.529472,17.805052,0,2023-05-15 12:42:23,morning,CO2,OK
1684169198,59,71.519936,2.3364708,0.5713152,0,2023-05-15 16:46:38,day,Excimer,OK
1684172899,19,16.371206,50.946026,14.149098,0,2023-05-15 17:48:19,day,Excimer,OK
1684211747,22,36.970753,63.163067,3.775149,0,2023-05-16 04:35:47,night,Fiber,OK
1684221328,57,52.262093,38.78558,5.935017,0,2023-05-16 07:15:28,morning,Fiber,OK
1684271792,70,15.9369,4.2316027,114.81907,0,2023-05-16 21:16:32,day,CO2,OK
1684285069,7,245.73364,31.357128,11.852281,0,2023-05-17 00:57:49,night,Fiber,WARNING
1684316136,72,89.462296,76.81595,21.726875,0,2023-05-17 09:35:36,morning,Fiber,OK
1684326454,46,78.21448,86.393425,4.649897,0,2023-05-17 12:27:34,morning,Nd:YAG,OK
1684350362,71,60.750862,66.82254,5.3263993,0,2023-05-17 19:06:02,day,Nd:YAG,OK
1684380519,99,62.713867,40.231194,15.64621,0,2023-05-18 03:28:39,night,Excimer,OK
1684402581,63,264.23996,59.380302,5.3753753,0,2023-05-18 09:36:21,morning,Diode,WARNING
1684423605,0,22.424076,13.834303,2.0952554,0,2023-05-18 15:26:45,day,CO2,OK
1684442762,2,52.455772,82.51674,8.093372,0,2023-05-18 20:46:02,day,Fiber,OK
1684446855,89,59.588676,57.13391,0.97733754,0,2023-05-18 21:54:15,day,Excimer,OK
1684452761,12,18.687094,31.432327,5.521251,0,2023-05-18 23:32:41,night,Fiber,OK
1684456643,73,41.30039,67.442894,1.2517023,0,2023-05-19 00:37:23,night,Diode,OK
1684490166,42,0.27538404,58.622658,11.857758,0,2023-05-19 09:56:06,morning,Fiber,WARNING
1684495500,51,47.86326,28.97037,1.4587636,0,2023-05-19 11:25:00,morning,Nd:YAG,OK
1684496340,70,78.37382,102.50664,15.506685,0,2023-05-19 11:39:00,morning,CO2,OK
1684508754,74,75.84145,265.8714,16.877438,0,2023-05-19 15:05:54,day,Excimer,OK
1684536058,88,40.48522,220.5953,1.6106775,0,2023-05-19 22:40:58,night,Diode,OK
1684568651,12,69.968315,19.470472,13.731186,0,2023-05-20 07:44:11,morning,Fiber,OK
1684591430,37,38.45283,72.92091,17.558617,0,2023-05-20 14:03:50,day,Fiber,OK
1684596982,21,101.00681,84.92442,82.36408,0,2023-05-20 15:36:22,day,Nd:YAG,WARNING
1684614609,26,63.69901,10.85256,3.923691,0,2023-05-20 20:30:09,day,Nd:YAG,OK
1684627906,85,33.555794,420.1992,5.6448574,0,2023-05-21 00:11:46,night,CO2,OK
1684630136,45,86.50524,41.814106,105.06919,0,2023-05-21 00:48:56,night,CO2,OK
1684631531,17,36.105537,3.5477977,25.032463,0,2023-05-21 01:12:11,night,Fiber,OK
1684651559,59,405.53763,34.2992,10.911881,0,2023-05-21 06:45:59,morning,Excimer,WARNING
1684654273,59,26.522951,50.742523,9.850104,0,2023-05-21 07:31:13,morning,Excimer,OK
1684658034,95,77.84648,44.03492,4.241352,0,2023-05-21 08:33:54,morning,CO2,OK
1684659196,89,26.429796,55.984608,0.78915626,0,2023-05-21 08:53:16,morning,Excimer,OK
1684684043,36,76.027855,55.914997,1.9356517,0,2023-05-21 15:47:23,day,Nd:YAG,OK
1684689186,59,54.394855,89.15068,6.3631325,0,2023-05-21 17:13:06,day,Excimer,OK
1684716727,72,45.018925,71.00017,2.2908635,0,2023-05-22 00:52:07,night,Fiber,OK
1684725695,91,42.595173,49.130535,4.457909,0,2023-05-22 03:21:35,night,Nd:YAG,OK
1684729097,4,64.31499,76.63179,1.3308121,0,2023-05-22 04:18:17,night,Excimer,OK
1684731979,97,68.8133,16.708225,11.565338,0,2023-05-22 05:06:19,night,Fiber,OK
1684734056,15,55.424324,54.59159,12.006481,0,2023-05-22 05:40:56,night,CO2,OK
1684746618,17,58.981228,99.68621,12.051362,0,2023-05-22 09:10:18,morning,Fiber,OK
1684788756,37,84.39387,83.97132,1.3356504,0,2023-05-22 20:52:36,day,Fiber,OK
1684829649,29,45.902225,47.373676,11.766341,0,2023-05-23 08:14:09,morning,Excimer,OK
1684845025,93,84.56167,18.1886,1.3376486,0,2023-05-23 12:30:25,morning,Diode,OK
1684855639,63,62.93541,77.00874,1.4237413,0,2023-05-23 15:27:19,day,Diode,OK
1684859960,66,42.997383,86.184425,120.3738,0,2023-05-23 16:39:20,day,Nd:YAG,OK
1684863455,23,36.658012,93.61752,4.6846223,0,2023-05-23 17:37:35,day,Diode,OK
1684871380,34,61.64908,50.934258,9.041818,0,2023-05-23 19:49:40,day,Excimer,OK
1684884360,19,83.19424,25.154167,5.4515085,0,2023-05-23 23:26:00,night,Excimer,OK
1684892337,85,16.185266,40.71428,6.7594514,0,2023-05-24 01:38:57,night,CO2,OK
1684897185,58,29.610462,67.07978,1.7586087,0,2023-05-24 02:59:45,night,Diode,OK
1684952421,77,67.498505,73.522316,0.88825417,0,2023-05-24 18:20:21,day,Fiber,OK
1684956412,34,44.533215,73.327896,1.7706423,0,2023-05-24 19:26:52,day,Excimer,OK
1684957952,11,28.90345,5.524833,4.5773644,0,2023-05-24 19:52:32,day,Nd:YAG,OK
1684992697,65,33.067966,54.691147,19.713295,0,2023-05-25 05:31:37,night,CO2,OK
1685002479,40,71.24965,45.670013,70.313835,0,2023-05-25 08:14:39,morning,CO2,OK
1685027473,67,41.655056,81.08436,22.24803,0,2023-05-25 15:11:13,day,Fiber,OK
1685054025,83,67.39957,24.32342,2.6488621,0,2023-05-25 22:33:45,night,Diode,OK
1685070541,21,44.995815,68.5707,1.1290418,0,2023-05-26 03:09:01,night,Nd:YAG,OK
1685076735,18,21.454964,71.62684,2.3400726,0,2023-05-26 04:52:15,night,Diode,OK
1685110253,99,81.00868,21.195698,5.918439,0,2023-05-26 14:10:53,day,Excimer,OK
1685119539,86,59.215946,69.15655,18.225113,0,2023-05-26 16:45:39,day,Nd:YAG,OK
1685136547,95,63.61802,35.34175,1.3304853,0,2023-05-26 21:29:07,day,CO2,OK
1685148230,4,69.19449,58.354313,1.4805602,0,2023-05-27 00:43:50,night,Excimer,OK
1685166320,38,26.754128,64.83257,10.156464,0,2023-05-27 05:45:20,night,Diode,OK
1685168890,19,14.273496,44.17898,4.719863,0,2023-05-27 06:28:10,morning,Excimer,OK
1685186077,27,73.85741,25.89611,16.920158,0,2023-05-27 11:14:37,morning,Fiber,OK
1685205832,76,65.57652,74.29708,13.847172,0,2023-05-27 16:43:52,day,Nd:YAG,OK
1685217132,8,28.12796,28.098236,3.282592,0,2023-05-27 19:52:12,day,Diode,OK
1685265246,5,225.20018,28.827848,18.883017,0,2023-05-28 09:14:06,morning,CO2,WARNING
1685267270,44,24.429321,75.03604,12.197965,0,2023-05-28 09:47:50,morning,Excimer,OK
1685289562,25,55.063793,66.0054,0.05292834,0,2023-05-28 15:59:22,day,CO2,OK
1685347289,35,42.961433,22.930227,5.881198,0,2023-05-29 08:01:29,morning,CO2,OK
1685363160,11,65.859055,55.845966,88.73413,0,2023-05-29 12:26:00,morning,Nd:YAG,OK
1685368453,9,64.111565,65.05854,14.169248,0,2023-05-29 13:54:13,morning,Excimer,OK
1685377393,64,31.251282,430.69397,120.42796,0,2023-05-29 16:23:13,day,Excimer,OK
1685385793,22,28.27355,38.198357,4.475138,0,2023-05-29 18:43:13,day,Fiber,OK
1685390528,0,16.1515,13.598608,3.4039056,0,2023-05-29 20:02:08,day,CO2,OK
1685394192,48,80.72679,38.918415,4.516529,0,2023-05-29 21:03:12,day,Diode,OK
1685427240,45,65.70367,57.36267,3.8696473,0,2023-05-30 06:14:00,morning,CO2,OK
1685427555,1,6.075063,68.05575,3.3619177,0,2023-05-30 06:19:15,morning,Nd:YAG,WARNING
1685455357,41,43.52453,63.159103,17.554802,0,2023-05-30 14:02:37,day,Nd:YAG,OK
1685471344,44,65.567215,49.420254,10.668947,0,2023-05-30 18:29:04,day,Excimer,OK
1685471426,78,34.83938,66.43593,1.6149293,0,2023-05-30 18:30:26,day,Diode,OK
1685497968,29,46.247623,61.32822,0.7625943,0,2023-05-31 01:52:48,night,Excimer,OK
1685524736,69,16.233463,15.2856655,1.6960309,0,2023-05-31 09:18:56,morning,Excimer,OK
1685541871,99,41.848717,53.196293,14.183592,0,2023-05-31 14:04:31,day,Excimer,OK
1685582382,43,45.41951,93.27569,3.4130285,0,2023-06-01 01:19:42,night,Diode,OK
1685594394,70,88.94141,28.974844,3.2653723,0,2023-06-01 04:39:54,night,CO2,OK
1685601414,39,93.62373,46.47969,0.039710335,0,2023-06-01 06:36:54,morning,Excimer,OK
1685629918,79,40.679886,57.65688,3.2152941,0,2023-06-01 14:31:58,day,Excimer,OK
1685636187,74,76.3856,12.200309,1.0627112,0,2023-06-01 16:16:27,day,Excimer,OK
1685637386,58,65.327,52.47269,5.102369,0,2023-06-01 16:36:26,day,Diode,OK
1685651848,8,70.25122,65.71933,127.82191,0,2023-06-01 20:37:28,day,Diode,OK
1685681052,76,43.225494,37.16392,10.092927,0,2023-06-02 04:44:12,night,Nd:YAG,OK
1685681574,28,28.544418,76.30359,9.303541,0,2023-06-02 04:52:54,night,Diode,OK
1685691733,5,45.370502,37.239952,11.158675,0,2023-06-02 07:42:13,morning,CO2,OK
1685717510,83,96.06475,1.0564536,24.548136,0,2023-06-02 14:51:50,day,Diode,OK
1685732945,3,49.24666,34.373547,10.490859,0,2023-06-02 19:09:05,day,Diode,OK
1685742569,24,54.49463,53.902843,10.701495,0,2023-06-02 21:49:29,day,Excimer,OK
1685752924,56,428.7464,54.120754,25.471626,0,2023-06-03 00:42:04,night,Nd:YAG,WARNING
1685791071,63,50.220047,64.71396,3.52477,0,2023-06-03 11:17:51,morning,Diode,OK
1685794938,33,4.1699014,67.287186,10.877572,0,2023-06-03 12:22:18,morning,Diode,WARNING
1685812198,88,100.75466,74.518715,6.1013584,0,2023-06-03 17:09:58,day,Diode,WARNING
1685814308,57,16.154778,35.485764,5.739731,0,2023-06-03 17:45:08,day,Fiber,OK
1685817941,85,67.843735,107.43821,10.440476,0,2023-06-03 18:45:41,day,CO2,OK
1685835243,90,31.963776,35.845284,6.4395695,0,2023-06-03 23:34:03,night,CO2,OK
1685839905,44,50.73099,40.187122,11.211815,0,2023-06-04 00:51:45,night,Excimer,OK
1685853743,63,38.886837,42.134937,1.7004294,0,2023-06-04 04:42:23,night,Diode,OK
1685867044,66,44.009033,57.220932,5.328495,0,2023-06-04 08:24:04,morning,Nd:YAG,OK
1685893979,73,51.13992,33.517284,12.310778,0,2023-06-04 15:52:59,day,Diode,OK
1685898524,27,47.535328,15.72634,3.6875393,0,2023-06-04 17:08:44,day,Fiber,OK
1685919524,49,26.350534,69.91429,4.027102,0,2023-06-04 22:58:44,night,Excimer,OK
1685931276,70,51.086086,40.935658,6.6420636,0,2023-06-05 02:14:36,night,CO2,OK
1685932461,74,27.880363,73.916115,1.1540948,0,2023-06-05 02:34:21,night,Excimer,OK
1685941233,59,62.75503,25.105711,0.7598539,0,2023-06-05 05:00:33,night,Excimer,OK
1685946710,56,50.14599,305.24692,1.8526105,0,2023-06-05 06:31:50,morning,Nd:YAG,OK
1685947967,15,74.104095,36.729282,8.208803,0,2023-06-05 06:52:47,morning,CO2,OK
1686006010,67,53.53572,61.19312,10.955539,0,2023-06-05 23:00:10,night,Fiber,OK
1686036586,49,51.994816,72.09868,7.284373,0,2023-06-06 07:29:46,morning,Excimer,OK
1686059172,45,83.49547,81.67265,3.6166425,0,2023-06-06 13:46:12,morning,CO2,OK
1686062131,27,86.8761,61.5997,2.1564753,0,2023-06-06 14:35:31,day,Fiber,OK
1686091141,18,10.2780285,32.89155,3.7539353,0,2023-06-06 22:39:01,night,Diode,WARNING
1686091406,87,45.58055,3.306,11.331493,0,2023-06-06 22:43:26,night,Fiber,OK
1686095018,97,35.661854,24.45652,4.051061,0,2023-06-06 23:43:38,night,Fiber,OK
1686100673,77,68.40305,24.243107,14.559239,0,2023-06-07 01:17:53,night,Fiber,OK
1686130587,5,13.718071,80.86069,0.15565711,0,2023-06-07 09:36:27,morning,CO2,OK
1686144937,51,26.982645,75.19134,109.3691,0,2023-06-07 13:35:37,morning,Nd:YAG,OK
1686194381,1,97.36138,75.27636,16.098562,0,2023-06-08 03:19:41,night,Nd:YAG,OK
1686206920,34,18.821789,50.109417,14.184456,0,2023-06-08 06:48:40,morning,Excimer,OK
1686225572,89,52.172,26.574738,6.0639725,0,2023-06-08 11:59:32,morning,Excimer,OK
1686292073,81,57.236397,37.03404,5.611576,0,2023-06-09 06:27:53,morning,Nd:YAG,OK
1686293936,24,61.023514,75.227234,5.846008,0,2023-06-09 06:58:56,morning,Excimer,OK
1686313561,27,51.391315,35.515396,4.88012,0,2023-06-09 12:26:01,morning,Fiber,OK
1686314724,50,27.981077,25.829422,14.422761,0,2023-06-09 12:45:24,morning,CO2,OK
1686321953,76,18.03664,56.603516,10.595407,0,2023-06-09 14:45:53,day,Nd:YAG,OK
1686327083,65,56.77607,31.886362,3.9065819,0,2023-06-09 16:11:23,day,CO2,OK
1686370157,13,36.94773,83.063705,7.778124,0,2023-06-10 04:09:17,night,Diode,OK
1686403190,99,65.51271,69.20075,18.02355,0,2023-06-10 13:19:50,morning,Excimer,OK
1686413209,61,36.875103,312.84265,7.5668106,0,2023-06-10 16:06:49,day,Nd:YAG,OK
1686419024,18,35.329655,97.75065,138.7854,0,2023-06-10 17:43:44,day,Diode,OK
1686461175,86,30.079895,5.6031313,8.538867,0,2023-06-11 05:26:15,night,Nd:YAG,OK
1686479933,56,10.438971,54.04912,0.37677565,0,2023-06-11 10:38:53,morning,Nd:YAG,WARNING
1686494077,47,36.309216,44.752556,5.60502,0,2023-06-11 14:34:37,day,Fiber,OK
1686498717,16,69.8152,62.726433,2.634358,0,2023-06-11 15:51:57,day,Nd:YAG,OK
1686513069,39,14.1891,57.272797,12.4718895,0,2023-06-11 19:51:09,day,Excimer,OK
1686543060,82,48.16626,410.0937,4.311596,0,2023-06-12 04:11:00,night,Fiber,ERROR
1686549639,16,11.500298,54.331284,1.8537233,0,2023-06-12 06:00:39,morning,Nd:YAG,OK
1686565764,82,51.21226,20.215162,19.890419,0,2023-06-12 10:29:24,morning,Fiber,OK
1686629365,25,40.417088,9.393689,8.533166,0,2023-06-13 04:09:25,night,CO2,OK
1686662920,72,84.06631,28.689768,1.7796326,0,2023-06-13 13:28:40,morning,Fiber,OK
1686681127,43,34.4151,24.601156,3.6311247,0,2023-06-13 18:32:07,day,Diode,OK
1686703137,81,47.194096,64.716515,19.217133,0,2023-06-14 00:38:57,night,Nd:YAG,OK
1686705565,40,73.51634,36.50613,8.450516,0,2023-06-14 01:19:25,night,CO2,OK
1686735047,7,76.08018,13.13395,0.3081336,0,2023-06-14 09:30:47,morning,Fiber,OK
1686754250,20,78.845566,55.476696,9.465285,0,2023-06-14 14:50:50,day,CO2,OK
1686790193,57,76.34883,79.5556,5.134608,0,2023-06-15 00:49:53,night,Fiber,OK
1686795215,56,49.33652,101.53336,0.97900176,0,2023-06-15 02:13:35,night,Nd:YAG,OK
1686838535,99,45.437084,10.608702,5.5566697,0,2023-06-15 14:15:35,day,Excimer,OK
1686845861,60,13.772554,41.664047,10.506639,0,2023-06-15 16:17:41,day,CO2,OK
1686872380,57,70.115234,72.71383,5.509196,0,2023-06-15 23:39:40,night,Fiber,OK
1686893262,31,50.553852,69.56411,2.222499,0,2023-06-16 05:27:42,night,Nd:YAG,OK
1686929992,7,102.55251,61.07645,0.1606713,0,2023-06-16 15:39:52,day,Fiber,WARNING
1686978076,51,32.75897,25.97469,13.446322,0,2023-06-17 05:01:16,night,Nd:YAG,OK
1686988759,11,61.964527,63.676456,4.5776005,0,2023-06-17 07:59:19,morning,Nd:YAG,OK
1686995698,77,60.13908,40.90489,2.4394944,0,2023-06-17 09:54:58,morning,Fiber,OK
1687035910,70,68.34274,38.276592,8.207576,0,2023-06-17 21:05:10,day,CO2,OK
1687102483,37,61.9968,6.7026796,9.639234,0,2023-06-18 15:34:43,day,Fiber,OK
1687107994,5,51.00772,7.265546,1.8765204,0,2023-06-18 17:06:34,day,CO2,OK
1687211797,26,57.49496,38.01451,14.640771,0,2023-06-19 21:56:37,day,Nd:YAG,OK
1687217223,53,56.58503,35.358887,3.5452409,0,2023-06-19 23:27:03,night,Diode,OK
1687227781,69,28.508547,83.75124,7.8651757,0,2023-06-20 02:23:01,night,Excimer,OK
1687262778,10,0.11011067,31.31095,132.55286,0,2023-06-20 12:06:18,morning,CO2,WARNING
1687271672,14,54.09294,86.46026,14.017314,0,2023-06-20 14:34:32,day,Excimer,OK
1687292467,4,295.47913,16.055546,2.913291,0,2023-06-20 20:21:07,day,Excimer,WARNING
1687298497,99,50.716225,76.16371,17.320261,0,2023-06-20 22:01:37,night,Excimer,OK
1687305891,92,51.90191,85.72325,7.663172,0,2023-06-21 00:04:51,night,Fiber,OK
1687316661,17,43.65551,45.139854,0.47718474,0,2023-06-21 03:04:21,night,Fiber,OK
1687335328,7,84.23781,49.863632,8.191193,0,2023-06-21 08:15:28,morning,Fiber,OK
1687361484,15,47.062824,1.1438653,12.838517,0,2023-06-21 15:31:24,day,CO2,OK
1687370575,22,59.938435,23.153824,6.0612326,0,2023-06-21 18:02:55,day,Fiber,OK
1687382038,71,36.304718,72.24233,5.6525693,0,2023-06-21 21:13:58,day,Nd:YAG,OK
1687384169,55,67.42385,23.93299,17.386202,0,2023-06-21 21:49:29,day,CO2,OK
1687417882,57,45.316677,56.42861,11.979283,0,2023-06-22 07:11:22,morning,Fiber,OK
1687426129,52,39.53116,86.131996,19.897532,0,2023-06-22 09:28:49,morning,Fiber,OK
1687440929,65,49.10014,28.149689,1.0880576,0,2023-06-22 13:35:29,morning,CO2,OK
1687475551,51,15.370725,54.176907,3.0051606,0,2023-06-22 23:12:31,night,Nd:YAG,OK
1687500353,90,77.66636,37.049732,21.005539,0,2023-06-23 06:05:53,morning,CO2,OK
1687501811,23,75.03636,50.20841,6.703324,0,2023-06-23 06:30:11,morning,Diode,OK
1687565615,33,52.6829,61.097645,75.809616,0,2023-06-24 00:13:35,night,Diode,OK
1687576845,60,72.820114,42.40828,3.4745243,0,2023-06-24 03:20:45,night,CO2,OK
1687580955,56,58.645256,54.87075,7.205093,0,2023-06-24 04:29:15,night,Nd:YAG,OK
1687595437,16,0.50333387,76.596596,15.289019,0,2023-06-24 08:30:37,morning,Nd:YAG,WARNING
1687599393,18,23.48956,32.496784,20.09709,0,2023-06-24 09:36:33,morning,Diode,OK
1687609536,81,92.16198,30.212416,0.62869436,0,2023-06-24 12:25:36,morning,Nd:YAG,OK
1687617101,54,37.82996,90.88159,6.544944,0,2023-06-24 14:31:41,day,Excimer,OK
1687646465,56,36.668068,55.477043,4.666718,0,2023-06-24 22:41:05,night,Nd:YAG,OK
1687700196,14,59.110325,55.74077,13.27841,0,2023-06-25 13:36:36,morning,Excimer,OK
1687744821,31,60.24647,23.592068,18.116327,0,2023-06-26 02:00:21,night,Nd:YAG,OK
1687751395,10,82.879456,15.214666,3.013337,0,2023-06-26 03:49:55,night,CO2,OK
1687777460,90,60.923595,48.900352,7.4160337,0,2023-06-26 11:04:20,morning,CO2,OK
1687779152,13,68.825356,5.4420037,5.4744797,0,2023-06-26 11:32:32,morning,Diode,OK
1687795323,92,12.615587,77.25478,0.8930861,0,2023-06-26 16:02:03,day,Fiber,OK
1687854864,21,73.06549,60.020527,1.6322112,0,2023-06-27 08:34:24,morning,Nd:YAG,OK
1687872013,95,98.10817,62.45901,6.727266,0,2023-06-27 13:20:13,morning,CO2,OK
1687912730,73,51.51452,47.983627,15.087387,0,2023-06-28 00:38:50,night,Diode,OK
1687968595,50,53.472485,76.01071,20.666515,0,2023-06-28 16:09:55,day,CO2,OK
1687982311,35,8.833092,19.825441,2.0940108,0,2023-06-28 19:58:31,day,CO2,WARNING
1687995755,48,30.54103,33.314148,7.4565454,0,2023-06-28 23:42:35,night,Diode,OK
1688004081,91,70.64651,42.761448,3.425575,0,2023-06-29 02:01:21,night,Nd:YAG,OK
1688038475,55,68.36189,38.78073,15.890359,0,2023-06-29 11:34:35,morning,CO2,OK
1688075015,11,54.415504,46.25825,2.7214396,0,2023-06-29 21:43:35,day,Nd:YAG,OK
1688090636,67,41.569153,61.66107,6.816725,0,2023-06-30 02:03:56,night,Fiber,OK
1688091939,45,92.03042,74.20995,6.964541,0,2023-06-30 02:25:39,night,CO2,OK
1688094598,37,45.60098,22.592667,35.63421,0,2023-06-30 03:09:58,night,Fiber,OK
1688096161,31,42.571674,54.081337,22.462057,0,2023-06-30 03:36:01,night,Nd:YAG,OK
1688101374,79,83.53665,68.25812,2.1371713,0,2023-06-30 05:02:54,night,Excimer,OK
1688178674,47,78.97083,47.46263,1.8833641,0,2023-07-01 02:31:14,night,Fiber,OK
1688181230,43,44.640278,39.713955,15.66955,0,2023-07-01 03:13:50,night,Diode,OK
1688183791,32,52.27135,97.79281,2.5670042,0,2023-07-01 03:56:31,night,Fiber,OK
1688191766,73,23.57785,21.09402,2.314317,0,2023-07-01 06:09:26,morning,Diode,OK
1688205811,97,40.11379,46.747,104.48745,0,2023-07-01 10:03:31,morning,Fiber,OK
1688224454,29,83.72648,19.124157,7.681592,0,2023-07-01 15:14:14,day,Excimer,OK
1688234422,42,4.5171266,45.93523,8.503381,0,2023-07-01 18:00:22,day,Fiber,WARNING
1688260668,68,65.22004,41.00254,12.310958,0,2023-07-02 01:17:48,night,Diode,OK
1688273530,42,5.469549,53.706135,1.8334098,0,2023-07-02 04:52:10,night,Fiber,WARNING
1688275027,24,38.16874,61.601406,12.677446,0,2023-07-02 05:17:07,night,Excimer,OK
1688287919,45,53.668304,38.887344,6.3132057,0,2023-07-02 08:51:59,morning,CO2,OK
1688316801,49,36.9981,35.599926,1.6111233,0,2023-07-02 16:53:21,day,Excimer,OK
1688329626,16,69.414795,51.653294,3.8779383,0,2023-07-02 20:27:06,day,Nd:YAG,OK
1688349249,88,60.638542,57.94001,1.7634071,0,2023-07-03 01:54:09,night,Diode,OK
1688376172,70,66.204285,45.545677,0.26737747,0,2023-07-03 09:22:52,morning,CO2,OK
1688401937,73,35.77755,25.310184,4.2112164,0,2023-07-03 16:32:17,day,Diode,OK
1688439033,66,70.58112,6.3238716,4.568909,0,2023-07-04 02:50:33,night,Nd:YAG,OK
1688440539,79,43.015114,49.57649,8.293646,0,2023-07-04 03:15:39,night,Excimer,OK
1688449456,37,86.871,31.771719,21.467096,0,2023-07-04 05:44:16,night,Fiber,OK
1688463456,29,120.33312,45.602142,9.180965,0,2023-07-04 09:37:36,morning,Excimer,WARNING
1688510926,83,60.026352,65.74464,3.066282,0,2023-07-04 22:48:46,night,Diode,OK
1688515263,94,32.784374,58.0413,2.6460557,0,2023-07-05 00:01:03,night,Excimer,OK
1688518185,68,47.4415,16.65198,5.3401,0,2023-07-05 00:49:45,night,Diode,OK
1688518752,38,4.7835546,48.04327,5.4500093,0,2023-07-05 00:59:12,night,Diode,WARNING
1688538241,80,44.318714,78.57015,6.4731507,0,2023-07-05 06:24:01,morning,CO2,OK
1688551988,74,44.176437,53.528137,14.808178,0,2023-07-05 10:13:08,morning,Excimer,OK
1688557772,60,12.556468,70.0769,12.326829,0,2023-07-05 11:49:32,morning,CO2,OK
1688559030,94,21.437767,101.65179,8.687671,0,2023-07-05 12:10:30,morning,Excimer,OK
1688572852,32,57.95965,23.438124,6.2070513,0,2023-07-05 16:00:52,day,Fiber,OK
1688597815,21,26.303164,36.396484,4.61082,0,2023-07-05 22:56:55,night,Nd:YAG,OK
1688637856,44,29.139217,368.40747,2.056142,0,2023-07-06 10:04:16,morning,Excimer,OK
1688639618,31,34.4759,1.1197683,13.9684,0,2023-07-06 10:33:38,morning,Nd:YAG,OK
1688666401,81,55.896458,73.21724,16.59799,0,2023-07-06 18:00:01,day,Nd:YAG,OK
1688672223,18,80.509575,71.25554,5.2169366,0,2023-07-06 19:37:03,day,Diode,OK
1688690828,36,63.597263,53.36678,6.151478,0,2023-07-07 00:47:08,night,Nd:YAG,OK
1688726449,2,20.657396,74.92891,8.88593,0,2023-07-07 10:40:49,morning,Fiber,OK
1688735104,85,70.36526,24.3835,10.488335,0,2023-07-07 13:05:04,morning,CO2,OK
1688750542,7,34.885975,55.659595,13.649118,0,2023-07-07 17:22:22,day,Fiber,OK
1688766377,33,41.961487,36.170994,95.87347,0,2023-07-07 21:46:17,day,Diode,OK
1688772038,43,31.41984,6.8350863,17.365934,0,2023-07-07 23:20:38,night,Diode,OK
1688772277,58,11.104086,17.644058,6.8865337,0,2023-07-07 23:24:37,night,Diode,OK
1688802726,63,37.11182,63.198837,16.501818,0,2023-07-08 07:52:06,morning,Diode,OK
1688868203,43,60.23624,34.87431,4.2845044,0,2023-07-09 02:03:23,night,Diode,OK
1688909065,88,74.746765,317.88852,3.5716856,0,2023-07-09 13:24:25,morning,Diode,OK
1688910798,57,58.87019,74.935905,19.732807,0,2023-07-09 13:53:18,morning,Fiber,OK
1688931419,51,41.15381,63.662895,2.822161,0,2023-07-09 19:36:59,day,Nd:YAG,OK
1688939860,44,29.217337,28.091677,2.428906,0,2023-07-09 21:57:40,day,Excimer,OK
1688945135,49,17.349945,13.684829,17.560045,0,2023-07-09 23:25:35,night,Excimer,OK
1688951806,52,5.9569535,36.06914,121.06693,0,2023-07-10 01:16:46,night,Fiber,WARNING
1688952669,71,71.80178,27.870378,6.0767336,0,2023-07-10 01:31:09,night,Nd:YAG,OK
1688997902,82,78.4271,17.518612,0.5606017,0,2023-07-10 14:05:02,day,Fiber,OK
1689002424,1,10.68669,47.922276,25.238634,0,2023-07-10 15:20:24,day,Nd:YAG,WARNING
1689038768,18,68.843925,56.230263,12.7223,0,2023-07-11 01:26:08,night,Diode,OK
1689055135,38,83.340904,58.921112,12.992173,0,2023-07-11 05:58:55,night,Diode,OK
1689106398,67,99.63952,11.628091,17.79425,0,2023-07-11 20:13:18,day,Fiber,OK
1689126551,22,45.190453,88.37242,1.0959039,0,2023-07-12 01:49:11,night,Fiber,OK
1689133972,92,67.56129,8.867758,3.0363996,0,2023-07-12 03:52:52,night,Fiber,OK
1689150767,64,114.16651,39.264313,3.9191678,0,2023-07-12 08:32:47,morning,Excimer,WARNING
1689156210,25,8.896651,46.371914,8.921525,0,2023-07-12 10:03:30,morning,CO2,WARNING
1689157941,10,40.930733,251.65976,16.844816,0,2023-07-12 10:32:21,morning,CO2,OK
1689195494,86,31.11872,10.766854,4.9768863,0,2023-07-12 20:58:14,day,Nd:YAG,OK
1689231171,1,16.675934,81.70055,5.2701974,0,2023-07-13 06:52:51,morning,Nd:YAG,OK
1689247634,33,11.062984,65.57019,5.531075,0,2023-07-13 11:27:14,morning,Diode,OK
1689250096,29,44.69495,32.227592,6.7486553,0,2023-07-13 12:08:16,morning,Excimer,OK
1689250796,17,59.415657,34.479237,7.944673,0,2023-07-13 12:19:56,morning,Fiber,OK
1689261436,29,60.50081,28.616714,5.7857785,0,2023-07-13 15:17:16,day,Excimer,OK
1689276620,17,21.366835,11.969049,9.364699,0,2023-07-13 19:30:20,day,Fiber,OK
1689277274,4,59.032707,70.81414,2.4680147,0,2023-07-13 19:41:14,day,Excimer,OK
1689298326,21,32.87328,91.60376,4.758318,0,2023-07-14 01:32:06,night,Nd:YAG,OK
1689301339,73,64.95551,37.459995,4.4587545,0,2023-07-14 02:22:19,night,Diode,OK
1689312220,59,34.725037,391.06113,20.852215,0,2023-07-14 05:23:40,night,Excimer,OK
1689325813,29,49.43308,98.46331,0.6823606,0,2023-07-14 09:10:13,morning,Excimer,OK
1689328073,35,8.290725,74.976685,7.2284784,0,2023-07-14 09:47:53,morning,CO2,WARNING
1689328176,3,64.05899,34.673676,11.87846,0,2023-07-14 09:49:36,morning,Diode,OK
1689337958,55,39.696125,57.97967,118.15931,0,2023-07-14 12:32:38,morning,CO2,OK
1689355140,38,51.956455,92.94952,1.4103335,0,2023-07-14 17:19:00,day,Diode,OK
1689367098,3,60.78632,53.72099,1.8201177,0,2023-07-14 20:38:18,day,Diode,OK
1689373114,63,25.146482,95.0016,2.586074,0,2023-07-14 22:18:34,night,Diode,OK
1689379162,96,54.043667,37.709614,4.208836,0,2023-07-14 23:59:22,night,Nd:YAG,OK
1689434474,30,16.10282,78.80569,9.509819,0,2023-07-15 15:21:14,day,CO2,OK
1689438480,61,53.13377,62.839222,23.395308,0,2023-07-15 16:28:00,day,Nd:YAG,OK
1689441032,32,45.698357,51.05725,4.289588,0,2023-07-15 17:10:32,day,Fiber,OK
1689443441,2,80.07216,66.388084,9.372216,0,2023-07-15 17:50:41,day,Fiber,OK
1689454277,20,70.111,51.620533,17.205126,0,2023-07-15 20:51:17,day,CO2,OK
1689464816,64,35.470436,55.16852,13.236312,0,2023-07-15 23:46:56,night,Excimer,OK
1689485812,39,52.710964,64.526596,9.166515,0,2023-07-16 05:36:52,night,Excimer,OK
1689494971,67,10.680253,23.69844,15.918146,0,2023-07-16 08:09:31,morning,Fiber,WARNING
1689496419,70,46.455235,77.572495,6.6459804,0,2023-07-16 08:33:39,morning,CO2,OK
1689501095,42,59.911797,61.19846,1.4251193,0,2023-07-16 09:51:35,morning,Fiber,OK
1689510820,47,69.7237,48.870335,4.7887406,0,2023-07-16 12:33:40,morning,Fiber,OK
1689513539,34,82.07127,44.262386,14.94443,0,2023-07-16 13:18:59,morning,Excimer,OK
1689515992,72,104.00955,23.820448,12.163112,0,2023-07-16 13:59:52,morning,Fiber,WARNING
1689529908,31,43.364082,56.06754,4.351009,0,2023-07-16 17:51:48,day,Nd:YAG,OK
1689539669,60,35.981857,67.898926,6.7735333,0,2023-07-16 20:34:29,day,CO2,OK
1689558388,38,402.81912,60.633953,12.612429,0,2023-07-17 01:46:28,night,Diode,WARNING
1689586896,40,45.028564,77.21525,0.85612005,0,2023-07-17 09:41:36,morning,CO2,OK
1689646623,59,55.7918,39.366726,120.793175,0,2023-07-18 02:17:03,night,Excimer,OK
1689656922,20,58.282948,60.618256,10.007258,0,2023-07-18 05:08:42,night,CO2,OK
1689699779,64,36.096855,380.8799,15.509756,0,2023-07-18 17:02:59,day,Excimer,OK
1689717408,31,69.19144,39.36724,9.282213,0,2023-07-18 21:56:48,day,Nd:YAG,OK
1689717982,93,31.151663,43.624638,18.188025,0,2023-07-18 22:06:22,night,Diode,OK
1689721691,26,0.19094488,106.73128,11.186853,0,2023-07-18 23:08:11,night,Nd:YAG,ERROR
1689723660,65,52.01117,33.938293,12.320813,0,2023-07-18 23:41:00,night,CO2,OK
1689730182,81,69.140205,56.47556,10.444481,0,2023-07-19 01:29:42,night,Nd:YAG,OK
1689744544,29,62.031235,24.108181,22.52139,0,2023-07-19 05:29:04,night,Excimer,OK
1689747537,40,68.33471,61.897285,10.290015,0,2023-07-19 06:18:57,morning,CO2,OK
1689760182,94,61.58348,10.504379,3.3927293,0,2023-07-19 09:49:42,morning,Excimer,OK
1689792871,79,19.244308,24.085573,3.0214567,0,2023-07-19 18:54:31,day,Excimer,OK
1689807675,24,61.19663,70.33357,3.7815857,0,2023-07-19 23:01:15,night,Excimer,OK
1689843710,42,88.629036,74.47787,118.54168,0,2023-07-20 09:01:50,morning,Fiber,OK
1689862458,44,23.526766,60.869663,8.979529,0,2023-07-20 14:14:18,day,Excimer,OK
1689871328,56,67.52509,70.11039,2.9138052,0,2023-07-20 16:42:08,day,Nd:YAG,OK
1689889003,5,68.12305,52.41109,2.797626,0,2023-07-20 21:36:43,day,CO2,OK
1689897555,88,25.127344,8.360969,9.008993,0,2023-07-20 23:59:15,night,Diode,OK
1689909444,32,65.22825,52.49746,0.60717446,0,2023-07-21 03:17:24,night,Fiber,OK
1689916481,79,63.511806,101.41229,12.8246565,0,2023-07-21 05:14:41,night,Excimer,OK
1689919725,6,33.014008,62.505714,6.9540715,0,2023-07-21 06:08:45,morning,Nd:YAG,OK
1689952142,44,27.01643,74.08606,9.365813,0,2023-07-21 15:09:02,day,Excimer,OK
1689969428,95,25.970802,7.3923836,3.8883266,0,2023-07-21 19:57:08,day,CO2,OK
1689985154,48,89.8215,22.587578,18.731709,0,2023-07-22 00:19:14,night,Diode,OK
1689993773,90,50.917953,77.044014,9.030734,0,2023-07-22 02:42:53,night,CO2,OK
1689994008,99,48.42292,58.98621,1.4431273,0,2023-07-22 02:46:48,night,Excimer,OK
1690001059,44,42.16354,40.55221,4.527469,0,2023-07-22 04:44:19,night,Excimer,OK
1690021898,27,76.10926,61.148956,1.066093,0,2023-07-22 10:31:38,morning,Fiber,OK
1690024709,7,101.39901,19.352543,4.366148,0,2023-07-22 11:18:29,morning,Fiber,WARNING
1690047921,94,59.20815,12.098852,2.8590405,0,2023-07-22 17:45:21,day,Excimer,OK
1690060788,14,420.38657,19.145016,1.8521137,0,2023-07-22 21:19:48,day,Excimer,WARNING
1690066617,55,49.0841,51.606445,7.604005,0,2023-07-22 22:56:57,night,CO2,OK
1690071984,20,7.2633324,91.26233,4.374029,0,2023-07-23 00:26:24,night,CO2,WARNING
1690091957,49,77.5008,65.367966,15.141536,0,2023-07-23 05:59:17,night,Excimer,OK
1690129717,55,14.418286,33.588814,6.389936,0,2023-07-23 16:28:37,day,CO2,OK
1690134935,62,39.419086,20.703651,12.628555,0,2023-07-23 17:55:35,day,Fiber,OK
1690151204,10,24.88973,66.61701,2.2634535,0,2023-07-23 22:26:44,night,CO2,OK
1690215177,8,15.843945,67.16767,10.462562,0,2023-07-24 16:12:57,day,Diode,OK
1690227883,92,34.295612,92.6838,7.6010284,0,2023-07-24 19:44:43,day,Fiber,OK
1690240744,73,98.63053,48.61058,11.454913,0,2023-07-24 23:19:04,night,Diode,OK
1690245140,28,63.87887,49.854485,5.1672096,0,2023-07-25 00:32:20,night,Diode,OK
1690259903,60,270.20132,61.88592,18.921375,0,2023-07-25 04:38:23,night,CO2,WARNING
1690274929,53,67.75143,1.9233984,19.992039,0,2023-07-25 08:48:49,morning,Diode,OK
1690283485,98,57.67726,97.66311,3.5808244,0,2023-07-25 11:11:25,morning,Diode,OK
1690288752,15,84.1827,32.598946,12.495446,0,2023-07-25 12:39:12,morning,CO2,OK
1690316693,19,34.06321,47.43891,1.2725971,0,2023-07-25 20:24:53,day,Excimer,OK
1690317832,72,57.204075,50.308033,9.353581,0,2023-07-25 20:43:52,day,Fiber,OK
1690336813,11,28.6102,79.567024,17.605854,0,2023-07-26 02:00:13,night,Nd:YAG,OK
1690396985,81,40.98472,60.829044,1.7091594,0,2023-07-26 18:43:05,day,Nd:YAG,OK
1690399753,46,69.98876,65.072174,4.419852,0,2023-07-26 19:29:13,day,Nd:YAG,OK
1690439676,75,5.767198,78.95419,2.599716,0,2023-07-27 06:34:36,morning,CO2,WARNING
1690444570,51,64.211555,24.571587,7.293152,0,2023-07-27 07:56:10,morning,Nd:YAG,OK
1690494431,55,49.027367,29.359959,4.853667,0,2023-07-27 21:47:11,day,CO2,OK
1690495247,78,18.364178,59.111473,1.7817409,0,2023-07-27 22:00:47,night,Diode,OK
1690506934,26,52.96922,54.62219,1.849376,0,2023-07-28 01:15:34,night,Nd:YAG,OK
1690534054,7,40.684387,56.96759,4.4323483,0,2023-07-28 08:47:34,morning,Fiber,OK
1690563642,37,44.9848,303.2614,3.690037,0,2023-07-28 17:00:42,day,Fiber,OK
1690617338,76,54.015423,45.76964,1.02475,0,2023-07-29 07:55:38,morning,Nd:YAG,OK
1690618695,13,48.559162,24.196426,4.644269,0,2023-07-29 08:18:15,morning,Diode,OK
1690633498,3,64.33171,60.50594,6.2418365,0,2023-07-29 12:24:58,morning,Diode,OK
1690635437,91,60.278866,47.30573,111.360214,0,2023-07-29 12:57:17,morning,Nd:YAG,OK
1690650278,13,35.818985,55.661034,1.2345333,0,2023-07-29 17:04:38,day,Diode,OK
1690669526,32,19.448631,101.854454,14.073114,0,2023-07-29 22:25:26,night,Fiber,OK
1690676051,29,54.484287,70.51814,6.057015,0,2023-07-30 00:14:11,night,Excimer,OK
1690692240,95,54.55167,53.51236,13.26605,0,2023-07-30 04:44:00,night,CO2,OK
1690698018,14,83.99693,63.192566,14.053533,0,2023-07-30 06:20:18,morning,Excimer,OK
1690752558,47,50.98871,53.50404,96.54972,0,2023-07-30 21:29:18,day,Fiber,OK
1690755160,90,38.600468,62.831886,21.212057,0,2023-07-30 22:12:40,night,CO2,OK
1690769868,28,51.889805,63.81264,123.36918,0,2023-07-31 02:17:48,night,Diode,OK
1690814357,5,54.072765,58.266518,11.412835,0,2023-07-31 14:39:17,day,CO2,OK
1690849368,6,27.487171,45.712357,131.73004,0,2023-08-01 00:22:48,night,Nd:YAG,OK
1690851184,52,50.952217,33.46138,2.3124502,0,2023-08-01 00:53:04,night,Fiber,OK
1690851546,75,37.70267,37.271553,7.2175064,0,2023-08-01 00:59:06,night,CO2,OK
1690868812,69,59.246937,21.470367,2.93638,0,2023-08-01 05:46:52,night,Excimer,OK
1690876238,39,32.210545,48.37047,0.5946339,0,2023-08-01 07:50:38,morning,Excimer,OK
1690904527,29,65.80559,89.1515,2.008582,0,2023-08-01 15:42:07,day,Excimer,OK
1690923983,71,70.86871,21.319548,16.397846,0,2023-08-01 21:06:23,day,Nd:YAG,OK
1690925932,40,33.312313,44.139534,5.8580747,0,2023-08-01 21:38:52,day,CO2,OK
1690979656,38,4.175844,25.137707,14.694655,0,2023-08-02 12:34:16,morning,Diode,WARNING
1690984641,65,48.978554,43.281227,11.738647,0,2023-08-02 13:57:21,morning,CO2,OK
1690994515,62,65.59121,33.659576,2.757564,0,2023-08-02 16:41:55,day,Fiber,OK
1690996590,37,31.816542,75.34665,3.6703022,0,2023-08-02 17:16:30,day,Fiber,OK
1691011061,60,60.789425,48.578983,0.9802755,0,2023-08-02 21:17:41,day,CO2,OK
1691034068,1,49.369198,18.349497,9.688028,0,2023-08-03 03:41:08,night,Nd:YAG,OK
1691055264,15,54.33461,18.401232,6.340499,0,2023-08-03 09:34:24,morning,CO2,OK
1691085002,26,7.3316607,64.9358,5.525802,0,2023-08-03 17:50:02,day,Nd:YAG,WARNING
1691091673,5,29.974276,65.8402,1.0652256,0,2023-08-03 19:41:13,day,CO2,OK
1691092688,84,51.03596,53.75958,7.5101414,0,2023-08-03 19:58:08,day,Excimer,OK
1691116964,3,59.702255,83.63338,4.549361,0,2023-08-04 02:42:44,night,Diode,OK
1691127817,63,52.535618,28.938484,9.586177,0,2023-08-04 05:43:37,night,Diode,OK
1691141893,61,31.859236,57.06579,5.4783216,0,2023-08-04 09:38:13,morning,Nd:YAG,OK
1691156291,34,431.60474,38.237724,0.39771828,0,2023-08-04 13:38:11,morning,Excimer,WARNING
1691170034,51,58.171764,71.45987,11.74444,0,2023-08-04 17:27:14,day,Nd:YAG,OK
1691171418,69,75.167465,28.600897,5.988436,0,2023-08-04 17:50:18,day,Excimer,OK
1691203222,55,27.759914,49.454224,11.698169,0,2023-08-05 02:40:22,night,CO2,OK
1691274706,55,94.12789,91.79835,1.980822,0,2023-08-05 22:31:46,night,CO2,OK
1691278053,23,95.82172,48.039593,4.1207814,0,2023-08-05 23:27:33,night,Diode,OK
1691279513,24,62.26424,19.057861,2.198062,0,2023-08-05 23:51:53,night,Excimer,OK
1691280443,0,78.92221,66.93777,2.3427763,0,2023-08-06 00:07:23,night,CO2,OK
1691281467,30,39.073376,63.5193,14.5945015,0,2023-08-06 00:24:27,night,CO2,OK
1691288977,9,75.548065,13.31041,3.389819,0,2023-08-06 02:29:37,night,Excimer,OK
1691316031,18,37.684147,329.1252,0.5020609,0,2023-08-06 10:00:31,morning,Diode,OK
1691332666,1,73.99789,78.371956,7.756754,0,2023-08-06 14:37:46,day,Nd:YAG,OK
1691333653,65,54.10112,89.118004,0.8934632,0,2023-08-06 14:54:13,day,CO2,OK
1691333773,96,62.17106,83.22075,2.8670866,0,2023-08-06 14:56:13,day,Nd:YAG,OK
1691339792,36,117.06179,61.03531,114.53098,0,2023-08-06 16:36:32,day,Nd:YAG,WARNING
1691350840,61,37.74638,82.82784,10.620236,0,2023-08-06 19:40:40,day,Nd:YAG,OK
1691357570,36,67.38339,33.02857,4.1674204,0,2023-08-06 21:32:50,day,Nd:YAG,OK
1691357644,72,72.31183,95.674355,5.906083,0,2023-08-06 21:34:04,day,Fiber,OK
1691420358,85,56.218365,26.843597,4.7085137,0,2023-08-07 14:59:18,day,CO2,OK
1691424001,23,64.48603,7.578484,5.857691,0,2023-08-07 16:00:01,day,Diode,OK
1691463473,77,58.739937,23.990597,4.396949,0,2023-08-08 02:57:53,night,Fiber,OK
1691482285,16,37.03512,88.181046,3.274278,0,2023-08-08 08:11:25,morning,Nd:YAG,OK
1691502193,48,97.666954,55.64988,12.912143,0,2023-08-08 13:43:13,morning,Diode,OK
1691515258,52,38.755474,57.45532,7.525445,0,2023-08-08 17:20:58,day,Fiber,OK
1691520702,86,58.949352,13.087608,8.811925,0,2023-08-08 18:51:42,day,Nd:YAG,OK
1691528358,15,61.182262,2.2981384,10.2698765,0,2023-08-08 20:59:18,day,CO2,OK
1691534987,78,41.086224,23.567854,6.5116897,0,2023-08-08 22:49:47,night,Diode,OK
1691536756,82,69.17829,66.362976,5.635869,0,2023-08-08 23:19:16,night,Fiber,OK
1691543073,14,87.43399,49.19183,9.754659,0,2023-08-09 01:04:33,night,Excimer,OK
1691552144,41,58.356308,11.551018,8.415125,0,2023-08-09 03:35:44,night,Nd:YAG,OK
1691557795,9,23.224783,33.300743,1.0444705,0,2023-08-09 05:09:55,night,Excimer,OK
1691572053,20,59.226532,51.84901,6.456694,0,2023-08-09 09:07:33,morning,CO2,OK
1691637289,17,69.18426,44.342945,4.2439914,0,2023-08-10 03:14:49,night,Fiber,OK
1691642939,86,21.130552,40.799866,14.344608,0,2023-08-10 04:48:59,night,Nd:YAG,OK
1691652128,10,11.6330805,36.167767,8.270023,0,2023-08-10 07:22:08,morning,CO2,OK
1691672493,90,50.28416,120.99084,9.132265,0,2023-08-10 13:01:33,morning,CO2,OK
1691675703,41,55.092545,23.791357,13.817739,0,2023-08-10 13:55:03,morning,Nd:YAG,OK
1691703479,89,86.77512,71.03833,27.362146,0,2023-08-10 21:37:59,day,Excimer,OK
1691705224,20,75.17591,46.011448,12.165531,0,2023-08-10 22:07:04,night,CO2,OK
1691717467,24,3.6292827,62.815887,4.7736006,0,2023-08-11 01:31:07,night,Excimer,WARNING
1691717585,95,25.618015,89.083954,2.7355464,0,2023-08-11 01:33:05,night,CO2,OK
1691724480,23,78.180954,21.302156,4.2346535,0,2023-08-11 03:28:00,night,Diode,OK
1691742371,70,39.629925,47.551617,4.634288,0,2023-08-11 08:26:11,morning,CO2,OK
1691757505,74,56.864983,44.260403,1.2181884,0,2023-08-11 12:38:25,morning,Excimer,OK
1691768958,16,33.523582,54.452698,145.13226,0,2023-08-11 15:49:18,day,Nd:YAG,OK
1691793926,97,25.03045,83.23216,1.482711,0,2023-08-11 22:45:26,night,Fiber,OK
1691794922,21,52.470562,47.07809,8.812495,0,2023-08-11 23:02:02,night,Nd:YAG,ERROR
1691813315,44,69.47525,72.47804,3.0370877,0,2023-08-12 04:08:35,night,Excimer,OK
1691830571,95,41.9256,38.20002,1.2424986,0,2023-08-12 08:56:11,morning,CO2,OK
1691902903,83,37.485584,51.679203,15.475078,0,2023-08-13 05:01:43,night,Diode,OK
1691913457,49,33.424656,92.36677,10.433182,0,2023-08-13 07:57:37,morning,Excimer,OK
1691916660,77,26.191957,37.674065,1.0639994,0,2023-08-13 08:51:00,morning,Fiber,OK
1691927851,35,96.19834,48.21708,5.6441126,0,2023-08-13 11:57:31,morning,CO2,OK
1691943999,68,44.185432,47.60417,0.41841167,0,2023-08-13 16:26:39,day,Diode,OK
1691947074,53,344.64676,68.91977,17.257183,0,2023-08-13 17:17:54,day,Diode,WARNING
1691948269,28,55.902805,79.42936,5.4062867,0,2023-08-13 17:37:49,day,Diode,OK
1692034376,68,70.92324,28.754276,7.6643453,0,2023-08-14 17:32:56,day,Diode,OK
1692043431,60,63.27988,45.13084,19.721771,0,2023-08-14 20:03:51,day,CO2,OK
1692062997,29,59.090214,38.414783,11.64301,0,2023-08-15 01:29:57,night,Excimer,OK
1692079475,51,7.9182525,37.877567,2.9078014,0,2023-08-15 06:04:35,morning,Nd:YAG,WARNING
1692084003,63,34.994675,7.577916,15.180075,0,2023-08-15 07:20:03,morning,Diode,OK
1692106421,27,30.238768,65.93899,6.9915404,0,2023-08-15 13:33:41,morning,Fiber,OK
1692107954,37,72.01987,51.699505,1.2610989,0,2023-08-15 13:59:14,morning,Fiber,OK
1692157172,51,60.89519,47.769596,1.1184777,0,2023-08-16 03:39:32,night,Nd:YAG,OK
1692160496,97,407.59183,75.00829,8.981289,0,2023-08-16 04:34:56,night,Fiber,WARNING
1692175843,99,10.723192,77.118515,9.685345,0,2023-08-16 08:50:43,morning,Excimer,OK
1692180232,21,48.767696,41.418564,7.3760304,0,2023-08-16 10:03:52,morning,Nd:YAG,OK
1692189402,43,51.93125,16.996204,23.730696,0,2023-08-16 12:36:42,morning,Diode,OK
1692200040,57,73.95521,79.62288,17.890335,0,2023-08-16 15:34:00,day,Fiber,OK
1692203573,14,78.57063,27.43691,13.436901,0,2023-08-16 16:32:53,day,Excimer,OK
1692205545,77,42.03769,42.600594,4.080584,0,2023-08-16 17:05:45,day,Fiber,OK
1692219463,88,49.903484,16.210037,0.17913847,0,2023-08-16 20:57:43,day,Diode,OK
1692236873,89,57.049538,65.78283,30.885519,0,2023-08-17 01:47:53,night,Excimer,OK
1692247286,58,14.427187,26.860474,21.044085,0,2023-08-17 04:41:26,night,Diode,OK
1692289977,37,37.085236,55.680428,2.2326362,0,2023-08-17 16:32:57,day,Fiber,OK
1692306542,95,36.29506,26.871891,22.5422,0,2023-08-17 21:09:02,day,CO2,OK
1692365742,93,24.596668,41.720013,2.3947065,0,2023-08-18 13:35:42,morning,Diode,OK
1692383699,63,59.94428,22.75098,0.7052061,0,2023-08-18 18:34:59,day,Diode,OK
1692397190,37,28.697977,51.39307,5.6481705,0,2023-08-18 22:19:50,night,Fiber,OK
1692399737,50,42.786068,47.025436,10.232198,0,2023-08-18 23:02:17,night,CO2,OK
1692403276,47,39.749763,64.03041,8.738899,0,2023-08-19 00:01:16,night,Fiber,OK
1692419563,30,18.164204,53.884903,14.948565,0,2023-08-19 04:32:43,night,CO2,OK
1692422117,90,51.587605,33.561317,7.450797,0,2023-08-19 05:15:17,night,CO2,OK
1692436651,25,26.056997,55.730984,7.2327614,0,2023-08-19 09:17:31,morning,CO2,OK
1692472860,59,39.106655,40.244694,21.876383,0,2023-08-19 19:21:00,day,Excimer,OK
1692537771,64,41.372704,48.938656,9.709325,0,2023-08-20 13:22:51,morning,Excimer,OK
1692563124,17,55.03623,47.995625,9.02089,0,2023-08-20 20:25:24,day,Fiber,OK
1692602262,87,77.62145,50.50137,4.514817,0,2023-08-21 07:17:42,morning,Fiber,ERROR
1692613380,47,78.71941,9.75047,9.52246,0,2023-08-21 10:23:00,morning,Fiber,OK
1692640721,61,64.37919,72.56472,0.17530957,0,2023-08-21 17:58:41,day,Nd:YAG,OK
1692650180,12,90.9469,2.4397337,19.622383,0,2023-08-21 20:36:20,day,Fiber,OK
1692652026,90,99.805176,231.99825,6.8620386,0,2023-08-21 21:07:06,day,CO2,OK
1692653720,98,28.591488,53.30479,8.587551,0,2023-08-21 21:35:20,day,Diode,OK
1692655476,45,47.840984,39.574318,1.2196846,0,2023-08-21 22:04:36,night,CO2,OK
1692738500,91,71.79829,29.46757,3.7965634,0,2023-08-22 21:08:20,day,Nd:YAG,OK
1692742647,53,76.86675,234.22357,16.289654,0,2023-08-22 22:17:27,night,Diode,OK
1692775504,49,36.40127,33.140373,3.541462,0,2023-08-23 07:25:04,morning,Excimer,OK
1692778020,63,52.88668,6.7268815,5.7387185,0,2023-08-23 08:07:00,morning,Diode,OK
1692790973,61,37.07851,7.316933,0.42152458,0,2023-08-23 11:42:53,morning,Nd:YAG,OK
1692796769,49,99.63751,95.060974,0.6754451,0,2023-08-23 13:19:29,morning,Excimer,OK
1692835396,9,66.756645,101.58977,2.4503467,0,2023-08-24 00:03:16,night,Excimer,OK
1692838184,82,73.33455,40.165585,8.885485,0,2023-08-24 00:49:44,night,Fiber,OK
1692854125,1,37.57087,48.47426,3.3953743,0,2023-08-24 05:15:25,night,Nd:YAG,OK
1692868479,89,66.664764,25.452415,17.917665,0,2023-08-24 09:14:39,morning,Excimer,OK
1692886677,11,35.494057,75.97034,7.7783866,0,2023-08-24 14:17:57,day,Nd:YAG,OK
1692887728,49,30.097,39.26082,2.1590283,0,2023-08-24 14:35:28,day,Excimer,OK
1692898946,51,21.898592,60.11813,1.8316354,0,2023-08-24 17:42:26,day,Nd:YAG,OK
1692908566,84,64.897575,20.135008,134.1947,0,2023-08-24 20:22:46,day,Excimer,OK
1692912519,6,85.13417,125.2137,3.4171195,0,2023-08-24 21:28:39,day,Nd:YAG,OK
1692916647,78,7.1753607,72.729485,1.9415091,0,2023-08-24 22:37:27,night,Diode,WARNING
1692938915,70,78.15215,53.494038,4.581327,0,2023-08-25 04:48:35,night,CO2,OK
1692953289,11,52.81263,70.13452,21.903303,0,2023-08-25 08:48:09,morning,Nd:YAG,OK
1692959230,30,44.753902,12.89371,3.5343564,0,2023-08-25 10:27:10,morning,CO2,OK
1692978594,11,96.66214,57.039154,9.593147,0,2023-08-25 15:49:54,day,Nd:YAG,OK
1692986469,73,57.146767,107.840706,7.041675,0,2023-08-25 18:01:09,day,Diode,OK
1692988291,54,26.144169,97.6598,4.3386655,0,2023-08-25 18:31:31,day,Excimer,OK
1692997637,33,99.198555,30.423462,0.28196222,0,2023-08-25 21:07:17,day,Diode,OK
1693007102,96,86.15603,28.629494,90.3204,0,2023-08-25 23:45:02,night,Nd:YAG,OK
1693015204,17,40.67947,9.898662,16.566042,0,2023-08-26 02:00:04,night,Fiber,OK
1693036205,92,46.129055,48.69722,2.9073312,0,2023-08-26 07:50:05,morning,Fiber,OK
1693036496,41,267.64682,53.58972,23.499647,0,2023-08-26 07:54:56,morning,Nd:YAG,WARNING
1693048910,79,96.73338,16.543478,12.229143,0,2023-08-26 11:21:50,morning,Excimer,OK
1693053320,86,110.93686,42.445,3.0283968,0,2023-08-26 12:35:20,morning,Nd:YAG,WARNING
1693063344,58,53.538002,34.4002,8.2913475,0,2023-08-26 15:22:24,day,Diode,OK
1693069727,1,79.5905,132.28313,7.470362,0,2023-08-26 17:08:47,day,Nd:YAG,OK
1693070164,41,29.936853,54.7199,7.126372,0,2023-08-26 17:16:04,day,Nd:YAG,OK
1693071753,52,52.88794,75.356544,15.838392,0,2023-08-26 17:42:33,day,Fiber,OK
1693110093,25,98.01661,39.246986,1.0056429,0,2023-08-27 04:21:33,night,CO2,OK
1693112396,30,79.90236,63.955467,12.795369,0,2023-08-27 04:59:56,night,CO2,OK
1693114110,76,39.532566,70.48323,19.917408,0,2023-08-27 05:28:30,night,Nd:YAG,OK
1693150774,2,19.758915,14.840709,14.819014,0,2023-08-27 15:39:34,day,Fiber,OK
1693235584,10,49.013577,45.449123,0.68728894,0,2023-08-28 15:13:04,day,CO2,OK
1693289730,34,77.194984,63.608856,0.012150656,0,2023-08-29 06:15:30,morning,Excimer,OK
1693325341,52,22.249035,61.12375,5.1683626,0,2023-08-29 16:09:01,day,Fiber,OK
1693328824,64,34.342396,54.265976,6.1433334,0,2023-08-29 17:07:04,day,Excimer,OK
1693330935,98,84.64984,27.912287,12.154272,0,2023-08-29 17:42:15,day,Diode,OK
1693378006,40,7.2766953,68.234085,5.70451,0,2023-08-30 06:46:46,morning,CO2,WARNING
1693386431,17,18.946568,67.26825,25.34852,0,2023-08-30 09:07:11,morning,Fiber,OK
1693431702,40,28.998064,27.878454,10.118763,0,2023-08-30 21:41:42,day,CO2,OK
1693451318,94,45.82366,27.8828,18.632574,0,2023-08-31 03:08:38,night,Excimer,OK
1693459407,62,31.02819,64.85832,0.939641,0,2023-08-31 05:23:27,night,Fiber,OK
1693503840,93,42.540924,54.77809,5.614918,0,2023-08-31 17:44:00,day,Diode,OK
1693505133,89,45.988132,8.56802,5.3685946,0,2023-08-31 18:05:33,day,Excimer,OK
1693512821,96,45.415802,73.56049,14.2350645,0,2023-08-31 20:13:41,day,Nd:YAG,OK
1693519519,90,82.1132,6.410539,9.472764,0,2023-08-31 22:05:19,night,CO2,OK
1693528913,85,27.922789,54.559395,6.9498854,0,2023-09-01 00:41:53,night,CO2,OK
1693538846,14,108.97716,46.462036,71.92483,0,2023-09-01 03:27:26,night,Excimer,WARNING
1693607412,85,58.404125,9.208878,1.184718,0,2023-09-01 22:30:12,night,CO2,OK
1693609755,2,70.35588,93.5981,8.705177,0,2023-09-01 23:09:15,night,Fiber,OK
1693612589,76,56.306984,27.904919,10.586171,0,2023-09-01 23:56:29,night,Nd:YAG,OK
1693614888,94,45.68245,55.844955,20.583437,0,2023-09-02 00:34:48,night,Excimer,OK
1693615526,59,52.4327,23.822495,0.61741275,0,2023-09-02 00:45:26,night,Excimer,OK
1693624505,10,40.232853,26.525177,7.9469194,0,2023-09-02 03:15:05,night,CO2,OK
1693659442,44,14.590093,33.20013,4.2355375,0,2023-09-02 12:57:22,morning,Excimer,OK
1693664849,49,1.7070647,50.84134,7.5852513,0,2023-09-02 14:27:29,day,Excimer,WARNING
1693672424,0,87.78204,48.555622,3.7967494,0,2023-09-02 16:33:44,day,CO2,OK
1693726442,63,329.82474,51.18877,3.6785684,0,2023-09-03 07:34:02,morning,Diode,WARNING
1693731945,4,51.327824,37.157852,11.366838,0,2023-09-03 09:05:45,morning,Excimer,OK
1693762562,52,26.359283,77.78167,9.741141,0,2023-09-03 17:36:02,day,Fiber,OK
1693763753,88,87.283775,36.983875,5.721023,0,2023-09-03 17:55:53,day,Diode,OK
1693779255,1,56.922977,59.328854,15.30177,0,2023-09-03 22:14:15,night,Nd:YAG,OK
1693797224,80,39.859932,33.83303,0.037283998,0,2023-09-04 03:13:44,night,CO2,OK
1693825818,70,36.128445,2.9810169,0.19701003,0,2023-09-04 11:10:18,morning,CO2,OK
1693832946,65,67.03973,41.50331,19.660545,0,2023-09-04 13:09:06,morning,CO2,OK
1693867312,68,76.33623,56.667454,2.8509414,0,2023-09-04 22:41:52,night,Diode,OK
1693870344,66,70.189415,45.257385,18.328665,0,2023-09-04 23:32:24,night,Nd:YAG,OK
1693880577,74,66.859825,77.45111,16.380146,0,2023-09-05 02:22:57,night,Excimer,OK
1693881224,90,67.94489,84.97811,7.3589997,0,2023-09-05 02:33:44,night,CO2,OK
1693889234,31,17.840439,68.88331,7.7013574,0,2023-09-05 04:47:14,night,Nd:YAG,OK
1693900538,46,44.653404,76.06189,7.6740756,0,2023-09-05 07:55:38,morning,Nd:YAG,OK
1693914666,49,43.531376,392.89746,9.365286,0,2023-09-05 11:51:06,morning,Excimer,OK
1693925639,31,68.26151,380.53506,4.9313884,0,2023-09-05 14:53:59,day,Nd:YAG,OK
1693926882,56,49.040466,53.828518,6.89298,0,2023-09-05 15:14:42,day,Nd:YAG,OK
1694029017,47,87.466896,76.93516,2.4047801,0,2023-09-06 19:36:57,day,Fiber,OK
1694037751,23,380.62585,55.598007,11.949927,0,2023-09-06 22:02:31,night,Diode,WARNING
1694038455,68,24.405176,25.378796,12.162258,0,2023-09-06 22:14:15,night,Diode,OK
1694047290,11,67.86027,60.771526,1.7787133,0,2023-09-07 00:41:30,night,Nd:YAG,OK
1694094162,8,33.495037,18.539148,7.7546053,0,2023-09-07 13:42:42,morning,Diode,OK
1694109511,58,23.170437,15.9560175,13.64062,0,2023-09-07 17:58:31,day,Diode,OK
1694126034,66,89.44077,64.41876,6.898181,0,2023-09-07 22:33:54,night,Nd:YAG,OK
1694127803,94,76.04346,98.77299,5.7941375,0,2023-09-07 23:03:23,night,Excimer,OK
1694159242,1,59.28978,123.51678,6.5035734,0,2023-09-08 07:47:22,morning,Nd:YAG,OK
1694160791,41,20.54349,51.586094,3.5406816,0,2023-09-08 08:13:11,morning,Nd:YAG,OK
1694182571,97,79.89821,14.482577,4.88919,0,2023-09-08 14:16:11,day,Fiber,OK
1694239692,81,240.75685,71.62789,4.8131204,0,2023-09-09 06:08:12,morning,Nd:YAG,WARNING
1694256801,38,88.6983,60.593155,22.174538,0,2023-09-09 10:53:21,morning,Diode,OK
1694281379,95,12.966794,51.244904,137.06628,0,2023-09-09 17:42:59,day,CO2,OK
1694288773,4,58.82098,33.04983,7.5982323,0,2023-09-09 19:46:13,day,Excimer,OK
1694317398,56,71.1293,54.41883,4.4069576,0,2023-09-10 03:43:18,night,Nd:YAG,OK
1694328185,68,52.67939,51.915844,3.7561944,0,2023-09-10 06:43:05,morning,Diode,OK
1694337439,30,45.371513,75.5301,8.662603,0,2023-09-10 09:17:19,morning,CO2,OK
1694382934,25,86.649055,53.259113,7.01825,0,2023-09-10 21:55:34,day,CO2,OK
1694390694,44,112.38943,115.614815,7.2609124,0,2023-09-11 00:04:54,night,Excimer,WARNING
1694404212,92,68.814964,0.99761456,0.30325434,0,2023-09-11 03:50:12,night,Fiber,OK
1694406382,55,3.759686,44.82036,9.90676,0,2023-09-11 04:26:22,night,CO2,WARNING
1694413307,98,58.547707,44.7941,0.023929382,0,2023-09-11 06:21:47,morning,Diode,OK
1694425531,81,52.236286,69.0502,5.7820435,0,2023-09-11 09:45:31,morning,Nd:YAG,OK
1694473581,28,39.19065,19.196218,3.3325062,0,2023-09-11 23:06:21,night,Diode,OK
1694479598,41,30.754574,65.40881,16.883919,0,2023-09-12 00:46:38,night,Nd:YAG,OK
1694483429,4,366.1008,61.66868,4.5480685,0,2023-09-12 01:50:29,night,Excimer,WARNING
1694523288,97,24.619654,357.9688,1.1928263,0,2023-09-12 12:54:48,morning,Fiber,OK
1694535966,56,47.059822,51.92714,9.178049,0,2023-09-12 16:26:06,day,Nd:YAG,OK
1694546953,68,36.410564,41.79291,16.55885,0,2023-09-12 19:29:13,day,Diode,OK
1694569263,73,10.721595,69.51432,8.461921,0,2023-09-13 01:41:03,night,Diode,WARNING
1694580781,15,49.45968,88.50361,1.4692643,0,2023-09-13 04:53:01,night,CO2,OK
1694594026,6,101.57733,39.12129,1.6302711,0,2023-09-13 08:33:46,morning,Nd:YAG,WARNING
1694609604,48,58.73543,435.0349,23.85262,0,2023-09-13 12:53:24,morning,Diode,OK
1694616592,54,70.43506,60.996067,16.002893,0,2023-09-13 14:49:52,day,Excimer,OK
1694635044,29,60.69084,86.37164,7.4320083,0,2023-09-13 19:57:24,day,Excimer,OK
1694640084,73,296.09592,18.963041,122.34407,0,2023-09-13 21:21:24,day,Diode,WARNING
1694640114,36,83.099625,36.49826,0.122658625,0,2023-09-13 21:21:54,day,Nd:YAG,OK
1694702219,3,78.81585,73.481514,8.016499,0,2023-09-14 14:36:59,day,Diode,OK
1694737909,6,38.940937,75.3422,22.330147,0,2023-09-15 00:31:49,night,Nd:YAG,OK
1694776810,38,49.856735,57.534676,9.234378,0,2023-09-15 11:20:10,morning,Diode,OK
1694799620,43,43.967026,48.734097,7.4138513,0,2023-09-15 17:40:20,day,Diode,OK
1694800942,48,39.864365,27.854357,7.172281,0,2023-09-15 18:02:22,day,Diode,OK
1694801899,70,57.874172,64.24187,2.4579642,0,2023-09-15 18:18:19,day,CO2,OK
1694809427,74,39.642906,61.979454,9.907075,0,2023-09-15 20:23:47,day,Excimer,OK
1694852660,86,66.197716,62.265896,127.62212,0,2023-09-16 08:24:20,morning,Nd:YAG,OK
1694869448,61,76.29704,84.98463,1.8501765,0,2023-09-16 13:04:08,morning,Nd:YAG,OK
1694869751,54,76.61234,0.34057343,1.3837268,0,2023-09-16 13:09:11,morning,Excimer,OK
1694869918,91,47.071095,11.767062,0.27138147,0,2023-09-16 13:11:58,morning,Nd:YAG,OK
1694881677,47,83.491135,73.789444,2.8565052,0,2023-09-16 16:27:57,day,Fiber,OK
1694896369,18,347.51813,60.74589,6.098666,0,2023-09-16 20:32:49,day,Diode,WARNING
1694904006,30,47.742367,24.188505,0.29137677,0,2023-09-16 22:40:06,night,CO2,OK
1694907303,75,63.52846,72.91352,9.472424,0,2023-09-16 23:35:03,night,CO2,OK
1694913892,6,72.25098,64.862755,6.2566905,0,2023-09-17 01:24:52,night,Nd:YAG,OK
1694925899,25,10.788097,52.453766,11.089048,0,2023-09-17 04:44:59,night,CO2,OK
1694952667,46,45.159836,17.448486,10.977644,0,2023-09-17 12:11:07,morning,Nd:YAG,OK
1694997461,92,102.49722,57.59457,7.866721,0,2023-09-18 00:37:41,night,Fiber,WARNING
1694999151,82,34.741978,53.09556,11.585162,0,2023-09-18 01:05:51,night,Fiber,OK
1695025896,86,19.397095,69.436386,19.64222,0,2023-09-18 08:31:36,morning,Nd:YAG,OK
1695040348,28,85.44902,89.63354,5.942843,0,2023-09-18 12:32:28,morning,Diode,OK
1695047712,36,95.33147,91.645035,10.768201,0,2023-09-18 14:35:12,day,Nd:YAG,OK
1695049772,25,36.659924,222.20787,0.83746177,0,2023-09-18 15:09:32,day,CO2,OK
1695056611,73,337.09537,43.735584,14.925557,0,2023-09-18 17:03:31,day,Diode,WARNING
1695064471,55,100.64034,70.53487,2.528037,0,2023-09-18 19:14:31,day,CO2,OK
1695068939,35,58.17298,84.96328,3.1320448,0,2023-09-18 20:28:59,day,CO2,OK
1695099341,11,56.081173,64.2229,11.539401,0,2023-09-19 04:55:41,night,Nd:YAG,OK
1695104726,24,78.1148,47.13084,7.60585,0,2023-09-19 06:25:26,morning,Excimer,OK
1695122753,52,53.00904,30.419245,7.781927,0,2023-09-19 11:25:53,morning,Fiber,OK
1695157684,74,35.201763,246.18477,14.185712,0,2023-09-19 21:08:04,day,Excimer,OK
1695162853,62,47.425667,13.554889,9.5070915,0,2023-09-19 22:34:13,night,Fiber,OK
1695174551,78,78.99864,64.63657,14.173436,0,2023-09-20 01:49:11,night,Diode,OK
1695174676,60,68.285126,328.81863,2.3921993,0,2023-09-20 01:51:16,night,CO2,OK
1695190083,52,70.691666,62.4516,15.309586,0,2023-09-20 06:08:03,morning,Fiber,OK
1695240813,19,58.876472,66.35665,2.3011827,0,2023-09-20 20:13:33,day,Excimer,OK
1695250570,14,32.08996,12.67516,6.4073105,0,2023-09-20 22:56:10,night,Excimer,OK
1695264744,29,21.0742,47.25932,4.457601,0,2023-09-21 02:52:24,night,Excimer,OK
1695272540,84,20.29299,63.469467,3.2742872,0,2023-09-21 05:02:20,night,Excimer,OK
1695285041,45,48.931236,47.007557,11.515017,0,2023-09-21 08:30:41,morning,CO2,OK
1695285241,5,26.848808,25.862513,6.8697987,0,2023-09-21 08:34:01,morning,CO2,OK
1695290741,13,74.91016,85.17081,9.881627,0,2023-09-21 10:05:41,morning,Diode,OK
1695350618,26,43.60032,40.235138,99.707016,0,2023-09-22 02:43:38,night,Nd:YAG,OK
1695355306,99,78.17033,37.658253,3.108257,0,2023-09-22 04:01:46,night,Excimer,OK
1695416374,26,29.374912,364.7504,1.4925041,0,2023-09-22 20:59:34,day,Nd:YAG,OK
1695420715,89,59.597492,43.473984,8.077231,0,2023-09-22 22:11:55,night,Excimer,OK
1695454632,83,27.339458,61.080437,1.3635466,0,2023-09-23 07:37:12,morning,Diode,OK
1695456653,40,33.26571,59.269245,4.017526,0,2023-09-23 08:10:53,morning,CO2,OK
1695456848,6,86.493744,34.11106,2.4710734,0,2023-09-23 08:14:08,morning,Nd:YAG,OK
1695490316,8,68.90819,89.98974,8.087329,0,2023-09-23 17:31:56,day,Diode,OK
1695540793,23,37.970924,52.873573,20.967772,0,2023-09-24 07:33:13,morning,Diode,OK
1695546818,64,46.01303,80.02735,10.602807,0,2023-09-24 09:13:38,morning,Excimer,OK
1695581089,68,19.29283,17.248852,20.700684,0,2023-09-24 18:44:49,day,Diode,OK
1695582245,64,63.82135,4.789629,1.3021895,0,2023-09-24 19:04:05,day,Excimer,OK
1695647904,1,7.2325454,42.85596,3.9150047,0,2023-09-25 13:18:24,morning,Nd:YAG,WARNING
1695655993,55,54.335957,57.107204,2.8859723,0,2023-09-25 15:33:13,day,CO2,OK
1695657467,20,20.630157,111.49748,7.6151204,0,2023-09-25 15:57:47,day,CO2,OK
1695659448,18,9.436741,21.362045,16.907167,0,2023-09-25 16:30:48,day,Diode,WARNING
1695673110,20,77.233574,82.36936,9.28591,0,2023-09-25 20:18:30,day,CO2,OK
1695731897,47,410.9366,60.84372,2.185194,0,2023-09-26 12:38:17,morning,Fiber,WARNING
1695758298,80,48.318108,76.06603,73.829285,0,2023-09-26 19:58:18,day,CO2,OK
1695825176,26,383.6365,74.26168,4.4687133,0,2023-09-27 14:32:56,day,Nd:YAG,WARNING
1695826216,47,3.003191,36.204716,2.1168911,0,2023-09-27 14:50:16,day,Fiber,WARNING
1695851797,48,39.10552,43.41691,20.155521,0,2023-09-27 21:56:37,day,Diode,OK
1695857645,27,70.50276,83.9647,5.577137,0,2023-09-27 23:34:05,night,Fiber,OK
1695858871,2,49.66375,88.08628,8.865518,0,2023-09-27 23:54:31,night,Fiber,OK
1695875283,92,102.42774,377.03973,15.461005,0,2023-09-28 04:28:03,night,Fiber,WARNING
1695884070,67,25.598999,67.31159,5.5867376,0,2023-09-28 06:54:30,morning,Fiber,OK
1695886582,0,46.553097,97.11001,5.024547,0,2023-09-28 07:36:22,morning,CO2,OK
1695888791,89,66.41913,35.720722,1.9432019,0,2023-09-28 08:13:11,morning,Excimer,OK
1695904423,80,71.39451,39.818535,8.538998,0,2023-09-28 12:33:43,morning,CO2,OK
1695907428,91,60.14011,61.77747,122.80826,0,2023-09-28 13:23:48,morning,Nd:YAG,OK
1695907979,35,42.80901,42.17943,9.306097,0,2023-09-28 13:32:59,morning,CO2,OK
1695908508,54,52.798595,42.837418,3.5789697,0,2023-09-28 13:41:48,morning,Excimer,OK
1695964034,32,7.951266,33.71507,6.4640107,0,2023-09-29 05:07:14,night,Fiber,WARNING
1695978632,3,67.74266,32.416748,17.018627,0,2023-09-29 09:10:32,morning,Diode,OK
1695980153,85,38.432186,13.499826,10.295945,0,2023-09-29 09:35:53,morning,CO2,OK
1696011561,71,31.263092,84.97877,18.600863,0,2023-09-29 18:19:21,day,Nd:YAG,OK
1696028742,3,16.87464,12.310192,4.516235,0,2023-09-29 23:05:42,night,Diode,OK
1696042652,19,70.94738,389.39148,4.5025525,0,2023-09-30 02:57:32,night,Excimer,OK
1696057285,95,33.726044,48.569153,10.0270815,0,2023-09-30 07:01:25,morning,CO2,OK
1696190917,7,1.3214908,66.03588,18.709616,0,2023-10-01 20:08:37,day,Fiber,WARNING
1696214443,92,52.610004,37.01009,0.25360253,0,2023-10-02 02:40:43,night,Fiber,OK
1696214952,15,33.03954,33.57102,10.158667,0,2023-10-02 02:49:12,night,CO2,OK
1696219381,32,79.321686,0.4516516,6.6869397,0,2023-10-02 04:03:01,night,Fiber,OK
1696227127,99,55.60665,28.260838,16.820236,0,2023-10-02 06:12:07,morning,Excimer,OK
1696258040,20,46.709934,10.32734,7.196838,0,2023-10-02 14:47:20,day,CO2,OK
1696275354,29,69.50189,61.755817,7.8850627,0,2023-10-02 19:35:54,day,Excimer,OK
1696294662,43,40.059853,73.06983,12.324059,0,2023-10-03 00:57:42,night,Diode,OK
1696296048,75,56.789017,9.184542,1.4005438,0,2023-10-03 01:20:48,night,CO2,OK
1696347385,71,47.578445,43.10776,1.408851,0,2023-10-03 15:36:25,day,Nd:YAG,OK
1696351534,93,1.9615592,39.14656,8.463148,0,2023-10-03 16:45:34,day,Diode,WARNING
1696359972,69,18.176163,44.76501,11.178063,0,2023-10-03 19:06:12,day,Excimer,OK
1696365111,45,421.90652,52.76018,2.4535205,0,2023-10-03 20:31:51,day,CO2,WARNING
1696399801,85,30.258244,56.368267,23.064163,0,2023-10-04 06:10:01,morning,CO2,OK
1696400310,40,42.26762,26.079184,0.027256148,0,2023-10-04 06:18:30,morning,CO2,OK
1696417896,63,8.980008,20.300749,5.0501485,0,2023-10-04 11:11:36,morning,Diode,WARNING
1696420590,39,36.159847,71.49815,0.32350612,0,2023-10-04 11:56:30,morning,Excimer,OK
1696458365,90,75.16726,42.00006,1.0192742,0,2023-10-04 22:26:05,night,CO2,OK
1696524130,71,40.691517,47.359215,21.033648,0,2023-10-05 16:42:10,day,Nd:YAG,OK
1696526997,13,41.02019,40.834347,1.4322739,0,2023-10-05 17:29:57,day,Diode,OK
1696550084,6,59.95869,37.93474,1.4296734,0,2023-10-05 23:54:44,night,Nd:YAG,OK
1696551459,56,37.414986,61.300774,2.3451955,0,2023-10-06 00:17:39,night,Nd:YAG,OK
1696559267,9,41.730614,1.1169814,7.661751,0,2023-10-06 02:27:47,night,Excimer,OK
1696571272,99,358.64468,52.760384,8.357785,0,2023-10-06 05:47:52,night,Excimer,WARNING
1696651219,79,42.450546,71.96305,17.662624,0,2023-10-07 04:00:19,night,Excimer,OK
1696681904,79,57.715225,37.539413,11.209076,0,2023-10-07 12:31:44,morning,Excimer,OK
1696711471,91,79.49712,70.64538,11.7890625,0,2023-10-07 20:44:31,day,Nd:YAG,OK
1696735972,35,65.180435,22.827053,10.494113,0,2023-10-08 03:32:52,night,CO2,OK
1696753074,60,50.946705,52.359806,67.69785,0,2023-10-08 08:17:54,morning,CO2,OK
1696756841,42,43.960384,27.466557,2.216153,0,2023-10-08 09:20:41,morning,Fiber,OK
1696781008,63,91.12428,8.527914,1.4329809,0,2023-10-08 16:03:28,day,Diode,OK
1696782874,58,74.936584,74.03363,5.765201,0,2023-10-08 16:34:34,day,Diode,OK
1696793416,18,86.29318,68.712585,3.583557,0,2023-10-08 19:30:16,day,Diode,OK
1696826623,21,7.4883265,8.632336,6.621124,0,2023-10-09 04:43:43,night,Nd:YAG,WARNING
1696827041,51,4.3316584,50.829437,2.2036357,0,2023-10-09 04:50:41,night,Nd:YAG,WARNING
1696832897,30,79.216446,52.35596,2.9100468,0,2023-10-09 06:28:17,morning,CO2,OK
1696835703,82,28.62846,346.49127,8.5208025,0,2023-10-09 07:15:03,morning,Fiber,OK
1696863639,91,34.868977,61.68302,9.240468,0,2023-10-09 15:00:39,day,Nd:YAG,OK
1696870392,57,61.144867,62.005184,3.0230827,0,2023-10-09 16:53:12,day,Fiber,OK
1696890960,11,53.99624,22.397787,11.992056,0,2023-10-09 22:36:00,night,Nd:YAG,OK
1696904809,31,70.60016,316.09714,12.385112,0,2023-10-10 02:26:49,night,Nd:YAG,OK
1696907895,31,65.69275,84.38821,5.8732104,0,2023-10-10 03:18:15,night,Nd:YAG,OK
1696909570,79,40.895405,40.237614,8.909288,0,2023-10-10 03:46:10,night,Excimer,OK
1696926345,74,53.01938,44.133602,8.66475,0,2023-10-10 08:25:45,morning,Excimer,OK
1696933253,48,40.323795,63.108746,10.906763,0,2023-10-10 10:20:53,morning,Diode,OK
1696940501,48,53.41828,51.858772,3.4036725,0,2023-10-10 12:21:41,morning,Diode,OK
1696951642,66,49.09731,48.492813,9.661098,0,2023-10-10 15:27:22,day,Nd:YAG,OK
1696960601,20,39.088764,66.3481,6.088556,0,2023-10-10 17:56:41,day,CO2,OK
1696981450,22,33.869556,42.98395,10.210912,0,2023-10-10 23:44:10,night,Fiber,OK
1697002515,15,0.7668061,34.7249,0.4958563,0,2023-10-11 05:35:15,night,CO2,WARNING
1697037924,9,45.729755,21.72724,14.114034,0,2023-10-11 15:25:24,day,Excimer,OK
1697052308,58,52.073616,33.14901,1.6517681,0,2023-10-11 19:25:08,day,Diode,OK
1697069218,63,16.1068,14.015436,4.218647,0,2023-10-12 00:06:58,night,Diode,OK
1697111882,1,84.2117,258.43475,7.8545065,0,2023-10-12 11:58:02,morning,Nd:YAG,OK
1697127219,71,23.143263,46.753967,1.3856242,0,2023-10-12 16:13:39,day,Nd:YAG,OK
1697217944,60,396.9837,57.4918,5.1778092,0,2023-10-13 17:25:44,day,CO2,WARNING
1697235834,20,79.058685,49.919113,1.8516009,0,2023-10-13 22:23:54,night,CO2,OK
1697247048,36,89.1428,44.340508,1.186186,0,2023-10-14 01:30:48,night,Nd:YAG,OK
1697247648,50,79.74876,83.06516,1.3251102,0,2023-10-14 01:40:48,night,CO2,OK
1697247675,13,58.65773,37.26872,5.808368,0,2023-10-14 01:41:15,night,Diode,OK
1697291867,83,43.81489,72.03479,4.076906,0,2023-10-14 13:57:47,morning,Diode,OK
1697296369,75,83.91913,72.601295,0.20779812,0,2023-10-14 15:12:49,day,CO2,OK
1697306507,4,52.945827,88.44016,39.693317,0,2023-10-14 18:01:47,day,Excimer,OK
1697324884,56,31.069424,64.63023,6.6947784,0,2023-10-14 23:08:04,night,Nd:YAG,OK
1697345061,62,89.99898,42.395393,3.1730278,0,2023-10-15 04:44:21,night,Fiber,OK
1697349437,50,49.856335,10.495346,17.016039,0,2023-10-15 05:57:17,night,CO2,OK
1697354504,1,58.777332,44.62856,17.3423,0,2023-10-15 07:21:44,morning,Nd:YAG,OK
1697387969,74,19.463978,34.749527,2.7442522,0,2023-10-15 16:39:29,day,Excimer,OK
1697397992,81,48.533875,46.19472,5.800329,0,2023-10-15 19:26:32,day,Nd:YAG,OK
1697420510,51,46.603848,34.09507,11.674702,0,2023-10-16 01:41:50,night,Nd:YAG,OK
1697432634,12,114.99113,36.66477,69.20838,0,2023-10-16 05:03:54,night,Fiber,WARNING
1697440343,11,58.46679,60.00042,10.311353,0,2023-10-16 07:12:23,morning,Nd:YAG,OK
1697459616,72,51.610786,73.63889,6.444575,0,2023-10-16 12:33:36,morning,Fiber,OK
1697464861,99,43.654537,50.31847,13.879299,0,2023-10-16 14:01:01,day,Excimer,OK
1697479941,44,40.30515,68.880875,145.55386,0,2023-10-16 18:12:21,day,Excimer,OK
1697489539,53,16.27887,20.431332,14.181742,0,2023-10-16 20:52:19,day,Diode,OK
1697497485,74,75.39623,53.329453,8.962151,0,2023-10-16 23:04:45,night,Excimer,OK
1697532810,52,78.3697,8.604363,1.741758,0,2023-10-17 08:53:30,morning,Fiber,OK
1697548993,41,100.870056,43.589035,9.094556,0,2023-10-17 13:23:13,morning,Nd:YAG,WARNING
1697553993,59,45.982204,66.40258,15.065303,0,2023-10-17 14:46:33,day,Excimer,OK
1697632654,25,48.090343,59.230324,3.2102308,0,2023-10-18 12:37:34,morning,CO2,OK
1697641327,12,425.0137,44.116573,1.6746149,0,2023-10-18 15:02:07,day,Fiber,WARNING
1697669554,98,37.106518,9.364604,9.646683,0,2023-10-18 22:52:34,night,Diode,OK
1697671057,52,40.63019,69.18563,14.241667,0,2023-10-18 23:17:37,night,Fiber,OK
1697681889,34,91.151665,38.792915,18.246725,0,2023-10-19 02:18:09,night,Excimer,OK
1697685981,38,87.16424,31.307673,5.1103406,0,2023-10-19 03:26:21,night,Diode,OK
1697745300,47,48.58609,56.658047,3.2081985,0,2023-10-19 19:55:00,day,Fiber,OK
1697769171,52,37.488697,57.99133,2.3949566,0,2023-10-20 02:32:51,night,Fiber,OK
1697792582,87,41.368546,368.57617,0.35648447,0,2023-10-20 09:03:02,morning,Fiber,OK
1697805706,0,27.518963,78.325294,5.2963443,0,2023-10-20 12:41:46,morning,CO2,OK
1697815402,39,72.4816,56.83291,9.852525,0,2023-10-20 15:23:22,day,Excimer,OK
1697830042,6,19.963371,30.498009,15.019024,0,2023-10-20 19:27:22,day,Nd:YAG,OK
1697897569,8,73.092476,236.59856,4.6664457,0,2023-10-21 14:12:49,day,Diode,OK
1697952353,13,60.78341,304.15866,2.7658985,0,2023-10-22 05:25:53,night,Diode,OK
1697982382,28,48.96628,10.597635,2.754671,0,2023-10-22 13:46:22,morning,Diode,OK
1697991181,48,64.58227,85.208206,18.853409,0,2023-10-22 16:13:01,day,Diode,OK
1698002294,71,48.943916,12.048831,5.006628,0,2023-10-22 19:18:14,day,Nd:YAG,OK
1698003386,86,0.3610678,78.67519,2.9637003,0,2023-10-22 19:36:26,day,Nd:YAG,WARNING
1698028452,36,24.291357,14.319176,1.6783173,0,2023-10-23 02:34:12,night,Nd:YAG,OK
1698033026,66,43.179363,62.786663,11.618453,0,2023-10-23 03:50:26,night,Nd:YAG,OK
1698049414,77,48.82245,77.06424,6.0169735,0,2023-10-23 08:23:34,morning,Fiber,OK
1698073417,14,81.83443,51.15018,7.436975,0,2023-10-23 15:03:37,day,Excimer,OK
1698083916,36,54.015335,2.5854623,4.6189623,0,2023-10-23 17:58:36,day,Nd:YAG,OK
1698099872,5,40.145874,37.448597,6.4538336,0,2023-10-23 22:24:32,night,CO2,OK
1698116571,65,39.89634,68.79694,4.3618608,0,2023-10-24 03:02:51,night,CO2,OK
1698119156,47,26.973866,15.023504,7.3319917,0,2023-10-24 03:45:56,night,Fiber,OK
1698120583,53,43.422493,50.385582,3.4867544,0,2023-10-24 04:09:43,night,Diode,OK
1698121259,64,51.094727,21.785505,1.6202404,0,2023-10-24 04:20:59,night,Excimer,OK
1698125166,81,39.005093,54.75905,8.932023,0,2023-10-24 05:26:06,night,Nd:YAG,OK
1698138519,74,38.196938,43.777527,4.9180727,0,2023-10-24 09:08:39,morning,Excimer,OK
1698178121,73,35.540543,20.628105,12.023373,0,2023-10-24 20:08:41,day,Diode,OK
1698218644,55,19.437105,84.939354,10.875649,0,2023-10-25 07:24:04,morning,CO2,OK
1698228880,9,63.468403,39.614407,1.6991429,0,2023-10-25 10:14:40,morning,Excimer,OK
1698240536,63,37.656643,299.68112,1.4997954,0,2023-10-25 13:28:56,morning,Diode,OK
1698247324,53,49.126453,70.82951,0.4018928,0,2023-10-25 15:22:04,day,Diode,OK
1698286158,27,66.222084,79.96351,4.662011,0,2023-10-26 02:09:18,night,Fiber,OK
1698288040,25,10.419847,67.14337,5.0910716,0,2023-10-26 02:40:40,night,CO2,WARNING
1698301462,97,72.83234,106.376976,12.349747,0,2023-10-26 06:24:22,morning,Fiber,OK
1698311533,87,87.13845,49.725967,5.9839954,0,2023-10-26 09:12:13,morning,Fiber,OK
1698320654,60,42.753914,52.98592,8.669877,0,2023-10-26 11:44:14,morning,CO2,OK
1698333280,87,14.844682,65.48512,6.8906193,0,2023-10-26 15:14:40,day,Fiber,OK
1698333781,48,58.788704,82.19891,1.9287783,0,2023-10-26 15:23:01,day,Diode,ERROR
1698334763,92,7.884996,53.455414,5.649008,0,2023-10-26 15:39:23,day,Fiber,WARNING
1698352625,62,95.28704,79.13466,8.770339,0,2023-10-26 20:37:05,day,Fiber,OK
1698362249,83,65.86592,104.42654,11.145259,0,2023-10-26 23:17:29,night,Diode,OK
1698364540,24,42.686607,54.29523,17.397514,0,2023-10-26 23:55:40,night,Excimer,OK
1698370384,86,65.79498,28.297743,7.2115903,0,2023-10-27 01:33:04,night,Nd:YAG,OK
1698377876,7,25.420961,71.901535,12.084698,0,2023-10-27 03:37:56,night,Fiber,OK
1698395835,78,65.39751,69.8923,9.529679,0,2023-10-27 08:37:15,morning,Diode,OK
1698426559,95,48.553085,81.28547,0.3211365,0,2023-10-27 17:09:19,day,CO2,OK
1698435072,14,317.60397,76.86041,2.3772104,0,2023-10-27 19:31:12,day,Excimer,WARNING
1698454164,7,80.55857,50.86247,0.58640754,0,2023-10-28 00:49:24,night,Fiber,OK
1698454672,7,72.75774,21.147276,72.21643,0,2023-10-28 00:57:52,night,Fiber,OK
1698462633,61,47.90018,28.58422,14.793697,0,2023-10-28 03:10:33,night,Nd:YAG,OK
1698463351,58,40.24958,9.79476,7.3646655,0,2023-10-28 03:22:31,night,Diode,OK
1698469099,16,22.847403,31.469675,8.449259,0,2023-10-28 04:58:19,night,Nd:YAG,OK
1698478300,76,27.924984,33.665966,9.783822,0,2023-10-28 07:31:40,morning,Nd:YAG,OK
1698498832,99,51.001804,70.26471,1.7940489,0,2023-10-28 13:13:52,morning,Excimer,OK
1698500901,52,25.819765,63.134335,4.7738433,0,2023-10-28 13:48:21,morning,Fiber,OK
1698529572,20,19.375366,65.127304,9.877975,0,2023-10-28 21:46:12,day,CO2,OK
1698559543,26,39.649532,55.240337,4.3470306,0,2023-10-29 06:05:43,morning,Nd:YAG,OK
1698574420,32,84.91603,89.02901,13.942495,0,2023-10-29 10:13:40,morning,Fiber,OK
1698575088,38,43.26852,44.07771,4.30287,0,2023-10-29 10:24:48,morning,Diode,OK
1698601722,77,51.862633,97.88979,10.967474,0,2023-10-29 17:48:42,day,Fiber,OK
1698610274,92,8.67165,56.220493,9.7732525,0,2023-10-29 20:11:14,day,Fiber,WARNING
1698619443,79,40.757694,350.29837,26.979614,0,2023-10-29 22:44:03,night,Excimer,OK
1698649500,30,78.87393,93.109055,10.1030655,0,2023-10-30 07:05:00,morning,CO2,OK
1698650877,86,51.91218,61.4155,0.23996967,0,2023-10-30 07:27:57,morning,Nd:YAG,OK
1698668054,47,77.20003,44.141136,0.3505985,0,2023-10-30 12:14:14,morning,Fiber,OK
1698675503,77,51.363167,107.286545,2.0107954,0,2023-10-30 14:18:23,day,Fiber,OK
1698681798,78,56.099556,59.91466,11.27554,0,2023-10-30 16:03:18,day,Diode,OK
1698706609,64,63.627983,28.651745,6.4090023,0,2023-10-30 22:56:49,night,Excimer,OK
1698729606,65,19.593262,87.1079,3.9914486,0,2023-10-31 05:20:06,night,CO2,OK
1698746308,25,22.005985,44.919056,0.09488012,0,2023-10-31 09:58:28,morning,CO2,OK
1698777983,98,18.325054,71.25059,11.723368,0,2023-10-31 18:46:23,day,Diode,OK
1698782068,8,42.84084,52.258244,3.921494,0,2023-10-31 19:54:28,day,Diode,OK
1698786743,54,61.956596,1.3530023,22.429798,0,2023-10-31 21:12:23,day,Excimer,OK
1698791557,48,33.647835,28.237131,4.026366,0,2023-10-31 22:32:37,night,Diode,OK
1698820948,18,65.262886,62.72356,113.86921,0,2023-11-01 06:42:28,morning,Diode,OK
1698876223,67,39.89875,68.63602,8.473926,0,2023-11-01 22:03:43,night,Fiber,OK
1698883733,1,89.190735,59.86124,1.8589008,0,2023-11-02 00:08:53,night,Nd:YAG,OK
1698905774,43,38.90397,37.34481,1.392661,0,2023-11-02 06:16:14,morning,Diode,OK
1698921075,57,79.639984,105.26921,2.0139666,0,2023-11-02 10:31:15,morning,Fiber,OK
1698921767,21,82.439354,78.81469,9.457362,0,2023-11-02 10:42:47,morning,Nd:YAG,OK
1698945679,37,89.398636,83.58988,0.093541935,0,2023-11-02 17:21:19,day,Fiber,OK
1698951621,31,74.258965,63.561947,17.823446,0,2023-11-02 19:00:21,day,Nd:YAG,OK
1698961091,72,83.63566,54.795494,6.2602267,0,2023-11-02 21:38:11,day,Fiber,OK
1698978947,39,63.981598,7.980369,9.673773,0,2023-11-03 02:35:47,night,Excimer,OK
1698984658,55,40.577763,53.534634,1.9974444,0,2023-11-03 04:10:58,night,CO2,OK
1698991236,29,31.094805,46.721115,116.618256,0,2023-11-03 06:00:36,morning,Excimer,OK
1699023644,51,36.42898,31.886505,13.28828,0,2023-11-03 15:00:44,day,Nd:YAG,OK
1699028612,33,32.358284,46.549667,13.494258,0,2023-11-03 16:23:32,day,Diode,OK
1699037452,30,56.36681,15.460747,12.224994,0,2023-11-03 18:50:52,day,CO2,OK
1699046061,69,57.377808,47.85458,4.4288416,0,2023-11-03 21:14:21,day,Excimer,OK
1699046721,16,29.198708,108.95214,5.281212,0,2023-11-03 21:25:21,day,Nd:YAG,OK
1699088407,92,65.531624,60.893578,2.161828,0,2023-11-04 09:00:07,morning,Fiber,OK
1699092899,88,49.094063,4.7743564,7.678467,0,2023-11-04 10:14:59,morning,Diode,OK
1699126160,9,46.10625,0.28471303,0.0963774,0,2023-11-04 19:29:20,day,Excimer,OK
1699152196,85,19.071194,35.29262,0.7485455,0,2023-11-05 02:43:16,night,CO2,OK
1699201486,5,39.362854,42.429173,4.91112,0,2023-11-05 16:24:46,day,CO2,OK
1699210308,99,48.7146,55.959316,15.438746,0,2023-11-05 18:51:48,day,Excimer,OK
1699226925,45,361.34735,6.8965697,5.81028,0,2023-11-05 23:28:45,night,CO2,WARNING
1699227439,92,67.014824,43.273415,0.8388024,0,2023-11-05 23:37:19,night,Fiber,OK
1699256560,26,78.3945,1.8386052,14.760026,0,2023-11-06 07:42:40,morning,Nd:YAG,OK
1699322196,70,100.46994,72.97367,1.199409,0,2023-11-07 01:56:36,night,CO2,OK
1699339023,99,32.136856,95.543365,2.3426409,0,2023-11-07 06:37:03,morning,Excimer,OK
1699345280,39,69.86773,74.48363,2.1863737,0,2023-11-07 08:21:20,morning,Excimer,OK
1699366705,50,35.023026,74.88833,15.063566,0,2023-11-07 14:18:25,day,CO2,OK
1699385382,45,36.132114,4.076226,0.18819153,0,2023-11-07 19:29:42,day,CO2,OK
1699423905,60,52.114693,56.598778,7.8908906,0,2023-11-08 06:11:45,morning,CO2,OK
1699448661,1,20.593222,55.188812,2.3693662,0,2023-11-08 13:04:21,morning,Nd:YAG,OK
1699483559,99,95.38638,4.741661,6.9433618,0,2023-11-08 22:45:59,night,Excimer,OK
1699485359,73,2.042485,81.47834,4.3445063,0,2023-11-08 23:15:59,night,Diode,WARNING
1699487453,85,86.74972,30.090244,15.747177,0,2023-11-08 23:50:53,night,CO2,OK
1699492103,2,36.233967,16.324957,7.4398317,0,2023-11-09 01:08:23,night,Fiber,OK
1699514945,30,85.73559,61.945457,13.210844,0,2023-11-09 07:29:05,morning,CO2,OK
1699528095,33,85.19076,21.476385,18.228842,0,2023-11-09 11:08:15,morning,Diode,OK
1699563405,22,57.600967,60.86446,5.8876686,0,2023-11-09 20:56:45,day,Fiber,OK
1699596812,96,272.1776,49.444912,0.25224224,0,2023-11-10 06:13:32,morning,Nd:YAG,WARNING
1699628545,91,71.06434,78.21259,0.28400144,0,2023-11-10 15:02:25,day,Nd:YAG,OK
1699650478,6,79.311195,78.59427,3.5108542,0,2023-11-10 21:07:58,day,Nd:YAG,OK
1699688653,47,41.324802,29.958815,116.16957,0,2023-11-11 07:44:13,morning,Fiber,OK
1699694360,34,9.424389,77.275406,4.112434,0,2023-11-11 09:19:20,morning,Excimer,WARNING
1699708232,66,54.475674,81.39042,4.625781,0,2023-11-11 13:10:32,morning,Nd:YAG,OK
1699750960,63,74.05418,2.6066573,7.1308327,0,2023-11-12 01:02:40,night,Diode,OK
1699776938,79,66.51946,19.50081,1.5073541,0,2023-11-12 08:15:38,morning,Excimer,OK
1699794153,13,62.573452,35.40598,19.36661,0,2023-11-12 13:02:33,morning,Diode,OK
1699805456,60,30.241928,68.43264,0.2080777,0,2023-11-12 16:10:56,day,CO2,OK
1699826194,35,15.511498,29.979088,76.13839,0,2023-11-12 21:56:34,day,CO2,OK
1699832992,8,86.58985,89.22112,13.689151,0,2023-11-12 23:49:52,night,Diode,OK
1699874257,24,82.08299,48.887627,4.476629,0,2023-11-13 11:17:37,morning,Excimer,OK
1699875276,70,89.628136,56.280365,5.117077,0,2023-11-13 11:34:36,morning,CO2,OK
1699882497,8,61.972355,54.122623,16.750107,0,2023-11-13 13:34:57,morning,Diode,OK
1699897084,80,33.593327,102.85611,3.0702128,0,2023-11-13 17:38:04,day,CO2,OK
1699903914,50,31.968334,36.451153,2.6179166,0,2023-11-13 19:31:54,day,CO2,OK
1699947620,29,35.166267,67.88659,18.995619,0,2023-11-14 07:40:20,morning,Excimer,OK
1699950017,12,27.276094,71.13636,0.1465077,0,2023-11-14 08:20:17,morning,Fiber,OK
1699954676,76,8.585958,81.618256,6.2329044,0,2023-11-14 09:37:56,morning,Nd:YAG,WARNING
1699998272,34,46.3454,28.073154,5.350159,0,2023-11-14 21:44:32,day,Excimer,OK
1700010046,23,81.58274,86.50559,0.33829126,0,2023-11-15 01:00:46,night,Diode,OK
1700041651,37,80.144875,56.605167,3.691295,0,2023-11-15 09:47:31,morning,Fiber,OK
1700051029,17,53.809063,358.25748,7.771915,0,2023-11-15 12:23:49,morning,Fiber,OK
1700064831,21,71.9766,42.423088,4.1920733,0,2023-11-15 16:13:51,day,Nd:YAG,OK
1700155554,76,55.98878,20.895096,9.108222,0,2023-11-16 17:25:54,day,Nd:YAG,OK
1700168411,74,52.813652,42.306587,95.25325,0,2023-11-16 21:00:11,day,Excimer,OK
1700169666,7,44.0715,83.56645,2.0839264,0,2023-11-16 21:21:06,day,Fiber,OK
1700178603,86,78.34207,89.88015,10.330692,0,2023-11-16 23:50:03,night,Nd:YAG,OK
1700180033,94,52.613373,53.11016,99.57477,0,2023-11-17 00:13:53,night,Excimer,OK
1700186547,32,34.93443,37.654564,17.388393,0,2023-11-17 02:02:27,night,Fiber,OK
1700215737,86,26.868341,82.41173,5.1425366,0,2023-11-17 10:08:57,morning,Nd:YAG,OK
1700222027,57,18.50648,53.679535,7.596681,0,2023-11-17 11:53:47,morning,Fiber,OK
1700256477,50,86.28044,46.045776,0.903583,0,2023-11-17 21:27:57,day,CO2,OK
1700263621,66,53.778427,25.839344,11.544683,0,2023-11-17 23:27:01,night,Nd:YAG,OK
1700303872,4,57.521328,33.872673,74.058685,0,2023-11-18 10:37:52,morning,Excimer,ERROR
1700307323,3,68.34448,60.359146,9.812201,0,2023-11-18 11:35:23,morning,Diode,OK
1700312243,34,38.484962,325.47147,4.166687,0,2023-11-18 12:57:23,morning,Excimer,OK
1700314417,78,295.0716,20.379879,3.4905338,0,2023-11-18 13:33:37,morning,Diode,WARNING
1700335146,73,54.511524,17.91157,17.01947,0,2023-11-18 19:19:06,day,Diode,OK
1700354246,74,55.5567,45.375904,5.6631775,0,2023-11-19 00:37:26,night,Excimer,OK
1700389590,7,0.59291327,71.97586,8.67674,0,2023-11-19 10:26:30,morning,Fiber,WARNING
1700434979,96,18.113348,50.24393,11.3342,0,2023-11-19 23:02:59,night,Nd:YAG,OK
1700437401,34,86.516464,39.44363,82.46049,0,2023-11-19 23:43:21,night,Excimer,OK
1700454234,44,17.529072,54.365334,21.7953,0,2023-11-20 04:23:54,night,Excimer,OK
1700462820,69,21.940702,40.738655,4.869682,0,2023-11-20 06:47:00,morning,Excimer,OK
1700499352,77,42.370815,79.68242,10.336012,0,2023-11-20 16:55:52,day,Fiber,OK
1700516357,34,86.1363,311.75803,3.6571262,0,2023-11-20 21:39:17,day,Excimer,OK
1700518946,19,20.627886,61.83527,2.267794,0,2023-11-20 22:22:26,night,Excimer,OK
1700535082,97,0.8140647,49.662167,0.7668003,0,2023-11-21 02:51:22,night,Fiber,WARNING
1700564324,85,35.16632,68.72292,26.36408,0,2023-11-21 10:58:44,morning,CO2,OK
1700581562,10,24.842081,34.728645,1.9224949,0,2023-11-21 15:46:02,day,CO2,OK
1700583488,2,55.280087,226.07472,10.804698,0,2023-11-21 16:18:08,day,Fiber,OK
1700599094,76,55.43064,61.273224,4.0039616,0,2023-11-21 20:38:14,day,Nd:YAG,OK
1700635724,84,36.538456,33.841022,4.573706,0,2023-11-22 06:48:44,morning,Excimer,OK
1700652423,61,71.29569,66.458565,3.1248562,0,2023-11-22 11:27:03,morning,Nd:YAG,OK
1700654602,86,115.95698,32.9865,4.398243,0,2023-11-22 12:03:22,morning,Nd:YAG,WARNING
1700668886,26,13.376297,73.39087,135.87967,0,2023-11-22 16:01:26,day,Nd:YAG,OK
1700774164,4,81.53774,66.91159,25.97335,0,2023-11-23 21:16:04,day,Excimer,OK
1700801201,84,26.80642,60.16674,3.248718,0,2023-11-24 04:46:41,night,Excimer,OK
1700822973,58,405.7784,61.579617,12.023618,0,2023-11-24 10:49:33,morning,Diode,WARNING
1700829595,50,43.375477,62.529037,1.8186517,0,2023-11-24 12:39:55,morning,CO2,OK
1700882404,75,328.0045,77.32412,0.26844814,0,2023-11-25 03:20:04,night,CO2,WARNING
1700885442,45,47.124493,4.737589,9.636843,0,2023-11-25 04:10:42,night,CO2,OK
1700902150,46,31.791092,354.1475,0.1651046,0,2023-11-25 08:49:10,morning,Nd:YAG,OK
1700908300,52,87.315674,106.6674,12.050608,0,2023-11-25 10:31:40,morning,Fiber,OK
1700918980,21,47.603786,45.81816,12.540143,0,2023-11-25 13:29:40,morning,Nd:YAG,OK
1700924152,37,97.07207,50.10866,6.2682166,0,2023-11-25 14:55:52,day,Fiber,OK
1700930454,56,61.44437,5.698393,4.395689,0,2023-11-25 16:40:54,day,Nd:YAG,OK
1700947576,41,24.130089,30.677692,5.5095935,0,2023-11-25 21:26:16,day,Nd:YAG,OK
1700984845,18,42.84012,60.78425,11.186724,0,2023-11-26 07:47:25,morning,Diode,OK
1700987406,13,72.65651,15.199476,7.349566,0,2023-11-26 08:30:06,morning,Diode,OK
1700993385,96,12.720758,81.24063,9.533845,0,2023-11-26 10:09:45,morning,Nd:YAG,OK
1700994039,99,61.09118,42.78445,7.519297,0,2023-11-26 10:20:39,morning,Excimer,OK
1701019629,88,13.720881,57.13127,27.103367,0,2023-11-26 17:27:09,day,Diode,ERROR
1701030062,54,49.606186,37.345997,102.50142,0,2023-11-26 20:21:02,day,Excimer,OK
1701041737,61,99.052666,80.97029,1.9721532,0,2023-11-26 23:35:37,night,Nd:YAG,OK
1701066904,38,12.28714,16.756382,10.460694,0,2023-11-27 06:35:04,morning,Diode,OK
1701093862,42,7.3283615,26.363258,17.60332,0,2023-11-27 14:04:22,day,Fiber,WARNING
1701103822,74,13.228002,87.70869,139.79858,0,2023-11-27 16:50:22,day,Excimer,OK
1701117278,68,45.022152,74.68267,3.211242,0,2023-11-27 20:34:38,day,Diode,OK
1701158546,60,28.069233,47.2461,11.990981,0,2023-11-28 08:02:26,morning,CO2,OK
1701168193,76,92.45629,16.656464,0.97782093,0,2023-11-28 10:43:13,morning,Nd:YAG,OK
1701180901,58,57.291073,9.887847,9.636269,0,2023-11-28 14:15:01,day,Diode,OK
1701193557,70,47.156864,3.9493532,12.1108265,0,2023-11-28 17:45:57,day,CO2,OK
1701240629,2,37.60064,34.6736,5.4285436,0,2023-11-29 06:50:29,morning,Fiber,OK
1701243244,16,62.008514,77.88955,22.182545,0,2023-11-29 07:34:04,morning,Nd:YAG,OK
1701270188,97,8.068549,380.69144,3.722102,0,2023-11-29 15:03:08,day,Fiber,ERROR
1701272310,36,53.220753,79.2112,3.577343,0,2023-11-29 15:38:30,day,Nd:YAG,OK
1701274527,93,22.122967,83.111946,7.3912926,0,2023-11-29 16:15:27,day,Diode,OK
1701279595,57,8.620215,77.54343,9.359018,0,2023-11-29 17:39:55,day,Fiber,WARNING
1701292357,45,29.522894,15.053159,10.478286,0,2023-11-29 21:12:37,day,CO2,OK
1701292439,15,34.460056,25.189665,17.61906,0,2023-11-29 21:13:59,day,CO2,OK
1701308137,97,54.613205,71.76908,0.09439635,0,2023-11-30 01:35:37,night,Fiber,OK
1701361796,43,48.464912,39.419197,10.946265,0,2023-11-30 16:29:56,day,Diode,OK
1701412470,20,62.422997,30.757353,15.275352,0,2023-12-01 06:34:30,morning,CO2,OK
1701416806,80,37.05199,20.552483,1.3015747,0,2023-12-01 07:46:46,morning,CO2,OK
1701419741,86,75.89912,35.44539,16.480785,0,2023-12-01 08:35:41,morning,Nd:YAG,OK
1701427738,8,37.440777,415.28647,6.233214,0,2023-12-01 10:48:58,morning,Diode,OK
1701451939,50,63.63337,76.40751,8.754109,0,2023-12-01 17:32:19,day,CO2,OK
1701458151,33,19.295416,28.117298,6.943293,0,2023-12-01 19:15:51,day,Diode,OK
1701462512,87,73.65776,22.099962,9.785551,0,2023-12-01 20:28:32,day,Fiber,OK
1701463242,53,38.508728,30.94068,15.508394,0,2023-12-01 20:40:42,day,Diode,OK
1701471045,84,34.808983,49.89162,0.0037739298,0,2023-12-01 22:50:45,night,Excimer,OK
1701479766,75,44.04979,11.73076,13.969303,0,2023-12-02 01:16:06,night,CO2,OK
1701481944,30,44.672447,32.37667,4.6550536,0,2023-12-02 01:52:24,night,CO2,OK
1701496690,2,18.688393,87.15732,17.722301,0,2023-12-02 05:58:10,night,Fiber,OK
1701525872,77,44.706356,20.525843,5.9068727,0,2023-12-02 14:04:32,day,Fiber,OK
1701533158,78,57.38187,15.917688,18.472967,0,2023-12-02 16:05:58,day,Diode,OK
1701563552,39,49.165676,48.582165,1.623241,0,2023-12-03 00:32:32,night,Excimer,OK
1701565479,36,88.827835,101.86278,0.07617355,0,2023-12-03 01:04:39,night,Nd:YAG,OK
1701566294,95,51.16543,68.1154,2.2291484,0,2023-12-03 01:18:14,night,CO2,OK
1701571674,0,52.651737,23.047024,5.103372,0,2023-12-03 02:47:54,night,CO2,OK
1701592669,98,431.62656,75.888664,9.287672,0,2023-12-03 08:37:49,morning,Diode,WARNING
1701612572,81,53.55035,31.523672,7.9966874,0,2023-12-03 14:09:32,day,Nd:YAG,OK
1701660052,40,60.940144,90.483315,12.531075,0,2023-12-04 03:20:52,night,CO2,OK
1701682546,23,14.839494,56.31374,8.7429085,0,2023-12-04 09:35:46,morning,Diode,OK
1701701420,55,6.946391,96.86586,1.8256087,0,2023-12-04 14:50:20,day,CO2,WARNING
1701705893,72,75.95266,45.371906,10.762538,0,2023-12-04 16:04:53,day,Fiber,OK
1701738005,11,41.46352,71.326836,2.6991513,0,2023-12-05 01:00:05,night,Nd:YAG,OK
1701762347,80,27.400537,74.41934,4.5936666,0,2023-12-05 07:45:47,morning,CO2,OK
1701822905,20,28.600391,58.37755,5.4409313,0,2023-12-06 00:35:05,night,CO2,OK
1701831806,35,55.552555,48.045765,6.242419,0,2023-12-06 03:03:26,night,CO2,OK
1701839319,25,73.73696,33.502182,18.082825,0,2023-12-06 05:08:39,night,CO2,OK
1701849493,53,38.0804,49.08295,8.453895,0,2023-12-06 07:58:13,morning,Diode,OK
1701849679,50,54.71507,395.48962,4.6318607,0,2023-12-06 08:01:19,morning,CO2,OK
1701868435,16,12.198936,71.73715,132.63818,0,2023-12-06 13:13:55,morning,Nd:YAG,OK
1701880303,56,70.18901,31.055367,7.116464,0,2023-12-06 16:31:43,day,Nd:YAG,OK
1701885405,77,98.143555,69.10777,5.5638723,0,2023-12-06 17:56:45,day,Fiber,OK
1701888906,70,51.592377,63.807816,6.2055707,0,2023-12-06 18:55:06,day,CO2,OK
1701897032,27,37.122456,58.514927,2.0749166,0,2023-12-06 21:10:32,day,Fiber,OK
1701976532,16,47.781532,49.175186,1.755262,0,2023-12-07 19:15:32,day,Nd:YAG,OK
1701981396,63,66.01437,19.302626,11.09424,0,2023-12-07 20:36:36,day,Diode,OK
1701983590,69,11.19358,39.69004,1.1748755,0,2023-12-07 21:13:10,day,Excimer,OK
1702001947,33,78.215065,31.487854,6.502238,0,2023-12-08 02:19:07,night,Diode,OK
1702003736,54,61.95711,70.06049,9.365063,0,2023-12-08 02:48:56,night,Excimer,OK
1702017022,30,90.52173,24.525229,10.895213,0,2023-12-08 06:30:22,morning,CO2,OK
1702017482,52,34.944077,16.501312,0.17229351,0,2023-12-08 06:38:02,morning,Fiber,OK
1702025313,36,44.48103,17.160309,10.303579,0,2023-12-08 08:48:33,morning,Nd:YAG,OK
1702042630,0,68.67254,29.833733,1.3602772,0,2023-12-08 13:37:10,morning,CO2,OK
1702048411,41,79.727036,47.897823,12.019658,0,2023-12-08 15:13:31,day,Nd:YAG,OK
1702061009,8,18.03014,67.70159,1.4168249,0,2023-12-08 18:43:29,day,Diode,OK
1702104961,75,35.56941,56.887512,8.860206,0,2023-12-09 06:56:01,morning,CO2,OK
1702106251,28,46.923172,28.186134,1.6731664,0,2023-12-09 07:17:31,morning,Diode,OK
1702168776,67,26.09519,59.016426,7.987053,0,2023-12-10 00:39:36,night,Fiber,OK
1702180852,89,1.8902378,95.08838,14.239566,0,2023-12-10 04:00:52,night,Excimer,WARNING
1702194374,79,13.97544,60.396973,1.5514293,0,2023-12-10 07:46:14,morning,Excimer,OK
1702202000,60,68.549545,37.46126,15.724217,0,2023-12-10 09:53:20,morning,CO2,OK
1702206892,37,269.72397,49.746487,10.80111,0,2023-12-10 11:14:52,morning,Fiber,WARNING
1702225904,55,75.55877,27.211815,0.35358644,0,2023-12-10 16:31:44,day,CO2,OK
1702257747,15,16.609144,54.89687,11.889045,0,2023-12-11 01:22:27,night,CO2,OK
1702316832,49,311.3228,60.77901,16.498125,0,2023-12-11 17:47:12,day,Excimer,WARNING
1702319305,15,46.37864,45.36813,10.913584,0,2023-12-11 18:28:25,day,CO2,OK
1702326806,90,46.358154,278.79706,11.717743,0,2023-12-11 20:33:26,day,CO2,OK
1702358005,43,38.616837,26.686619,0.9488688,0,2023-12-12 05:13:25,night,Diode,OK
1702376102,86,12.325025,92.652794,7.132057,0,2023-12-12 10:15:02,morning,Nd:YAG,OK
1702393139,39,78.9444,51.7563,0.08332566,0,2023-12-12 14:58:59,day,Excimer,OK
1702394114,39,38.867775,53.171482,3.1687548,0,2023-12-12 15:15:14,day,Excimer,ERROR
1702403759,98,53.38257,57.974808,4.091295,0,2023-12-12 17:55:59,day,Diode,OK
1702447977,89,64.23197,64.14661,13.26934,0,2023-12-13 06:12:57,morning,Excimer,OK
1702471357,43,53.338833,49.81086,0.89136153,0,2023-12-13 12:42:37,morning,Diode,OK
1702472048,59,66.77142,54.577053,3.4078588,0,2023-12-13 12:54:08,morning,Excimer,OK
1702506891,32,359.8573,89.26948,72.42163,0,2023-12-13 22:34:51,night,Fiber,WARNING
1702593475,88,87.60922,41.72617,5.5027046,0,2023-12-14 22:37:55,night,Diode,OK
1702606200,65,29.79827,41.754604,16.796171,0,2023-12-15 02:10:00,night,CO2,OK
1702612233,63,348.52798,67.56492,14.205903,0,2023-12-15 03:50:33,night,Diode,WARNING
1702618837,88,65.64118,45.822006,7.1678414,0,2023-12-15 05:40:37,night,Diode,OK
1702630525,93,30.12531,40.596382,3.8882074,0,2023-12-15 08:55:25,morning,Diode,OK
1702642294,3,70.144066,58.782997,6.751147,0,2023-12-15 12:11:34,morning,Diode,OK
1702650505,34,92.13949,62.79228,1.5452417,0,2023-12-15 14:28:25,day,Excimer,OK
1702665882,39,47.179226,36.94896,6.785193,0,2023-12-15 18:44:42,day,Excimer,OK
1702690136,81,56.951836,46.478024,10.436573,0,2023-12-16 01:28:56,night,Nd:YAG,OK
1702734237,76,396.7547,44.287647,6.4557533,0,2023-12-16 13:43:57,morning,Nd:YAG,WARNING
1702760998,42,29.002794,38.222984,5.4366493,0,2023-12-16 21:09:58,day,Fiber,OK
1702772739,70,32.063087,28.112312,14.274682,0,2023-12-17 00:25:39,night,CO2,OK
1702778176,9,26.170868,19.576614,9.011669,0,2023-12-17 01:56:16,night,Excimer,OK
1702793988,20,40.475838,30.179514,14.68653,0,2023-12-17 06:19:48,morning,CO2,OK
1702814669,45,47.865578,34.895752,13.975262,0,2023-12-17 12:04:29,morning,CO2,OK
1702864391,12,6.5560465,55.56732,11.7787485,0,2023-12-18 01:53:11,night,Fiber,WARNING
1702867455,3,25.572515,47.582905,12.401881,0,2023-12-18 02:44:15,night,Diode,OK
1702886635,62,56.017036,60.26596,84.57498,0,2023-12-18 08:03:55,morning,Fiber,OK
1702905202,72,8.190387,90.09338,4.539843,0,2023-12-18 13:13:22,morning,Fiber,WARNING
1702909204,69,88.498764,72.03548,113.137375,0,2023-12-18 14:20:04,day,Excimer,OK
1702918142,22,30.45189,395.08176,7.7721395,0,2023-12-18 16:49:02,day,Fiber,OK
1702925484,41,32.175926,97.00865,12.609468,0,2023-12-18 18:51:24,day,Nd:YAG,OK
1702973600,44,64.2419,38.01148,19.423368,0,2023-12-19 08:13:20,morning,Excimer,OK
1702976408,46,94.27722,95.373764,3.364573,0,2023-12-19 09:00:08,morning,Nd:YAG,OK
1703002754,74,65.953476,9.9327,10.523255,0,2023-12-19 16:19:14,day,Excimer,OK
1703004412,10,51.217335,69.6089,0.7979616,0,2023-12-19 16:46:52,day,CO2,ERROR
1703004858,14,31.400331,21.69989,144.81927,0,2023-12-19 16:54:18,day,Excimer,OK
1703023819,74,53.68637,58.115597,6.0323925,0,2023-12-19 22:10:19,night,Excimer,OK
1703031819,81,54.583164,32.34852,5.657272,0,2023-12-20 00:23:39,night,Nd:YAG,OK
1703050861,5,92.10213,44.418587,0.22020698,0,2023-12-20 05:41:01,night,CO2,OK
1703056177,0,52.868317,88.698425,11.906225,0,2023-12-20 07:09:37,morning,CO2,OK
1703077764,45,56.45288,50.00648,21.591047,0,2023-12-20 13:09:24,morning,CO2,OK
1703112226,91,80.6826,84.085945,11.496423,0,2023-12-20 22:43:46,night,Nd:YAG,OK
1703115454,47,46.708538,57.399757,2.4191906,0,2023-12-20 23:37:34,night,Fiber,OK
1703122043,24,39.003216,55.931374,23.057981,0,2023-12-21 01:27:23,night,Excimer,OK
1703143537,90,58.47431,105.74334,3.619961,0,2023-12-21 07:25:37,morning,CO2,OK
1703153203,69,30.839703,7.989448,2.5793421,0,2023-12-21 10:06:43,morning,Excimer,OK
1703189748,17,262.63556,66.108444,6.7353573,0,2023-12-21 20:15:48,day,Fiber,WARNING
1703197944,81,72.23737,63.402924,8.976504,0,2023-12-21 22:32:24,night,Nd:YAG,OK
1703200582,4,41.73016,48.986515,108.21116,0,2023-12-21 23:16:22,night,Excimer,OK
1703229926,50,43.75039,280.8427,9.809076,0,2023-12-22 07:25:26,morning,CO2,OK
1703231596,88,54.994614,89.73656,115.55517,0,2023-12-22 07:53:16,morning,Diode,OK
1703237720,57,59.229504,56.724133,2.160498,0,2023-12-22 09:35:20,morning,Fiber,OK
1703274656,45,70.76381,54.74568,3.0168612,0,2023-12-22 19:50:56,day,CO2,OK
1703328951,22,19.99771,11.575608,4.6670594,0,2023-12-23 10:55:51,morning,Fiber,OK
1703348898,61,61.30904,79.274536,13.073388,0,2023-12-23 16:28:18,day,Nd:YAG,OK
1703355313,17,61.86217,28.024624,11.994246,0,2023-12-23 18:15:13,day,Fiber,OK
1703359024,95,51.990902,68.19098,2.7628262,0,2023-12-23 19:17:04,day,CO2,OK
1703367267,35,22.139961,36.047424,4.649264,0,2023-12-23 21:34:27,day,CO2,OK
1703371275,90,31.917377,83.20479,108.67649,0,2023-12-23 22:41:15,night,CO2,OK
1703413132,23,34.584095,63.749176,5.36709,0,2023-12-24 10:18:52,morning,Diode,OK
1703426717,18,61.464645,35.607136,3.503124,0,2023-12-24 14:05:17,day,Diode,OK
1703435384,94,87.77597,29.866655,6.0793967,0,2023-12-24 16:29:44,day,Excimer,OK
1703454917,3,53.171986,91.67264,2.7337198,0,2023-12-24 21:55:17,day,Diode,OK
1703474742,39,48.678448,44.680813,13.422977,0,2023-12-25 03:25:42,night,Excimer,OK
1703487359,82,1.2198813,93.38972,3.5665305,0,2023-12-25 06:55:59,morning,Fiber,WARNING
1703511083,12,36.185085,40.670692,1.997984,0,2023-12-25 13:31:23,morning,Fiber,OK
1703586329,24,61.924892,28.508133,1.3280951,0,2023-12-26 10:25:29,morning,Excimer,OK
1703587368,26,82.96726,35.636078,8.621717,0,2023-12-26 10:42:48,morning,Nd:YAG,OK
1703606708,77,14.5284605,80.449356,5.0404367,0,2023-12-26 16:05:08,day,Fiber,OK
1703670951,76,69.169655,66.47712,10.093542,0,2023-12-27 09:55:51,morning,Nd:YAG,OK
1703683667,68,93.15047,47.656,5.555376,0,2023-12-27 13:27:47,morning,Diode,OK
1703690308,13,11.466488,39.86849,4.99969,0,2023-12-27 15:18:28,day,Diode,OK
1703701902,66,31.053074,62.799103,2.8603287,0,2023-12-27 18:31:42,day,Nd:YAG,OK
1703722699,74,16.555006,65.03421,76.32527,0,2023-12-28 00:18:19,night,Excimer,OK
1703736902,58,64.806366,87.597664,7.229359,0,2023-12-28 04:15:02,night,Diode,OK
1703759111,92,90.07698,56.47043,2.2720964,0,2023-12-28 10:25:11,morning,Fiber,OK
1703762905,73,33.17796,42.503693,1.8297472,0,2023-12-28 11:28:25,morning,Diode,OK
1703833619,94,48.187336,90.07705,2.3724463,0,2023-12-29 07:06:59,morning,Excimer,OK
1703841210,18,80.971275,45.117428,12.839816,0,2023-12-29 09:13:30,morning,Diode,OK
1703842426,61,6.6614485,4.574423,5.476565,0,2023-12-29 09:33:46,morning,Nd:YAG,WARNING
1703857376,96,32.081886,67.547844,0.3605333,0,2023-12-29 13:42:56,morning,Nd:YAG,OK
1703879025,22,95.79237,65.14522,3.643071,0,2023-12-29 19:43:45,day,Fiber,OK
1703902849,79,62.36156,65.54999,1.4682201,0,2023-12-30 02:20:49,night,Excimer,OK
1703903112,58,0.19446331,61.48184,9.642235,0,2023-12-30 02:25:12,night,Diode,WARNING
1703903576,74,19.261312,22.746002,0.9388863,0,2023-12-30 02:32:56,night,Excimer,OK
1703916954,91,263.52292,73.36449,6.6087813,0,2023-12-30 06:15:54,morning,Nd:YAG,WARNING
1703955235,85,56.343964,47.539642,0.9097552,0,2023-12-30 16:53:55,day,CO2,OK
1703967907,78,29.404503,47.859344,2.03391,0,2023-12-30 20:25:07,day,Diode,OK
1703976931,57,64.96305,90.23513,6.920065,0,2023-12-30 22:55:31,night,Fiber,OK
1704003972,52,61.24661,93.25256,2.1505158,0,2023-12-31 06:26:12,morning,Fiber,OK
1704006051,28,32.22533,37.371166,12.189887,0,2023-12-31 07:00:51,morning,Diode,OK
1704020993,37,61.678448,69.021545,2.7152884,0,2023-12-31 11:09:53,morning,Fiber,OK
1704022518,31,57.64708,17.326868,5.7145953,0,2023-12-31 11:35:18,morning,Nd:YAG,OK
1704023682,63,36.409443,32.92355,5.4699264,0,2023-12-31 11:54:42,morning,Diode,OK
1704047523,55,42.78214,20.977076,8.474277,0,2023-12-31 18:32:03,day,CO2,OK
1704066593,41,86.53934,105.03868,11.192609,0,2023-12-31 23:49:53,night,Nd:YAG,OK
1704086210,34,37.02086,42.125153,102.32594,0,2024-01-01 05:16:50,night,Excimer,OK
1704095255,69,40.050312,8.704964,0.06321948,0,2024-01-01 07:47:35,morning,Excimer,OK
1704206263,43,55.61411,55.71965,5.767016,0,2024-01-02 14:37:43,day,Diode,OK
1704242619,4,30.546099,57.27119,15.444428,0,2024-01-03 00:43:39,night,Excimer,OK
1704252501,96,5.57013,2.5826876,0.37163484,0,2024-01-03 03:28:21,night,Nd:YAG,WARNING
1704256902,25,37.01755,47.75745,8.924345,0,2024-01-03 04:41:42,night,CO2,OK
1704261508,34,13.467269,30.137701,4.020806,0,2024-01-03 05:58:28,night,Excimer,OK
1704337924,31,64.89378,21.61838,9.11305,0,2024-01-04 03:12:04,night,Nd:YAG,OK
1704344337,55,38.010883,90.37461,2.6854875,0,2024-01-04 04:58:57,night,CO2,OK
1704348027,33,103.99965,41.752388,6.816726,0,2024-01-04 06:00:27,morning,Diode,WARNING
1704350659,78,3.5406651,82.75099,8.987316,0,2024-01-04 06:44:19,morning,Diode,WARNING
1704361904,79,54.543247,55.54082,15.836862,0,2024-01-04 09:51:44,morning,Excimer,OK
1704370224,78,107.36182,33.665672,8.508775,0,2024-01-04 12:10:24,morning,Diode,WARNING
1704399554,27,40.84121,29.504566,1.566987,0,2024-01-04 20:19:14,day,Fiber,OK
1704405651,77,26.598389,72.143585,0.2729434,0,2024-01-04 22:00:51,night,Fiber,OK
1704413743,77,52.451923,84.069466,5.2471232,0,2024-01-05 00:15:43,night,Fiber,OK
1704435944,83,60.842346,65.19221,0.4530793,0,2024-01-05 06:25:44,morning,Diode,OK
1704466109,13,38.8303,58.27039,145.11388,0,2024-01-05 14:48:29,day,Diode,OK
1704468314,96,51.16126,254.20253,9.750611,0,2024-01-05 15:25:14,day,Nd:YAG,OK
1704483682,98,30.606558,78.75973,4.1058893,0,2024-01-05 19:41:22,day,Diode,OK
1704542936,99,56.819954,83.96247,10.174677,0,2024-01-06 12:08:56,morning,Excimer,OK
1704550448,69,12.153075,50.97618,14.893768,0,2024-01-06 14:14:08,day,Excimer,OK
1704567256,32,19.245861,19.42281,13.849566,0,2024-01-06 18:54:16,day,Fiber,OK
1704634102,7,115.360756,61.522236,3.897555,0,2024-01-07 13:28:22,morning,Fiber,WARNING
1704657635,51,40.392223,88.26576,3.2873096,0,2024-01-07 20:00:35,day,Nd:YAG,OK
1704701077,87,93.9103,12.1105385,18.486958,0,2024-01-08 08:04:37,morning,Fiber,OK
1704735383,79,96.01039,47.36863,7.7134666,0,2024-01-08 17:36:23,day,Excimer,OK
1704737656,96,52.802032,64.93527,8.051803,0,2024-01-08 18:14:16,day,Nd:YAG,OK
1704737981,77,22.042921,67.58783,5.7818832,0,2024-01-08 18:19:41,day,Fiber,OK
1704773368,9,40.714844,82.18043,0.49415317,0,2024-01-09 04:09:28,night,Excimer,OK
1704778981,5,404.50366,41.422188,14.890107,0,2024-01-09 05:43:01,night,CO2,WARNING
1704782653,84,70.02405,24.989841,8.278691,0,2024-01-09 06:44:13,morning,Excimer,OK
1704873048,13,19.571545,56.21259,9.703749,0,2024-01-10 07:50:48,morning,Diode,OK
1704881223,2,47.52611,74.55022,0.25043198,0,2024-01-10 10:07:03,morning,Fiber,OK
1704895992,2,68.27969,52.162945,11.71689,0,2024-01-10 14:13:12,day,Fiber,OK
1704922229,59,40.74729,76.98991,0.06906657,0,2024-01-10 21:30:29,day,Excimer,OK
1704975520,37,54.94484,41.98245,6.251895,0,2024-01-11 12:18:40,morning,Fiber,OK
1704983180,5,46.92905,46.60189,3.8640738,0,2024-01-11 14:26:20,day,CO2,OK
1704988498,87,57.92582,64.76805,7.7741694,0,2024-01-11 15:54:58,day,Fiber,OK
1704994915,92,90.83623,25.27499,1.1699097,0,2024-01-11 17:41:55,day,Fiber,OK
1705017787,85,45.441322,30.055294,6.5483375,0,2024-01-12 00:03:07,night,CO2,OK
1705024834,73,24.267004,65.28517,12.70127,0,2024-01-12 02:00:34,night,Diode,OK
1705044507,64,43.363224,28.196625,5.4599133,0,2024-01-12 07:28:27,morning,Excimer,OK
1705058909,15,6.4665,39.404716,9.168921,0,2024-01-12 11:28:29,morning,CO2,WARNING
1705059165,43,49.696224,42.37679,5.220118,0,2024-01-12 11:32:45,morning,Diode,OK
1705092086,3,75.64159,50.07026,12.084628,0,2024-01-12 20:41:26,day,Diode,OK
1705092622,86,27.912058,8.229536,3.966979,0,2024-01-12 20:50:22,day,Nd:YAG,OK
1705136806,88,52.125107,55.96115,6.474894,0,2024-01-13 09:06:46,morning,Diode,OK
1705175091,50,44.906796,33.48867,6.5916243,0,2024-01-13 19:44:51,day,CO2,OK
1705178832,3,35.755573,49.7363,5.52603,0,2024-01-13 20:47:12,day,Diode,OK
1705181877,56,20.08759,46.15541,5.608819,0,2024-01-13 21:37:57,day,Nd:YAG,OK
1705195584,78,65.72416,65.53968,8.301301,0,2024-01-14 01:26:24,night,Diode,OK
1705198706,98,52.264893,61.904507,3.3182151,0,2024-01-14 02:18:26,night,Diode,OK
1705204956,13,36.5274,57.73783,10.381177,0,2024-01-14 04:02:36,night,Diode,OK
1705208902,64,27.585808,61.99633,18.814219,0,2024-01-14 05:08:22,night,Excimer,OK
1705217555,59,47.349026,66.567505,16.271513,0,2024-01-14 07:32:35,morning,Excimer,OK
1705224982,48,50.307796,74.70778,4.5875983,0,2024-01-14 09:36:22,morning,Diode,OK
1705247166,5,72.61096,87.329704,12.054225,0,2024-01-14 15:46:06,day,CO2,OK
1705325346,81,40.61103,67.025566,5.481526,0,2024-01-15 13:29:06,morning,Nd:YAG,OK
1705327325,42,34.07158,74.694496,19.721972,0,2024-01-15 14:02:05,day,Fiber,OK
1705342925,95,54.0177,78.57695,28.960518,0,2024-01-15 18:22:05,day,CO2,OK
1705347829,68,103.727356,80.78674,12.591999,0,2024-01-15 19:43:49,day,Diode,WARNING
1705351463,34,20.309906,20.335989,21.901213,0,2024-01-15 20:44:23,day,Excimer,OK
1705373346,9,424.15936,39.535072,112.58461,0,2024-01-16 02:49:06,night,Excimer,WARNING
1705395127,13,0.8443845,52.972748,7.2781296,0,2024-01-16 08:52:07,morning,Diode,WARNING
1705405355,21,21.929722,63.708122,1.912361,0,2024-01-16 11:42:35,morning,Nd:YAG,OK
1705447890,84,10.332594,46.276756,11.725002,0,2024-01-16 23:31:30,night,Excimer,WARNING
1705466530,11,16.490461,20.001015,3.599873,0,2024-01-17 04:42:10,night,Nd:YAG,OK
1705479774,20,39.747807,84.13332,12.352915,0,2024-01-17 08:22:54,morning,CO2,OK
1705551166,24,16.513105,23.427052,12.037601,0,2024-01-18 04:12:46,night,Excimer,OK
1705579804,77,108.99361,25.547506,19.558374,0,2024-01-18 12:10:04,morning,Fiber,WARNING
1705581577,9,279.66153,73.32803,1.3109741,0,2024-01-18 12:39:37,morning,Excimer,WARNING
1705594858,73,39.021774,58.210155,109.48718,0,2024-01-18 16:20:58,day,Diode,OK
1705599618,43,3.427343,74.5386,5.4663353,0,2024-01-18 17:40:18,day,Diode,WARNING
1705625578,61,14.219511,44.69057,1.1130863,0,2024-01-19 00:52:58,night,Nd:YAG,OK
1705627798,24,55.24439,19.605034,7.425615,0,2024-01-19 01:29:58,night,Excimer,OK
1705627921,52,47.256557,99.8728,8.849534,0,2024-01-19 01:32:01,night,Fiber,OK
1705634554,89,82.7866,45.088837,7.049733,0,2024-01-19 03:22:34,night,Excimer,OK
1705660062,73,102.72386,25.740921,1.4699888,0,2024-01-19 10:27:42,morning,Diode,WARNING
1705688646,72,44.215996,56.004063,9.524061,0,2024-01-19 18:24:06,day,Fiber,OK
1705723409,71,36.186127,77.46033,14.315575,0,2024-01-20 04:03:29,night,Nd:YAG,OK
1705733137,66,37.13558,37.797768,5.02932,0,2024-01-20 06:45:37,morning,Nd:YAG,OK
1705736571,94,64.17976,63.697857,3.938397,0,2024-01-20 07:42:51,morning,Excimer,OK
1705776844,33,30.68306,61.632347,21.205019,0,2024-01-20 18:54:04,day,Diode,OK
1705788298,1,4.8820558,33.399483,7.4126563,0,2024-01-20 22:04:58,night,Nd:YAG,WARNING
1705811327,83,24.585066,26.13256,4.0909834,0,2024-01-21 04:28:47,night,Diode,OK
1705812027,16,104.76997,49.382492,0.8855214,0,2024-01-21 04:40:27,night,Nd:YAG,WARNING
1705818404,40,59.25873,35.425873,4.251597,0,2024-01-21 06:26:44,morning,CO2,OK
1705825996,63,32.658337,80.03345,13.2455015,0,2024-01-21 08:33:16,morning,Diode,OK
1705901144,72,46.010193,42.713383,8.577435,0,2024-01-22 05:25:44,night,Fiber,OK
1705921565,33,68.51655,33.307693,8.523087,0,2024-01-22 11:06:05,morning,Diode,OK
1705924688,7,57.83478,31.62026,7.889463,0,2024-01-22 11:58:08,morning,Fiber,OK
1705931382,13,57.66164,51.106373,7.9231906,0,2024-01-22 13:49:42,morning,Diode,OK
1705944591,43,42.970493,27.91191,14.489045,0,2024-01-22 17:29:51,day,Diode,OK
1705969016,75,41.4425,92.467064,18.236282,0,2024-01-23 00:16:56,night,CO2,OK
1705972938,22,49.173553,62.610703,73.31686,0,2024-01-23 01:22:18,night,Fiber,OK
1705976329,68,34.540077,78.862785,119.61882,0,2024-01-23 02:18:49,night,Diode,OK
1705978815,37,2.9517581,45.861286,7.18748,0,2024-01-23 03:00:15,night,Fiber,WARNING
1705986989,27,43.229633,46.539383,3.0383892,0,2024-01-23 05:16:29,night,Fiber,OK
1705995880,16,47.9865,74.454926,17.811361,0,2024-01-23 07:44:40,morning,Nd:YAG,OK
1705998075,68,90.48405,69.59905,13.648622,0,2024-01-23 08:21:15,morning,Diode,OK
1706004094,28,237.43677,33.859695,1.3401968,0,2024-01-23 10:01:34,morning,Diode,WARNING
1706004284,51,26.19322,56.59317,4.1749067,0,2024-01-23 10:04:44,morning,Nd:YAG,OK
1706006520,70,10.103967,26.76839,3.8877847,0,2024-01-23 10:42:00,morning,CO2,WARNING
1706015340,80,33.30264,59.464596,11.31532,0,2024-01-23 13:09:00,morning,CO2,OK
1706033489,3,49.688957,47.290714,9.515637,0,2024-01-23 18:11:29,day,Diode,OK
1706055432,79,22.532255,51.990658,5.461514,0,2024-01-24 00:17:12,night,Excimer,OK
1706085591,70,31.99796,43.318157,5.075488,0,2024-01-24 08:39:51,morning,CO2,OK
1706097551,87,18.972422,83.70219,21.21118,0,2024-01-24 11:59:11,morning,Fiber,OK
1706152120,13,31.424393,79.17736,5.039729,0,2024-01-25 03:08:40,night,Diode,OK
1706153003,95,29.48522,65.10882,11.8876095,0,2024-01-25 03:23:23,night,CO2,OK
1706154562,17,73.01735,47.99446,8.053755,0,2024-01-25 03:49:22,night,Fiber,OK
1706173035,61,50.675724,83.35616,0.80857706,0,2024-01-25 08:57:15,morning,Nd:YAG,OK
1706206654,24,51.797035,323.70438,115.116806,0,2024-01-25 18:17:34,day,Excimer,OK
1706234050,56,50.374523,50.56466,13.784696,0,2024-01-26 01:54:10,night,Nd:YAG,OK
1706277890,48,67.171234,40.35407,15.664421,0,2024-01-26 14:04:50,day,Diode,OK
1706282871,55,108.85291,50.112087,9.391403,0,2024-01-26 15:27:51,day,CO2,WARNING
1706296536,25,85.04546,67.86193,2.1627958,0,2024-01-26 19:15:36,day,CO2,OK
1706296610,95,19.196917,50.075348,16.42974,0,2024-01-26 19:16:50,day,CO2,OK
1706301952,88,41.618,48.293423,8.87998,0,2024-01-26 20:45:52,day,Diode,OK
1706320805,76,71.65712,41.00641,78.267105,0,2024-01-27 02:00:05,night,Nd:YAG,OK
1706342191,28,60.087536,18.544552,4.064036,0,2024-01-27 07:56:31,morning,Diode,OK
1706362396,39,51.872868,13.122756,71.85699,0,2024-01-27 13:33:16,morning,Excimer,OK
1706362858,20,360.73096,381.91266,1.1281011,0,2024-01-27 13:40:58,morning,CO2,WARNING
1706377577,84,65.87455,54.894188,0.36721694,0,2024-01-27 17:46:17,day,Excimer,OK
1706403781,5,20.827515,74.7217,0.08400054,0,2024-01-28 01:03:01,night,CO2,OK
1706447398,2,41.697163,11.344714,0.023782983,0,2024-01-28 13:09:58,morning,Fiber,OK
1706448957,84,31.570717,78.72024,71.52931,0,2024-01-28 13:35:57,morning,Excimer,OK
1706465711,0,68.32978,54.910957,6.1227865,0,2024-01-28 18:15:11,day,CO2,OK
1706561462,11,39.83403,45.972103,8.544915,0,2024-01-29 20:51:02,day,Nd:YAG,OK
1706574422,11,5.3647556,60.889103,5.7235885,0,2024-01-30 00:27:02,night,Nd:YAG,WARNING
1706636715,51,81.32575,15.919424,5.0047374,0,2024-01-30 17:45:15,day,Nd:YAG,OK
1706638392,13,84.43105,53.620537,21.092857,0,2024-01-30 18:13:12,day,Diode,OK
1706678906,92,3.0268438,9.031631,6.039924,0,2024-01-31 05:28:26,night,Fiber,WARNING
1706683217,21,81.89557,47.262463,4.2758656,0,2024-01-31 06:40:17,morning,Nd:YAG,OK
1706685018,80,30.639585,329.30002,7.4441266,0,2024-01-31 07:10:18,morning,CO2,OK
1706700159,7,5.362556,118.21097,4.689032,0,2024-01-31 11:22:39,morning,Fiber,WARNING
1706703710,44,36.200783,69.18616,24.858103,0,2024-01-31 12:21:50,morning,Excimer,OK
1706751463,81,33.478756,50.70785,9.290083,0,2024-02-01 01:37:43,night,Nd:YAG,OK
1706755373,63,9.837044,78.67403,0.36540297,0,2024-02-01 02:42:53,night,Diode,WARNING
1706764719,84,27.113783,53.31589,4.773624,0,2024-02-01 05:18:39,night,Excimer,OK
1706765205,81,30.51863,62.868908,11.129196,0,2024-02-01 05:26:45,night,Nd:YAG,OK
1706766731,88,87.6774,10.905352,1.3777974,0,2024-02-01 05:52:11,night,Diode,OK
1706799239,22,65.15525,33.91249,4.6619463,0,2024-02-01 14:53:59,day,Fiber,OK
1706801100,12,89.05303,73.31108,137.30463,0,2024-02-01 15:25:00,day,Fiber,OK
1706828519,49,66.80886,24.096111,15.090439,0,2024-02-01 23:01:59,night,Excimer,OK
1706845629,18,31.57161,10.841087,3.331871,0,2024-02-02 03:47:09,night,Diode,OK
1706854175,31,117.2611,35.304928,10.654641,0,2024-02-02 06:09:35,morning,Nd:YAG,WARNING
1706896358,50,29.475615,31.889275,11.05845,0,2024-02-02 17:52:38,day,CO2,OK
1706932695,27,82.15756,103.55238,15.412157,0,2024-02-03 03:58:15,night,Fiber,OK
1706972742,43,13.371644,51.8599,5.3535757,0,2024-02-03 15:05:42,day,Diode,OK
1707013263,69,30.804977,21.897905,7.393192,0,2024-02-04 02:21:03,night,Excimer,OK
1707023244,92,43.319935,50.069527,15.610364,0,2024-02-04 05:07:24,night,Fiber,OK
1707043898,96,33.11424,90.91573,109.14081,0,2024-02-04 10:51:38,morning,Nd:YAG,OK
1707051900,55,43.456787,49.331642,11.23715,0,2024-02-04 13:05:00,morning,CO2,OK
1707074228,8,46.56703,65.013565,2.6087832,0,2024-02-04 19:17:08,day,Diode,OK
1707078702,47,51.585354,39.788403,127.24444,0,2024-02-04 20:31:42,day,Fiber,OK
1707175634,87,82.135635,56.445602,2.8371441,0,2024-02-05 23:27:14,night,Fiber,OK
1707191130,19,46.498817,31.670757,8.142776,0,2024-02-06 03:45:30,night,Excimer,OK
1707194455,89,65.6142,111.34696,108.00645,0,2024-02-06 04:40:55,night,Excimer,OK
1707200620,83,17.128096,52.882877,11.558117,0,2024-02-06 06:23:40,morning,Diode,OK
1707208097,76,72.49292,60.491566,10.834708,0,2024-02-06 08:28:17,morning,Nd:YAG,OK
1707209873,47,379.10318,1.2963115,16.829615,0,2024-02-06 08:57:53,morning,Fiber,WARNING
1707218708,10,15.436016,61.514263,8.893533,0,2024-02-06 11:25:08,morning,CO2,OK
1707276353,98,53.614876,93.713646,8.855474,0,2024-02-07 03:25:53,night,Diode,OK
1707295129,68,19.273357,23.184736,20.175417,0,2024-02-07 08:38:49,morning,Diode,OK
1707308346,22,47.71194,39.551506,4.2781167,0,2024-02-07 12:19:06,morning,Fiber,OK
1707339896,97,44.801178,38.90377,11.920213,0,2024-02-07 21:04:56,day,Fiber,OK
1707345963,15,16.566324,69.8442,10.831235,0,2024-02-07 22:46:03,night,CO2,OK
1707351219,71,315.43463,51.61315,0.75439674,0,2024-02-08 00:13:39,night,Nd:YAG,WARNING
1707362377,48,34.41979,65.16756,1.9208611,0,2024-02-08 03:19:37,night,Diode,OK
1707391009,81,11.902872,23.918722,84.73672,0,2024-02-08 11:16:49,morning,Nd:YAG,OK
1707392468,27,41.45708,3.476883,4.19155,0,2024-02-08 11:41:08,morning,Fiber,OK
1707427801,84,73.5208,7.816251,4.3305545,0,2024-02-08 21:30:01,day,Excimer,OK
1707433420,75,25.704836,4.686092,6.1929593,0,2024-02-08 23:03:40,night,CO2,OK
1707437045,67,56.539707,86.663445,1.7776772,0,2024-02-09 00:04:05,night,Fiber,OK
1707456403,63,31.253126,79.28996,13.437003,0,2024-02-09 05:26:43,night,Diode,OK
1707491336,81,30.986708,54.01383,9.759672,0,2024-02-09 15:08:56,day,Nd:YAG,OK
1707495211,35,91.508965,69.10932,2.6021738,0,2024-02-09 16:13:31,day,CO2,OK
1707571371,50,70.349884,35.32867,12.979274,0,2024-02-10 13:22:51,morning,CO2,OK
1707592396,41,1.3770435,30.383831,6.3101025,0,2024-02-10 19:13:16,day,Nd:YAG,WARNING
1707606302,57,73.72496,26.813309,12.654951,0,2024-02-10 23:05:02,night,Fiber,OK
1707619928,25,56.27182,76.70535,8.155258,0,2024-02-11 02:52:08,night,CO2,OK
1707636299,24,10.410788,22.319958,10.507828,0,2024-02-11 07:24:59,morning,Excimer,WARNING
1707638666,33,80.2494,47.207077,3.035121,0,2024-02-11 08:04:26,morning,Diode,OK
1707641194,43,22.097261,133.43343,20.177456,0,2024-02-11 08:46:34,morning,Diode,ERROR
1707646774,24,91.631355,53.211693,15.883409,0,2024-02-11 10:19:34,morning,Excimer,OK
1707690286,20,25.016445,44.644173,131.96298,0,2024-02-11 22:24:46,night,CO2,OK
1707710513,18,47.823727,28.111921,6.735735,0,2024-02-12 04:01:53,night,Diode,OK
1707720995,85,61.127525,57.562527,2.1087108,0,2024-02-12 06:56:35,morning,CO2,OK
1707721270,79,33.678078,18.897526,136.6436,0,2024-02-12 07:01:10,morning,Excimer,OK
1707813580,74,43.338673,9.319755,10.306315,0,2024-02-13 08:39:40,morning,Excimer,OK
1707854558,47,70.25266,16.522928,14.157711,0,2024-02-13 20:02:38,day,Fiber,OK
1707868574,48,65.23241,63.8459,5.7225924,0,2024-02-13 23:56:14,night,Diode,OK
1707888463,38,48.22202,59.841446,0.64357996,0,2024-02-14 05:27:43,night,Diode,OK
1707904763,10,35.490192,23.705572,0.631839,0,2024-02-14 09:59:23,morning,CO2,OK
1707909107,97,11.212288,46.762955,8.814126,0,2024-02-14 11:11:47,morning,Fiber,OK
1707911111,74,14.4126835,5.018884,6.659173,0,2024-02-14 11:45:11,morning,Excimer,OK
1707943042,64,47.561188,67.70918,2.8985603,0,2024-02-14 20:37:22,day,Excimer,OK
1707948976,35,56.24059,26.273731,8.198225,0,2024-02-14 22:16:16,night,CO2,OK
1707965237,49,0.6065698,70.02427,7.708513,0,2024-02-15 02:47:17,night,Excimer,WARNING
1707971171,81,36.369614,37.645443,5.09955,0,2024-02-15 04:26:11,night,Nd:YAG,OK
1707973709,60,53.792942,39.963562,19.49293,0,2024-02-15 05:08:29,night,CO2,OK
1707980973,92,12.885925,50.06912,2.981315,0,2024-02-15 07:09:33,morning,Fiber,OK
1708005211,86,18.180655,56.85555,14.797697,0,2024-02-15 13:53:31,morning,Nd:YAG,OK
1708006537,41,91.82734,40.96468,12.37586,0,2024-02-15 14:15:37,day,Nd:YAG,ERROR
1708031004,17,83.16738,72.88103,113.21684,0,2024-02-15 21:03:24,day,Fiber,OK
1708044043,1,40.641506,72.79225,2.4615006,0,2024-02-16 00:40:43,night,Nd:YAG,OK
1708050867,61,37.658405,41.75787,10.034865,0,2024-02-16 02:34:27,night,Nd:YAG,OK
1708085457,90,87.928856,49.715733,6.5993214,0,2024-02-16 12:10:57,morning,CO2,OK
1708095546,9,64.462326,50.5497,1.6903687,0,2024-02-16 14:59:06,day,Excimer,OK
1708136372,74,28.432322,94.92567,11.18313,0,2024-02-17 02:19:32,night,Excimer,OK
1708142435,9,58.37468,277.6837,0.0024353988,0,2024-02-17 04:00:35,night,Excimer,OK
1708147477,34,14.325045,82.2045,15.245228,0,2024-02-17 05:24:37,night,Excimer,OK
1708149315,60,48.815266,73.83346,9.671832,0,2024-02-17 05:55:15,night,CO2,OK
1708179974,97,16.758043,40.847073,5.3988175,0,2024-02-17 14:26:14,day,Fiber,OK
1708188839,40,31.323393,24.70902,8.49962,0,2024-02-17 16:53:59,day,CO2,OK
1708235716,84,48.134563,34.171783,13.365038,0,2024-02-18 05:55:16,night,Excimer,OK
1708252652,21,53.6088,126.55926,21.308134,0,2024-02-18 10:37:32,morning,Nd:YAG,OK
1708260672,9,52.769318,45.464214,0.025419282,0,2024-02-18 12:51:12,morning,Excimer,OK
1708275643,71,46.351112,38.755512,12.864441,0,2024-02-18 17:00:43,day,Nd:YAG,OK
1708283343,79,24.45112,60.338463,10.807236,0,2024-02-18 19:09:03,day,Excimer,OK
1708320440,73,87.007,21.319595,19.70587,0,2024-02-19 05:27:20,night,Diode,OK
1708325998,14,47.080437,40.786087,5.0937934,0,2024-02-19 06:59:58,morning,Excimer,OK
1708331019,32,27.487228,40.37265,8.836274,0,2024-02-19 08:23:39,morning,Fiber,OK
1708345180,21,19.178858,8.003479,18.126139,0,2024-02-19 12:19:40,morning,Nd:YAG,OK
1708350651,4,81.69956,42.79555,3.3189619,0,2024-02-19 13:50:51,morning,Excimer,OK
1708369137,42,16.824173,37.37687,2.5915117,0,2024-02-19 18:58:57,day,Fiber,OK
1708386569,70,91.0584,57.317013,111.11988,0,2024-02-19 23:49:29,night,CO2,OK
1708392229,95,42.99103,83.62031,1.0154747,0,2024-02-20 01:23:49,night,CO2,OK
1708439641,35,11.895101,20.295912,2.6968105,0,2024-02-20 14:34:01,day,CO2,OK
1708464301,63,43.869812,32.17786,12.664081,0,2024-02-20 21:25:01,day,Diode,OK
1708484240,63,49.292374,27.073494,13.057776,0,2024-02-21 02:57:20,night,Diode,OK
1708485942,90,43.552807,62.285122,6.51014,0,2024-02-21 03:25:42,night,CO2,OK
1708497658,77,50.13775,40.306385,8.125298,0,2024-02-21 06:40:58,morning,Fiber,OK
1708531701,82,0.73481244,6.8649464,0.72364247,0,2024-02-21 16:08:21,day,Fiber,WARNING
1708541951,9,56.724236,49.849007,1.6375391,0,2024-02-21 18:59:11,day,Excimer,OK
1708556377,9,81.65005,20.910776,12.910046,0,2024-02-21 22:59:37,night,Excimer,OK
1708576940,87,47.81895,64.543396,0.32541364,0,2024-02-22 04:42:20,night,Fiber,OK
1708579763,72,79.07464,68.18811,101.76803,0,2024-02-22 05:29:23,night,Fiber,OK
1708655920,89,67.48305,34.458588,9.532868,0,2024-02-23 02:38:40,night,Excimer,OK
1708662951,7,79.85871,56.40042,20.205849,0,2024-02-23 04:35:51,night,Fiber,OK
1708712558,67,58.223385,2.2421343,2.6316872,0,2024-02-23 18:22:38,day,Fiber,OK
1708722961,85,44.74776,67.965744,26.345602,0,2024-02-23 21:16:01,day,CO2,OK
1708724350,41,83.6432,51.38249,0.59863234,0,2024-02-23 21:39:10,day,Nd:YAG,OK
1708726983,19,64.31646,99.553,77.8104,0,2024-02-23 22:23:03,night,Excimer,OK
1708752581,7,75.23513,68.832115,9.464541,0,2024-02-24 05:29:41,night,Fiber,OK
1708783165,80,43.27652,48.252308,3.0321512,0,2024-02-24 13:59:25,morning,CO2,OK
1708785119,34,45.883987,48.069992,5.3980346,0,2024-02-24 14:31:59,day,Excimer,OK
1708798030,92,28.26548,20.8434,8.19886,0,2024-02-24 18:07:10,day,Fiber,OK
1708810715,50,70.97594,108.169975,20.584742,0,2024-02-24 21:38:35,day,CO2,OK
1708826581,68,54.664654,71.37187,5.3300934,0,2024-02-25 02:03:01,night,Diode,OK
1708827432,39,4.0838814,52.707275,6.601226,0,2024-02-25 02:17:12,night,Excimer,WARNING
1708837020,42,49.43607,100.082085,0.32457012,0,2024-02-25 04:57:00,night,Fiber,OK
1708843746,89,35.706535,86.10892,11.48982,0,2024-02-25 06:49:06,morning,Excimer,OK
1708851784,88,40.604755,44.07072,0.018165547,0,2024-02-25 09:03:04,morning,Diode,OK
1708854044,56,58.862644,48.38558,11.129783,0,2024-02-25 09:40:44,morning,Nd:YAG,ERROR
1708888684,60,68.222336,37.820267,7.107168,0,2024-02-25 19:18:04,day,CO2,OK
1708927761,30,71.62553,48.697113,12.48581,0,2024-02-26 06:09:21,morning,CO2,OK
1708933585,66,78.92131,11.140164,20.794518,0,2024-02-26 07:46:25,morning,Nd:YAG,OK
1708987247,2,68.55498,47.22642,4.9500422,0,2024-02-26 22:40:47,night,Fiber,OK
1708990708,49,22.145521,26.69759,0.6925285,0,2024-02-26 23:38:28,night,Excimer,OK
1709026966,70,50.23941,239.87349,12.162885,0,2024-02-27 09:42:46,morning,CO2,OK
1709033164,51,50.659115,75.41572,6.6603374,0,2024-02-27 11:26:04,morning,Nd:YAG,OK
1709033282,28,59.611877,48.82612,1.9969301,0,2024-02-27 11:28:02,morning,Diode,OK
1709049650,9,118.823105,92.96905,1.1033592,0,2024-02-27 16:00:50,day,Excimer,WARNING
1709061327,18,51.355984,69.20115,1.3508352,0,2024-02-27 19:15:27,day,Diode,OK
1709081031,20,310.84424,61.524834,96.49669,0,2024-02-28 00:43:51,night,CO2,WARNING
1709089063,29,42.392998,51.096798,2.28806,0,2024-02-28 02:57:43,night,Excimer,OK
1709089903,43,66.118195,26.141273,4.4464736,0,2024-02-28 03:11:43,night,Diode,OK
1709092387,31,71.59482,1.7351408,3.2876058,0,2024-02-28 03:53:07,night,Nd:YAG,OK
1709107494,18,48.39113,48.089725,4.793027,0,2024-02-28 08:04:54,morning,Diode,OK
1709125991,11,33.11611,38.871586,10.1513815,0,2024-02-28 13:13:11,morning,Nd:YAG,OK
1709155747,43,19.29937,56.019947,2.310871,0,2024-02-28 21:29:07,day,Diode,OK
1709171414,99,47.787434,64.30215,81.67991,0,2024-02-29 01:50:14,night,Excimer,OK
1709174100,51,48.886326,19.502531,11.295679,0,2024-02-29 02:35:00,night,Nd:YAG,OK
1709183077,26,27.50107,95.26892,19.045113,0,2024-02-29 05:04:37,night,Nd:YAG,OK
1709187729,13,79.89194,73.19279,0.45275635,0,2024-02-29 06:22:09,morning,Diode,OK
1709189978,80,26.68781,49.947098,8.541533,0,2024-02-29 06:59:38,morning,CO2,OK
1709220983,9,88.150276,33.59544,8.920666,0,2024-02-29 15:36:23,day,Excimer,OK
1709239612,41,6.306301,28.764267,19.755219,0,2024-02-29 20:46:52,day,Nd:YAG,WARNING
1709277000,63,60.722775,104.407646,3.493571,0,2024-03-01 07:10:00,morning,Diode,OK
1709288480,46,47.773052,2.8574789,9.977031,0,2024-03-01 10:21:20,morning,Nd:YAG,OK
1709295126,23,50.481335,52.655636,13.829576,0,2024-03-01 12:12:06,morning,Diode,OK
1709307103,29,51.85271,40.28408,14.88357,0,2024-03-01 15:31:43,day,Excimer,OK
1709311844,30,25.376003,89.01257,1.6079718,0,2024-03-01 16:50:44,day,CO2,OK
1709347912,8,27.609724,47.75792,9.96704,0,2024-03-02 02:51:52,night,Diode,OK
1709392119,26,24.730589,60.42089,13.174209,0,2024-03-02 15:08:39,day,Nd:YAG,OK
1709426273,66,50.35018,64.78158,0.9155095,0,2024-03-03 00:37:53,night,Nd:YAG,OK
1709444951,87,74.9187,296.72525,11.307475,0,2024-03-03 05:49:11,night,Fiber,OK
1709467088,81,66.86764,31.524265,6.4963646,0,2024-03-03 11:58:08,morning,Nd:YAG,OK
1709474642,29,39.67186,20.399437,2.458828,0,2024-03-03 14:04:02,day,Excimer,OK
1709498036,89,110.972046,53.42584,17.007992,0,2024-03-03 20:33:56,day,Excimer,WARNING
1709524974,35,82.45837,95.5587,12.9316225,0,2024-03-04 04:02:54,night,CO2,OK
1709535545,32,61.841995,61.518047,7.2234297,0,2024-03-04 06:59:05,morning,Fiber,OK
1709559911,57,45.335217,26.6829,8.930174,0,2024-03-04 13:45:11,morning,Fiber,OK
1709574784,99,45.16757,51.088055,15.362118,0,2024-03-04 17:53:04,day,Excimer,OK
1709635611,23,52.582237,40.00324,6.44079,0,2024-03-05 10:46:51,morning,Diode,OK
1709656031,5,55.632,8.260237,1.1886156,0,2024-03-05 16:27:11,day,CO2,OK
1709661890,59,35.10886,28.861609,1.0232782,0,2024-03-05 18:04:50,day,Excimer,OK
1709666039,36,70.80495,57.82609,14.095673,0,2024-03-05 19:13:59,day,Nd:YAG,OK
1709686350,11,79.08923,71.3773,2.1874878,0,2024-03-06 00:52:30,night,Nd:YAG,OK
1709704124,32,50.375736,67.55533,16.88207,0,2024-03-06 05:48:44,night,Fiber,OK
1709723894,49,71.78029,49.94076,3.474856,0,2024-03-06 11:18:14,morning,Excimer,OK
1709737686,3,66.1806,43.98436,15.061006,0,2024-03-06 15:08:06,day,Diode,OK
1709756686,96,49.03003,56.634525,14.488929,0,2024-03-06 20:24:46,day,Nd:YAG,OK
1709760631,96,23.826366,40.98173,2.0149872,0,2024-03-06 21:30:31,day,Nd:YAG,OK
1709761432,23,65.33749,27.233664,114.9067,0,2024-03-06 21:43:52,day,Diode,OK
1709766508,11,88.12779,31.755995,6.5365973,0,2024-03-06 23:08:28,night,Nd:YAG,OK
1709766985,19,18.58033,18.70105,19.837288,0,2024-03-06 23:16:25,night,Excimer,OK
1709775532,67,53.93543,64.5776,0.24394968,0,2024-03-07 01:38:52,night,Fiber,OK
1709804249,96,54.25265,25.572319,4.6713467,0,2024-03-07 09:37:29,morning,Nd:YAG,OK
1709806898,11,61.563663,61.272747,19.676283,0,2024-03-07 10:21:38,morning,Nd:YAG,OK
1709810145,51,90.23314,70.6369,4.1083946,0,2024-03-07 11:15:45,morning,Nd:YAG,OK
1709810516,90,11.073617,85.40182,13.379456,0,2024-03-07 11:21:56,morning,CO2,OK
1709837766,68,37.04008,22.406853,5.5977135,0,2024-03-07 18:56:06,day,Diode,OK
1709855999,1,34.808083,78.93325,11.910512,0,2024-03-07 23:59:59,night,Nd:YAG,OK
1709856295,81,76.50802,39.11186,12.004172,0,2024-03-08 00:04:55,night,Nd:YAG,OK
1709863112,13,47.902737,46.260666,7.321152,0,2024-03-08 01:58:32,night,Diode,OK
1709863144,87,5.208981,1.543957,3.992892,0,2024-03-08 01:59:04,night,Fiber,WARNING
1709932603,17,17.30099,60.837593,7.928466,0,2024-03-08 21:16:43,day,Fiber,OK
1709977882,91,24.331852,28.467867,2.676499,0,2024-03-09 09:51:22,morning,Nd:YAG,OK
1709992189,78,38.208347,58.41709,2.2727742,0,2024-03-09 13:49:49,morning,Diode,OK
1710062535,92,78.13034,48.26628,10.564006,0,2024-03-10 09:22:15,morning,Fiber,OK
1710087288,6,57.213856,68.74274,0.07617045,0,2024-03-10 16:14:48,day,Nd:YAG,OK
1710089362,9,64.09864,34.851707,3.4190664,0,2024-03-10 16:49:22,day,Excimer,OK
1710092947,81,398.9694,94.65326,16.47875,0,2024-03-10 17:49:07,day,Nd:YAG,WARNING
1710102960,67,32.598667,64.8352,0.33128113,0,2024-03-10 20:36:00,day,Fiber,OK
1710137433,56,2.9320133,23.236261,4.6601896,0,2024-03-11 06:10:33,morning,Nd:YAG,WARNING
1710147252,68,30.430096,14.501787,29.252365,0,2024-03-11 08:54:12,morning,Diode,OK
1710147913,48,31.56802,93.879074,33.96511,0,2024-03-11 09:05:13,morning,Diode,OK
1710152691,14,24.997057,34.421963,14.372647,0,2024-03-11 10:24:51,morning,Excimer,OK
1710153726,13,32.205574,46.05293,8.324079,0,2024-03-11 10:42:06,morning,Diode,OK
1710156449,8,60.54891,30.659733,123.2031,0,2024-03-11 11:27:29,morning,Diode,OK
1710198274,44,39.85149,29.630293,1.744753,0,2024-03-11 23:04:34,night,Excimer,OK
1710202460,46,42.07061,69.13889,18.909777,0,2024-03-12 00:14:20,night,Nd:YAG,OK
1710210610,67,59.155666,97.09704,5.175922,0,2024-03-12 02:30:10,night,Fiber,OK
1710235003,33,44.13637,78.85892,9.138907,0,2024-03-12 09:16:43,morning,Diode,OK
1710296297,75,27.297695,57.377033,2.7256055,0,2024-03-13 02:18:17,night,CO2,OK
1710305252,73,55.712757,51.34043,16.26285,0,2024-03-13 04:47:32,night,Diode,OK
1710305522,42,3.0603588,18.941578,4.793243,0,2024-03-13 04:52:02,night,Fiber,WARNING
1710328809,29,66.31581,52.7465,1.893748,0,2024-03-13 11:20:09,morning,Excimer,OK
1710351054,23,22.586273,28.199362,6.557997,0,2024-03-13 17:30:54,day,Diode,OK
1710353432,9,17.179651,46.955967,3.901058,0,2024-03-13 18:10:32,day,Excimer,OK
1710357387,85,33.267597,83.32843,8.970053,0,2024-03-13 19:16:27,day,CO2,OK
1710357892,48,69.53625,66.82417,7.8353624,0,2024-03-13 19:24:52,day,Diode,OK
1710374803,88,95.78781,38.394386,1.7334638,0,2024-03-14 00:06:43,night,Diode,OK
1710395301,63,44.16067,54.630737,6.6802993,0,2024-03-14 05:48:21,night,Diode,OK
1710432430,69,98.11803,124.61735,5.2834516,0,2024-03-14 16:07:10,day,Excimer,OK
1710441650,64,52.08756,41.194893,9.907078,0,2024-03-14 18:40:50,day,Excimer,OK
1710470930,76,82.95309,83.98908,0.9175549,0,2024-03-15 02:48:50,night,Nd:YAG,OK
1710515619,70,70.33838,52.77792,5.9566298,0,2024-03-15 15:13:39,day,CO2,OK
1710526064,19,62.062958,58.020397,5.365665,0,2024-03-15 18:07:44,day,Excimer,OK
1710537784,89,83.31822,85.65994,0.9851032,0,2024-03-15 21:23:04,day,Excimer,OK
1710577923,11,85.87928,11.790681,2.2976756,0,2024-03-16 08:32:03,morning,Nd:YAG,OK
1710581190,53,78.8624,32.484653,2.6391542,0,2024-03-16 09:26:30,morning,Diode,OK
1710615091,1,33.97565,38.73492,9.985469,0,2024-03-16 18:51:31,day,Nd:YAG,OK
1710631304,16,59.631557,29.579319,16.411486,0,2024-03-16 23:21:44,night,Nd:YAG,OK
1710632301,49,83.94937,60.868225,17.393793,0,2024-03-16 23:38:21,night,Excimer,OK
1710647818,43,360.14072,61.412647,2.7727327,0,2024-03-17 03:56:58,night,Diode,ERROR
1710655034,79,24.381804,71.893875,24.300156,0,2024-03-17 05:57:14,night,Excimer,OK
1710665840,46,48.569233,48.52612,6.3475823,0,2024-03-17 08:57:20,morning,Nd:YAG,OK
1710668173,99,26.10222,65.325745,124.0995,0,2024-03-17 09:36:13,morning,Excimer,OK
1710674356,46,30.32627,61.30777,11.148808,0,2024-03-17 11:19:16,morning,Nd:YAG,OK
1710715316,34,75.13418,92.918655,9.95528,0,2024-03-17 22:41:56,night,Excimer,OK
1710717939,36,74.68062,26.616253,4.4028726,0,2024-03-17 23:25:39,night,Nd:YAG,OK
1710727831,4,0.09893733,91.36842,19.222498,0,2024-03-18 02:10:31,night,Excimer,WARNING
1710732839,18,48.55726,55.635002,5.6123776,0,2024-03-18 03:33:59,night,Diode,OK
1710741097,6,49.327374,19.57035,1.6424152,0,2024-03-18 05:51:37,night,Nd:YAG,OK
1710762047,71,38.575466,65.899666,11.599048,0,2024-03-18 11:40:47,morning,Nd:YAG,OK
1710765416,72,39.414314,75.06295,4.364127,0,2024-03-18 12:36:56,morning,Fiber,OK
1710767679,73,36.76755,50.31222,2.6174247,0,2024-03-18 13:14:39,morning,Diode,OK
1710792616,68,66.10169,36.92298,0.38154918,0,2024-03-18 20:10:16,day,Diode,OK
1710844856,86,75.25602,59.96986,6.2291636,0,2024-03-19 10:40:56,morning,Nd:YAG,OK
1710848138,80,36.178986,17.695164,22.051537,0,2024-03-19 11:35:38,morning,CO2,OK
1710851394,43,17.659239,58.914314,17.214628,0,2024-03-19 12:29:54,morning,Diode,OK
1710859095,89,28.689915,36.88798,19.950043,0,2024-03-19 14:38:15,day,Excimer,OK
1710872396,81,31.02839,43.8738,67.60174,0,2024-03-19 18:19:56,day,Nd:YAG,OK
1710881848,86,88.37966,93.168396,9.365594,0,2024-03-19 20:57:28,day,Nd:YAG,OK
1710884469,62,72.734886,46.66527,2.5760436,0,2024-03-19 21:41:09,day,Fiber,OK
1710927941,27,33.206085,44.90202,0.8952905,0,2024-03-20 09:45:41,morning,Fiber,OK
1710938524,59,26.614384,58.294792,0.34944633,0,2024-03-20 12:42:04,morning,Excimer,OK
1710938936,82,71.002754,42.25387,10.6531315,0,2024-03-20 12:48:56,morning,Fiber,OK
1711003696,10,63.233242,81.99444,8.66151,0,2024-03-21 06:48:16,morning,CO2,OK
1711016614,31,64.02036,61.726295,127.23411,0,2024-03-21 10:23:34,morning,Nd:YAG,OK
1711078629,2,70.8,44.203156,8.52419,0,2024-03-22 03:37:09,night,Fiber,OK
1711084235,73,59.76712,71.027275,0.29168135,0,2024-03-22 05:10:35,night,Diode,OK
1711092941,54,56.42198,66.816185,0.78302246,0,2024-03-22 07:35:41,morning,Excimer,OK
1711093695,25,39.11305,45.41064,2.892233,0,2024-03-22 07:48:15,morning,CO2,OK
1711103214,30,5.528444,100.03566,2.9598527,0,2024-03-22 10:26:54,morning,CO2,WARNING
1711128027,51,41.49712,58.096558,8.083857,0,2024-03-22 17:20:27,day,Nd:YAG,OK
1711145735,48,55.412464,27.527153,3.433194,0,2024-03-22 22:15:35,night,Diode,OK
1711147453,99,6.5303454,79.404686,13.263704,0,2024-03-22 22:44:13,night,Excimer,WARNING
1711163131,30,62.58023,54.512184,6.0105352,0,2024-03-23 03:05:31,night,CO2,OK
1711166220,52,27.988537,71.35992,6.9145727,0,2024-03-23 03:57:00,night,Fiber,OK
1711189615,14,82.838684,107.89654,15.936467,0,2024-03-23 10:26:55,morning,Excimer,OK
1711191456,21,13.653955,22.918499,5.2301426,0,2024-03-23 10:57:36,morning,Nd:YAG,OK
1711219801,55,12.320694,62.36505,9.463611,0,2024-03-23 18:50:01,day,CO2,OK
1711219882,10,45.7715,75.92707,6.271606,0,2024-03-23 18:51:22,day,CO2,OK
1711224215,16,33.27194,47.187206,11.377877,0,2024-03-23 20:03:35,day,Nd:YAG,OK
1711244355,10,46.426426,57.77077,12.081101,0,2024-03-24 01:39:15,night,CO2,OK
1711304166,15,23.528042,79.37689,1.9623919,0,2024-03-24 18:16:06,day,CO2,OK
1711363173,38,67.70938,314.43295,74.03147,0,2024-03-25 10:39:33,morning,Diode,OK
1711366678,85,70.39015,69.82406,12.802265,0,2024-03-25 11:37:58,morning,CO2,OK
1711377623,20,62.158363,81.20349,13.368406,0,2024-03-25 14:40:23,day,CO2,OK
1711406764,47,64.05931,20.174297,1.323345,0,2024-03-25 22:46:04,night,Fiber,OK
1711448921,82,62.383804,4.5600133,80.399765,0,2024-03-26 10:28:41,morning,Fiber,OK
1711472879,85,14.15349,43.186882,19.472021,0,2024-03-26 17:07:59,day,CO2,OK
1711474395,25,27.640118,80.12276,5.1807747,0,2024-03-26 17:33:15,day,CO2,OK
1711474677,11,53.314278,75.20877,5.0851684,0,2024-03-26 17:37:57,day,Nd:YAG,OK
1711478835,28,36.86496,14.4668045,9.462264,0,2024-03-26 18:47:15,day,Diode,OK
1711489367,82,6.173146,34.657017,11.231049,0,2024-03-26 21:42:47,day,Fiber,WARNING
1711497925,0,6.445176,64.05,8.789365,0,2024-03-27 00:05:25,night,CO2,WARNING
1711503355,24,225.45227,46.733444,4.706792,0,2024-03-27 01:35:55,night,Excimer,WARNING
1711512756,48,273.4723,51.539158,1.6690075,0,2024-03-27 04:12:36,night,Diode,WARNING
1711519813,83,27.75857,25.08849,0.2279308,0,2024-03-27 06:10:13,morning,Diode,OK
1711527089,42,35.35661,52.678482,3.1887927,0,2024-03-27 08:11:29,morning,Fiber,OK
1711578965,43,50.121822,23.362146,2.562208,0,2024-03-27 22:36:05,night,Diode,OK
1711600898,69,11.772474,99.26922,8.492774,0,2024-03-28 04:41:38,night,Excimer,OK
1711605999,84,13.00783,55.430977,5.520348,0,2024-03-28 06:06:39,morning,Excimer,OK
1711620180,8,70.7455,42.757145,4.449063,0,2024-03-28 10:03:00,morning,Diode,OK
1711651366,46,98.99346,64.59392,21.68931,0,2024-03-28 18:42:46,day,Nd:YAG,OK
1711657546,94,67.12117,76.24001,12.002097,0,2024-03-28 20:25:46,day,Excimer,OK
1711659966,89,11.681133,13.052481,1.0036645,0,2024-03-28 21:06:06,day,Excimer,OK
1711681154,46,59.90017,45.11315,14.667582,0,2024-03-29 02:59:14,night,Nd:YAG,OK
1711682666,36,51.771687,90.819336,7.126824,0,2024-03-29 03:24:26,night,Nd:YAG,OK
1711694287,49,44.08278,48.04498,8.436255,0,2024-03-29 06:38:07,morning,Excimer,OK
1711698501,21,60.372673,43.366627,16.326294,0,2024-03-29 07:48:21,morning,Nd:YAG,OK
1711716931,16,88.60165,92.87862,1.800737,0,2024-03-29 12:55:31,morning,Nd:YAG,OK
1711721265,77,91.01259,26.851557,14.386964,0,2024-03-29 14:07:45,day,Fiber,OK
1711721816,9,22.091486,339.0272,16.558973,0,2024-03-29 14:16:56,day,Excimer,OK
1711740222,49,21.188896,423.8781,3.3842165,0,2024-03-29 19:23:42,day,Excimer,OK
1711740415,74,48.46985,36.161335,3.6406968,0,2024-03-29 19:26:55,day,Excimer,OK
1711795428,79,65.481995,103.5943,8.038615,0,2024-03-30 10:43:48,morning,Excimer,OK
1711797312,34,76.200264,82.258,7.102252,0,2024-03-30 11:15:12,morning,Excimer,OK
1711800533,39,337.44983,76.40762,112.952705,0,2024-03-30 12:08:53,morning,Excimer,WARNING
1711800817,44,34.024426,92.69186,4.647516,0,2024-03-30 12:13:37,morning,Excimer,OK
1711806717,52,64.949165,32.06507,4.1713843,0,2024-03-30 13:51:57,morning,Fiber,OK
1711831750,75,79.07079,70.3052,2.2287467,0,2024-03-30 20:49:10,day,CO2,OK
1711874037,57,87.61692,63.85259,100.919136,0,2024-03-31 08:33:57,morning,Fiber,OK
1711882220,32,39.469467,58.069824,7.8268995,0,2024-03-31 10:50:20,morning,Fiber,OK
1711883784,96,42.219482,72.258804,11.088008,0,2024-03-31 11:16:24,morning,Nd:YAG,OK
1711884225,42,83.45474,55.389297,7.1393566,0,2024-03-31 11:23:45,morning,Fiber,OK
1711905299,36,7.799251,68.525055,7.6584992,0,2024-03-31 17:14:59,day,Nd:YAG,WARNING
1711908076,19,34.796688,48.156555,8.849072,0,2024-03-31 18:01:16,day,Excimer,ERROR
1711914074,59,294.03558,17.435406,3.7272565,0,2024-03-31 19:41:14,day,Excimer,WARNING
1711917452,65,62.57753,24.716736,8.3044815,0,2024-03-31 20:37:32,day,CO2,OK
1711919155,48,51.292057,3.7656395,0.5431779,0,2024-03-31 21:05:55,day,Diode,OK
1711933000,44,59.248325,72.975914,4.6104345,0,2024-04-01 00:56:40,night,Excimer,OK
1711940404,78,0.71107316,67.941315,4.144738,0,2024-04-01 03:00:04,night,Diode,WARNING
1711946264,53,42.46012,60.257267,1.4190227,0,2024-04-01 04:37:44,night,Diode,OK
1711959208,19,23.436096,10.999904,10.936626,0,2024-04-01 08:13:28,morning,Excimer,OK
1711987210,97,55.92485,47.937794,9.7897,0,2024-04-01 16:00:10,day,Fiber,OK
1712001825,21,20.491089,59.120388,3.106893,0,2024-04-01 20:03:45,day,Nd:YAG,OK
1712031988,35,88.79313,57.50395,8.068298,0,2024-04-02 04:26:28,night,CO2,OK
1712039278,55,53.53108,44.978035,145.97221,0,2024-04-02 06:27:58,morning,CO2,OK
1712045320,52,63.657887,0.66689533,0.42202103,0,2024-04-02 08:08:40,morning,Fiber,OK
1712046368,40,76.0334,19.530869,1.5526518,0,2024-04-02 08:26:08,morning,CO2,OK
1712075754,99,58.25322,47.505627,20.35315,0,2024-04-02 16:35:54,day,Excimer,OK
1712106361,2,35.266876,68.035645,5.8854485,0,2024-04-03 01:06:01,night,Fiber,OK
1712111739,39,52.373226,107.08391,1.6060617,0,2024-04-03 02:35:39,night,Excimer,OK
1712131828,1,45.233494,70.565384,65.94274,0,2024-04-03 08:10:28,morning,Nd:YAG,OK
1712201888,98,42.509468,23.067396,5.402708,0,2024-04-04 03:38:08,night,Diode,OK
1712250654,44,43.88635,57.746685,107.76019,0,2024-04-04 17:10:54,day,Excimer,OK
1712254780,85,39.578632,44.37333,2.2559536,0,2024-04-04 18:19:40,day,CO2,OK
1712276931,86,15.183419,76.825424,7.904176,0,2024-04-05 00:28:51,night,Nd:YAG,OK
1712310913,43,62.282364,28.684473,3.3611925,0,2024-04-05 09:55:13,morning,Diode,OK
1712312512,8,86.564354,35.81093,5.5317025,0,2024-04-05 10:21:52,morning,Diode,OK
1712320399,33,63.46882,5.3710566,1.9636502,0,2024-04-05 12:33:19,morning,Diode,OK
1712337299,92,9.055034,42.299713,11.191157,0,2024-04-05 17:14:59,day,Fiber,WARNING
1712347884,95,63.434227,13.746837,3.919361,0,2024-04-05 20:11:24,day,CO2,OK
1712349594,73,364.0945,55.42948,2.5749626,0,2024-04-05 20:39:54,day,Diode,WARNING
1712357391,26,31.123476,93.29617,13.959394,0,2024-04-05 22:49:51,night,Nd:YAG,OK
1712387943,24,64.19773,50.24507,2.597156,0,2024-04-06 07:19:03,morning,Excimer,OK
1712392503,74,59.807713,81.98412,14.896229,0,2024-04-06 08:35:03,morning,Excimer,OK
1712394471,64,50.24007,22.926893,14.565657,0,2024-04-06 09:07:51,morning,Excimer,OK
1712422618,16,382.29703,33.232967,0.41195798,0,2024-04-06 16:56:58,day,Nd:YAG,WARNING
1712428708,98,89.35277,41.493168,4.2455854,0,2024-04-06 18:38:28,day,Diode,OK
1712476947,62,20.934301,89.265045,13.626051,0,2024-04-07 08:02:27,morning,Fiber,OK
1712499316,14,43.260242,48.146576,5.0904794,0,2024-04-07 14:15:16,day,Excimer,OK
1712518498,52,67.26581,47.76385,6.8026876,0,2024-04-07 19:34:58,day,Fiber,OK
1712528709,95,90.96401,44.09918,133.4538,0,2024-04-07 22:25:09,night,CO2,OK
1712532610,10,49.866673,31.689114,24.816708,0,2024-04-07 23:30:10,night,CO2,OK
1712535314,61,388.68127,46.659767,111.96862,0,2024-04-08 00:15:14,night,Nd:YAG,WARNING
1712538630,31,25.38854,17.765907,10.783508,0,2024-04-08 01:10:30,night,Nd:YAG,OK
1712554625,65,41.282433,61.506504,11.208584,0,2024-04-08 05:37:05,night,CO2,OK
1712585041,86,66.22249,43.348648,9.972049,0,2024-04-08 14:04:01,day,Nd:YAG,OK
1712591719,43,33.62916,21.463398,12.892145,0,2024-04-08 15:55:19,day,Diode,OK
1712612599,41,47.94579,62.839027,5.830366,0,2024-04-08 21:43:19,day,Nd:YAG,OK
1712655435,68,102.765724,72.097145,17.490868,0,2024-04-09 09:37:15,morning,Diode,WARNING
1712681424,47,46.319885,40.5016,2.7728171,0,2024-04-09 16:50:24,day,Fiber,OK
1712700487,7,97.87437,81.39255,16.422953,0,2024-04-09 22:08:07,night,Fiber,OK
1712706576,70,82.28418,27.489136,7.780161,0,2024-04-09 23:49:36,night,CO2,OK
1712713047,87,23.93152,395.183,5.9670205,0,2024-04-10 01:37:27,night,Fiber,OK
1712748866,33,37.778076,12.6945715,1.4593738,0,2024-04-10 11:34:26,morning,Diode,OK
1712763568,52,71.29086,63.970146,0.4202276,0,2024-04-10 15:39:28,day,Fiber,OK
1712766880,57,52.505318,48.37953,19.104155,0,2024-04-10 16:34:40,day,Fiber,OK
1712802536,39,35.312366,34.08257,30.450111,0,2024-04-11 02:28:56,night,Excimer,OK
1712804048,62,55.386642,52.58777,20.453138,0,2024-04-11 02:54:08,night,Fiber,OK
1712833986,40,12.704175,52.33497,11.201507,0,2024-04-11 11:13:06,morning,CO2,OK
1712845482,32,64.16176,38.17301,5.600094,0,2024-04-11 14:24:42,day,Fiber,OK
1712848292,80,55.818607,11.356876,1.7874099,0,2024-04-11 15:11:32,day,CO2,OK
1712864100,66,68.80496,58.556805,129.44478,0,2024-04-11 19:35:00,day,Nd:YAG,OK
1712884213,0,12.129946,40.821674,1.7432593,0,2024-04-12 01:10:13,night,CO2,OK
1712890916,69,44.802166,59.25296,5.886184,0,2024-04-12 03:01:56,night,Excimer,OK
1712916343,6,84.14572,67.77289,8.426682,0,2024-04-12 10:05:43,morning,Nd:YAG,OK
1712950930,67,57.34599,39.51216,17.691648,0,2024-04-12 19:42:10,day,Fiber,OK
1712992388,75,25.818575,36.30209,2.069114,0,2024-04-13 07:13:08,morning,CO2,OK
1712997102,58,10.048434,22.664864,6.416292,0,2024-04-13 08:31:42,morning,Diode,WARNING
1713010172,29,61.635628,37.067764,2.6798253,0,2024-04-13 12:09:32,morning,Excimer,OK
1713034990,47,74.112976,10.545248,5.4702315,0,2024-04-13 19:03:10,day,Fiber,OK
1713040983,19,37.79301,45.267166,4.700987,0,2024-04-13 20:43:03,day,Excimer,OK
1713041268,94,71.30922,56.173504,20.529373,0,2024-04-13 20:47:48,day,Excimer,OK
1713044687,39,63.90962,56.473286,13.631979,0,2024-04-13 21:44:47,day,Excimer,OK
1713056315,94,61.371998,45.422337,10.192204,0,2024-04-14 00:58:35,night,Excimer,OK
1713070894,98,69.47766,64.86853,2.1276748,0,2024-04-14 05:01:34,night,Diode,OK
1713085913,76,59.913452,41.06152,0.07543121,0,2024-04-14 09:11:53,morning,Nd:YAG,OK
1713104368,90,8.154423,60.935806,11.5980015,0,2024-04-14 14:19:28,day,CO2,WARNING
1713107611,77,76.76734,47.264095,5.1803107,0,2024-04-14 15:13:31,day,Fiber,OK
1713115345,88,103.5462,61.84544,10.193421,0,2024-04-14 17:22:25,day,Diode,WARNING
1713120669,43,28.510946,43.979637,6.745425,0,2024-04-14 18:51:09,day,Diode,OK
1713143822,65,30.320776,31.629234,0.68625325,0,2024-04-15 01:17:02,night,CO2,OK
1713144236,11,88.5023,66.82166,6.920548,0,2024-04-15 01:23:56,night,Nd:YAG,OK
1713157573,81,33.666077,62.056396,4.964541,0,2024-04-15 05:06:13,night,Nd:YAG,ERROR
1713168995,26,67.846016,86.76693,6.1468353,0,2024-04-15 08:16:35,morning,Nd:YAG,OK
1713194895,44,74.2841,33.72657,8.931379,0,2024-04-15 15:28:15,day,Excimer,OK
1713202511,17,70.090996,87.209435,2.1042566,0,2024-04-15 17:35:11,day,Fiber,OK
1713252626,2,51.66947,272.08456,14.027581,0,2024-04-16 07:30:26,morning,Fiber,OK
1713262982,62,30.755033,22.504368,7.6428437,0,2024-04-16 10:23:02,morning,Fiber,OK
1713265869,24,99.481415,60.96333,116.47636,0,2024-04-16 11:11:09,morning,Excimer,OK
1713284668,13,56.07562,52.46874,13.386751,0,2024-04-16 16:24:28,day,Diode,OK
1713326020,0,60.633976,37.091007,0.517412,0,2024-04-17 03:53:40,night,CO2,OK
1713340217,59,49.130447,40.80031,14.926136,0,2024-04-17 07:50:17,morning,Excimer,OK
1713342506,15,82.14216,63.679184,16.619637,0,2024-04-17 08:28:26,morning,CO2,OK
1713345796,48,69.89622,26.590208,3.670801,0,2024-04-17 09:23:16,morning,Diode,OK
1713351105,71,35.30374,67.61796,16.9018,0,2024-04-17 10:51:45,morning,Nd:YAG,OK
1713438841,38,69.46024,5.7792764,5.4976726,0,2024-04-18 11:14:01,morning,Diode,OK
1713447260,0,65.085526,36.725746,82.14525,0,2024-04-18 13:34:20,morning,CO2,OK
1713450802,45,26.907785,50.080654,10.20643,0,2024-04-18 14:33:22,day,CO2,OK
1713456486,29,77.854,51.845345,15.398035,0,2024-04-18 16:08:06,day,Excimer,OK
1713461073,77,59.64333,78.18581,2.2789671,0,2024-04-18 17:24:33,day,Fiber,OK
1713461582,93,29.858358,60.945778,3.2743876,0,2024-04-18 17:33:02,day,Diode,OK
1713484896,74,78.30855,56.479694,9.764571,0,2024-04-19 00:01:36,night,Excimer,OK
1713522542,85,8.106917,22.754728,14.070743,0,2024-04-19 10:29:02,morning,CO2,WARNING
1713538962,3,14.158646,86.49375,3.0315876,0,2024-04-19 15:02:42,day,Diode,OK
1713540742,58,67.09571,24.080532,15.829455,0,2024-04-19 15:32:22,day,Diode,OK
1713543212,84,288.2749,15.887016,3.3389091,0,2024-04-19 16:13:32,day,Excimer,WARNING
1713591334,89,60.131268,45.612473,2.7543654,0,2024-04-20 05:35:34,night,Excimer,OK
1713601558,71,35.51433,58.639755,90.962524,0,2024-04-20 08:25:58,morning,Nd:YAG,OK
1713641383,24,88.85176,58.94481,0.89244425,0,2024-04-20 19:29:43,day,Excimer,OK
1713646077,12,2.9188602,30.476439,2.572089,0,2024-04-20 20:47:57,day,Fiber,WARNING
1713651852,23,54.67335,59.751724,8.094282,0,2024-04-20 22:24:12,night,Diode,OK
1713652329,62,37.946064,32.376728,145.44946,0,2024-04-20 22:32:09,night,Fiber,OK
1713667906,80,95.15551,43.044975,0.4936722,0,2024-04-21 02:51:46,night,CO2,OK
1713684910,53,59.88431,43.284954,11.260469,0,2024-04-21 07:35:10,morning,Diode,OK
1713694209,49,66.69769,69.291794,19.397007,0,2024-04-21 10:10:09,morning,Excimer,OK
1713710333,70,75.13085,32.45288,2.208628,0,2024-04-21 14:38:53,day,CO2,OK
1713712631,35,56.968327,16.733423,74.17746,0,2024-04-21 15:17:11,day,CO2,OK
1713725908,11,23.721659,41.000214,5.014986,0,2024-04-21 18:58:28,day,Nd:YAG,OK
1713735066,50,52.12503,92.40665,17.815325,0,2024-04-21 21:31:06,day,CO2,OK
1713737909,99,14.334811,45.01831,5.7615695,0,2024-04-21 22:18:29,night,Excimer,OK
1713751309,99,66.70488,49.958157,7.409244,0,2024-04-22 02:01:49,night,Excimer,OK
1713766283,74,16.914818,11.5186405,0.9981574,0,2024-04-22 06:11:23,morning,Excimer,OK
1713776707,31,5.2442603,40.432182,7.726951,0,2024-04-22 09:05:07,morning,Nd:YAG,WARNING
1713781012,94,10.105958,55.094646,1.1569457,0,2024-04-22 10:16:52,morning,Excimer,WARNING
1713797762,20,36.10509,13.535984,5.1004143,0,2024-04-22 14:56:02,day,CO2,OK
1713798924,77,39.46078,54.602215,137.1315,0,2024-04-22 15:15:24,day,Fiber,OK
1713800939,20,63.3226,61.329853,11.317368,0,2024-04-22 15:48:59,day,CO2,OK
1713806470,3,64.42539,78.812706,13.341121,0,2024-04-22 17:21:10,day,Diode,OK
1713810698,25,25.394815,13.80418,2.1817229,0,2024-04-22 18:31:38,day,CO2,OK
1713832847,11,66.81647,63.514103,107.66486,0,2024-04-23 00:40:47,night,Nd:YAG,OK
1713837329,66,68.773254,38.50334,3.9643104,0,2024-04-23 01:55:29,night,Nd:YAG,OK
1713844031,56,75.24613,26.996447,8.018906,0,2024-04-23 03:47:11,night,Nd:YAG,OK
1713854408,75,54.883568,8.19659,10.044152,0,2024-04-23 06:40:08,morning,CO2,OK
1713862897,7,47.1375,48.798492,5.729433,0,2024-04-23 09:01:37,morning,Fiber,OK
1713900025,64,68.9073,65.09501,2.5145862,0,2024-04-23 19:20:25,day,Excimer,OK
1713914105,19,46.508526,40.055557,6.692763,0,2024-04-23 23:15:05,night,Excimer,OK
1713961003,77,85.94113,62.44758,5.776498,0,2024-04-24 12:16:43,morning,Fiber,OK
1714000005,5,30.386845,34.179306,23.70224,0,2024-04-24 23:06:45,night,CO2,OK
1714008037,3,60.24703,101.431656,2.0670238,0,2024-04-25 01:20:37,night,Diode,OK
1714070697,67,23.926228,76.57258,13.973691,0,2024-04-25 18:44:57,day,Fiber,OK
1714104395,10,36.760445,95.35401,70.86716,0,2024-04-26 04:06:35,night,CO2,OK
1714108493,40,13.695773,59.092686,10.400667,0,2024-04-26 05:14:53,night,CO2,ERROR
1714118111,62,14.859108,75.39213,22.16097,0,2024-04-26 07:55:11,morning,Fiber,OK
1714128173,57,88.877975,77.469894,13.901917,0,2024-04-26 10:42:53,morning,Fiber,OK
1714175365,57,85.97995,95.20172,1.7190418,0,2024-04-26 23:49:25,night,Fiber,OK
1714209279,6,61.279675,66.96361,1.1151704,0,2024-04-27 09:14:39,morning,Nd:YAG,OK
1714215310,53,57.34767,54.424408,14.885573,0,2024-04-27 10:55:10,morning,Diode,OK
1714236763,61,286.8141,50.984077,4.643168,0,2024-04-27 16:52:43,day,Nd:YAG,WARNING
1714236924,67,5.7844415,36.511196,8.660793,0,2024-04-27 16:55:24,day,Fiber,WARNING
1714255066,1,85.37312,85.64523,6.161537,0,2024-04-27 21:57:46,day,Nd:YAG,OK
1714267591,65,32.50234,30.308475,4.269676,0,2024-04-28 01:26:31,night,CO2,OK
1714271112,53,66.95564,104.86474,6.8131747,0,2024-04-28 02:25:12,night,Diode,OK
1714310023,30,6.161567,383.96497,1.6912885,0,2024-04-28 13:13:43,morning,CO2,WARNING
1714322602,45,84.90737,76.109406,14.90385,0,2024-04-28 16:43:22,day,CO2,OK
1714329076,39,19.088789,46.101437,2.8070803,0,2024-04-28 18:31:16,day,Excimer,OK
1714428266,5,52.146328,30.450531,15.959782,0,2024-04-29 22:04:26,night,CO2,OK
1714430963,86,22.216158,45.7073,14.937266,0,2024-04-29 22:49:23,night,Nd:YAG,OK
1714465505,24,14.201465,63.535812,2.8569179,0,2024-04-30 08:25:05,morning,Excimer,OK
1714466078,56,68.93602,65.45704,6.550316,0,2024-04-30 08:34:38,morning,Nd:YAG,OK
1714480810,32,41.61042,57.141064,98.83562,0,2024-04-30 12:40:10,morning,Fiber,OK
1714492091,67,68.768814,18.628216,16.728603,0,2024-04-30 15:48:11,day,Fiber,OK
1714492728,94,13.141758,40.61598,8.151833,0,2024-04-30 15:58:48,day,Excimer,OK
1714536215,64,37.400772,26.915749,10.435236,0,2024-05-01 04:03:35,night,Excimer,OK
1714545875,72,55.30793,83.26092,3.7390387,0,2024-05-01 06:44:35,morning,Fiber,OK
1714550637,94,58.495914,46.996765,15.324188,0,2024-05-01 08:03:57,morning,Excimer,OK
1714552288,44,51.476902,56.744713,5.825019,0,2024-05-01 08:31:28,morning,Excimer,OK
1714554689,55,96.31705,53.182125,8.714428,0,2024-05-01 09:11:29,morning,CO2,OK
1714586252,72,35.088253,60.085266,4.3221726,0,2024-05-01 17:57:32,day,Fiber,OK
1714596576,82,18.95591,42.265133,97.10608,0,2024-05-01 20:49:36,day,Fiber,OK
1714598658,72,60.09907,37.885914,15.388958,0,2024-05-01 21:24:18,day,Fiber,OK
1714606569,86,8.662411,45.225986,0.3412099,0,2024-05-01 23:36:09,night,Nd:YAG,WARNING
1714660925,41,39.39219,57.535015,78.33502,0,2024-05-02 14:42:05,day,Nd:YAG,OK
1714661037,72,97.734406,38.481197,129.00266,0,2024-05-02 14:43:57,day,Fiber,OK
1714672399,76,45.859398,81.89285,1.9117885,0,2024-05-02 17:53:19,day,Nd:YAG,OK
1714718315,37,70.74899,79.447266,11.63013,0,2024-05-03 06:38:35,morning,Fiber,OK
1714748842,41,53.181904,61.988102,4.271663,0,2024-05-03 15:07:22,day,Nd:YAG,OK
1714792936,38,43.594273,100.42141,7.289976,0,2024-05-04 03:22:16,night,Diode,OK
1714793633,16,52.217922,62.55276,76.203766,0,2024-05-04 03:33:53,night,Nd:YAG,OK
1714795696,54,74.40107,47.796535,2.302893,0,2024-05-04 04:08:16,night,Excimer,OK
1714799065,6,48.94984,284.96518,3.843425,0,2024-05-04 05:04:25,night,Nd:YAG,OK
1714799081,26,84.15697,64.426865,21.382687,0,2024-05-04 05:04:41,night,Nd:YAG,OK
1714818254,44,61.310005,21.232128,139.34666,0,2024-05-04 10:24:14,morning,Excimer,OK
1714819956,21,82.690216,57.594086,15.443059,0,2024-05-04 10:52:36,morning,Nd:YAG,OK
1714830574,74,66.28877,33.842037,138.24054,0,2024-05-04 13:49:34,morning,Excimer,OK
1714841412,77,28.071074,45.480747,12.731553,0,2024-05-04 16:50:12,day,Fiber,OK
1714844582,43,41.58502,55.377106,8.252127,0,2024-05-04 17:43:02,day,Diode,OK
1714872133,81,37.24287,68.92763,0.48353887,0,2024-05-05 01:22:13,night,Nd:YAG,OK
1714882017,50,50.91008,64.90402,8.268918,0,2024-05-05 04:06:57,night,CO2,OK
1714947364,44,78.27069,59.1552,13.136413,0,2024-05-05 22:16:04,night,Excimer,OK
1714950665,94,48.09226,12.632955,5.4890885,0,2024-05-05 23:11:05,night,Excimer,OK
1714970756,31,60.540302,47.763653,11.148625,0,2024-05-06 04:45:56,night,Nd:YAG,OK
1715001596,43,66.25162,42.03703,3.1774008,0,2024-05-06 13:19:56,morning,Diode,OK
1715014457,73,36.63852,26.593216,4.744272,0,2024-05-06 16:54:17,day,Diode,OK
1715017755,31,25.04094,43.79754,3.2226837,0,2024-05-06 17:49:15,day,Nd:YAG,OK
1715019301,5,61.806553,43.90788,1.898314,0,2024-05-06 18:15:01,day,CO2,OK
1715022442,3,22.960697,36.80156,17.094969,0,2024-05-06 19:07:22,day,Diode,OK
1715033471,60,37.36994,11.413982,18.827848,0,2024-05-06 22:11:11,night,CO2,OK
1715037735,74,29.90558,24.561626,11.634861,0,2024-05-06 23:22:15,night,Excimer,OK
1715046804,99,42.33141,53.930035,4.4201097,0,2024-05-07 01:53:24,night,Excimer,OK
1715049212,38,76.13472,98.00846,14.89706,0,2024-05-07 02:33:32,night,Diode,OK
1715051152,45,59.809746,31.9187,10.932156,0,2024-05-07 03:05:52,night,CO2,OK
1715075229,34,77.50385,18.646086,1.2441336,0,2024-05-07 09:47:09,morning,Excimer,OK
1715076381,78,80.18365,83.26625,0.64273804,0,2024-05-07 10:06:21,morning,Diode,OK
1715084996,59,46.508575,34.48598,13.97642,0,2024-05-07 12:29:56,morning,Excimer,OK
1715137841,97,88.79475,45.741245,11.528065,0,2024-05-08 03:10:41,night,Fiber,OK
1715139549,17,59.491024,283.3573,15.997311,0,2024-05-08 03:39:09,night,Fiber,OK
1715140698,52,52.348026,49.46693,5.4457383,0,2024-05-08 03:58:18,night,Fiber,OK
1715157799,10,79.40096,55.86933,8.862345,0,2024-05-08 08:43:19,morning,CO2,OK
1715161831,23,81.49229,44.867348,26.778114,0,2024-05-08 09:50:31,morning,Diode,OK
1715201790,85,68.30223,10.82713,3.408249,0,2024-05-08 20:56:30,day,CO2,OK
1715215543,29,30.535448,56.29354,1.2384237,0,2024-05-09 00:45:43,night,Excimer,OK
1715257372,2,21.562395,61.9284,8.84196,0,2024-05-09 12:22:52,morning,Fiber,OK
1715271071,86,81.96318,89.02918,8.663279,0,2024-05-09 16:11:11,day,Nd:YAG,OK
1715287740,66,26.865608,39.57813,2.8285635,0,2024-05-09 20:49:00,day,Nd:YAG,OK
1715369742,11,48.999287,28.393795,6.7949133,0,2024-05-10 19:35:42,day,Nd:YAG,OK
1715382283,47,69.104416,75.88682,19.370586,0,2024-05-10 23:04:43,night,Fiber,OK
1715408788,85,33.553154,76.100204,88.27928,0,2024-05-11 06:26:28,morning,CO2,OK
1715418201,33,48.780502,23.067163,0.6946542,0,2024-05-11 09:03:21,morning,Diode,OK
1715492258,46,64.96216,80.49808,3.1499767,0,2024-05-12 05:37:38,night,Nd:YAG,OK
1715520127,18,53.188076,432.40717,3.05832,0,2024-05-12 13:22:07,morning,Diode,OK
1715522625,19,228.08076,25.534605,0.25792256,0,2024-05-12 14:03:45,day,Excimer,WARNING
1715537515,92,20.741747,31.595772,14.636491,0,2024-05-12 18:11:55,day,Fiber,OK
1715545875,29,31.358456,61.979813,1.233218,0,2024-05-12 20:31:15,day,Excimer,OK
1715573857,40,49.652744,37.972847,15.024062,0,2024-05-13 04:17:37,night,CO2,OK
1715575448,51,46.32562,98.1448,7.6234646,0,2024-05-13 04:44:08,night,Nd:YAG,OK
1715584858,71,37.58534,33.91873,18.74264,0,2024-05-13 07:20:58,morning,Nd:YAG,OK
1715593210,72,63.468315,39.799084,16.602957,0,2024-05-13 09:40:10,morning,Fiber,OK
1715603142,67,304.25818,60.479767,8.003366,0,2024-05-13 12:25:42,morning,Fiber,WARNING
1715604274,91,78.151,35.272697,5.655996,0,2024-05-13 12:44:34,morning,Nd:YAG,OK
1715624620,74,74.92861,47.700718,8.654916,0,2024-05-13 18:23:40,day,Excimer,OK
1715689241,68,5.093802,87.23941,11.3791275,0,2024-05-14 12:20:41,morning,Diode,WARNING
1715696510,4,63.52697,62.572567,3.7495954,0,2024-05-14 14:21:50,day,Excimer,OK
1715727356,69,77.33592,80.636795,5.149149,0,2024-05-14 22:55:56,night,Excimer,OK
1715729615,61,75.03689,73.81404,7.994201,0,2024-05-14 23:33:35,night,Nd:YAG,OK
1715736043,36,51.054264,84.17629,15.4168825,0,2024-05-15 01:20:43,night,Nd:YAG,OK
1715759894,87,41.94503,1.3702693,104.73274,0,2024-05-15 07:58:14,morning,Fiber,OK
1715766032,8,99.22299,63.70005,6.893972,0,2024-05-15 09:40:32,morning,Diode,OK
1715792398,10,57.15952,9.391002,2.655289,0,2024-05-15 16:59:58,day,CO2,OK
1715802212,99,136.29314,8.825605,17.30804,0,2024-05-15 19:43:32,day,Excimer,WARNING
1715813329,93,74.1537,83.32608,3.2707043,0,2024-05-15 22:48:49,night,Diode,OK
1715849459,48,29.420956,48.51711,14.474797,0,2024-05-16 08:50:59,morning,Diode,OK
1715884907,96,40.52367,66.8087,6.5305967,0,2024-05-16 18:41:47,day,Nd:YAG,OK
1715921088,2,56.94801,63.94796,8.274303,0,2024-05-17 04:44:48,night,Fiber,OK
1715948947,16,105.7365,22.134914,9.565841,0,2024-05-17 12:29:07,morning,Nd:YAG,WARNING
1715950170,99,91.04085,43.86652,10.650196,0,2024-05-17 12:49:30,morning,Excimer,OK
1715962665,6,48.994827,77.03443,15.205725,0,2024-05-17 16:17:45,day,Nd:YAG,OK
1715965216,98,83.88406,50.692657,6.187428,0,2024-05-17 17:00:16,day,Diode,OK
1715980326,49,2.0995755,128.81978,13.289071,0,2024-05-17 21:12:06,day,Excimer,WARNING
1715983959,84,93.27368,62.522587,8.880508,0,2024-05-17 22:12:39,night,Excimer,OK
1716061613,33,60.151157,51.587402,4.879049,0,2024-05-18 19:46:53,day,Diode,OK
1716061647,27,72.66524,22.822401,6.7571645,0,2024-05-18 19:47:27,day,Fiber,OK
1716068535,18,26.343512,47.731647,11.740147,0,2024-05-18 21:42:15,day,Diode,OK
1716083997,40,73.392265,71.744804,127.66111,0,2024-05-19 01:59:57,night,CO2,OK
1716086684,66,33.591667,92.13309,2.7445288,0,2024-05-19 02:44:44,night,Nd:YAG,OK
1716088311,66,31.954584,20.518234,11.044833,0,2024-05-19 03:11:51,night,Nd:YAG,OK
1716109620,9,56.033222,105.91647,13.595521,0,2024-05-19 09:07:00,morning,Excimer,OK
1716141921,84,14.554852,35.706326,18.436563,0,2024-05-19 18:05:21,day,Excimer,OK
1716152735,6,49.300385,107.037346,7.37428,0,2024-05-19 21:05:35,day,Nd:YAG,OK
1716166792,4,36.605896,63.2451,7.2664533,0,2024-05-20 00:59:52,night,Excimer,OK
1716172482,47,81.087776,71.73012,13.813828,0,2024-05-20 02:34:42,night,Fiber,OK
1716178194,2,36.107697,430.0652,129.88182,0,2024-05-20 04:09:54,night,Fiber,OK
1716201584,16,41.81343,49.536186,5.699929,0,2024-05-20 10:39:44,morning,Nd:YAG,OK
1716210482,63,97.27948,89.719955,9.797505,0,2024-05-20 13:08:02,morning,Diode,OK
1716220417,48,60.517178,24.1882,0.7355043,0,2024-05-20 15:53:37,day,Diode,OK
1716225059,86,68.167534,87.20225,8.716027,0,2024-05-20 17:10:59,day,Nd:YAG,OK
1716234727,19,52.804268,80.65585,8.492674,0,2024-05-20 19:52:07,day,Excimer,OK
1716236213,63,68.69048,53.427395,9.041636,0,2024-05-20 20:16:53,day,Diode,OK
1716247084,41,57.189915,47.944027,3.2591627,0,2024-05-20 23:18:04,night,Nd:YAG,OK
1716252341,50,48.49388,28.859451,135.68852,0,2024-05-21 00:45:41,night,CO2,OK
1716287718,27,77.30662,13.776203,9.955338,0,2024-05-21 10:35:18,morning,Fiber,OK
1716290189,42,41.980145,75.61401,7.8235292,0,2024-05-21 11:16:29,morning,Fiber,OK
1716304551,20,37.17545,72.186775,6.7624745,0,2024-05-21 15:15:51,day,CO2,OK
1716312884,12,21.925974,59.386433,88.72587,0,2024-05-21 17:34:44,day,Fiber,OK
1716313132,37,52.445126,45.453743,12.787665,0,2024-05-21 17:38:52,day,Fiber,OK
1716354332,54,47.089012,4.7127666,9.369094,0,2024-05-22 05:05:32,night,Excimer,OK
1716366028,23,57.34486,42.90772,1.4964968,0,2024-05-22 08:20:28,morning,Diode,OK
1716424138,47,50.943554,91.246,15.097324,0,2024-05-23 00:28:58,night,Fiber,OK
1716428106,88,67.17798,46.32359,5.2304373,0,2024-05-23 01:35:06,night,Diode,OK
1716431637,70,73.151344,47.10796,0.5202737,0,2024-05-23 02:33:57,night,CO2,OK
1716438553,50,18.118162,41.043015,4.1045647,0,2024-05-23 04:29:13,night,CO2,OK
1716439979,88,57.520958,40.094048,11.0616255,0,2024-05-23 04:52:59,night,Diode,OK
1716469415,49,82.50316,100.50847,11.147787,0,2024-05-23 13:03:35,morning,Excimer,OK
1716500451,97,74.25918,47.460003,11.856075,0,2024-05-23 21:40:51,day,Fiber,OK
1716506023,82,370.2034,77.13973,12.4351,0,2024-05-23 23:13:43,night,Fiber,WARNING
1716554753,17,59.16399,77.65697,13.388527,0,2024-05-24 12:45:53,morning,Fiber,OK
1716580053,80,30.06819,87.92045,98.585846,0,2024-05-24 19:47:33,day,CO2,OK
1716594856,52,49.66251,55.636227,8.617901,0,2024-05-24 23:54:16,night,Fiber,OK
1716614243,6,50.07494,75.74959,1.4364709,0,2024-05-25 05:17:23,night,Nd:YAG,OK
1716628563,14,50.81882,69.32643,3.9640725,0,2024-05-25 09:16:03,morning,Excimer,OK
1716630053,23,28.080294,76.07743,8.11172,0,2024-05-25 09:40:53,morning,Diode,OK
1716667382,15,41.22777,60.392475,12.417333,0,2024-05-25 20:03:02,day,CO2,OK
1716678892,91,30.898323,244.53717,24.630138,0,2024-05-25 23:14:52,night,Nd:YAG,OK
1716692019,64,49.810123,16.176199,5.351943,0,2024-05-26 02:53:39,night,Excimer,OK
1716720645,43,49.00031,37.758976,9.532549,0,2024-05-26 10:50:45,morning,Diode,OK
1716750741,69,33.355904,30.179825,12.87159,0,2024-05-26 19:12:21,day,Excimer,OK
1716761432,29,33.571114,44.21739,10.298915,0,2024-05-26 22:10:32,night,Excimer,OK
1716821037,18,51.393143,75.45847,3.8861663,0,2024-05-27 14:43:57,day,Diode,OK
1716828952,58,58.2562,53.29412,14.658679,0,2024-05-27 16:55:52,day,Diode,OK
1716834177,3,51.415855,279.67575,1.4791633,0,2024-05-27 18:22:57,day,Diode,OK
1716842794,99,27.670534,50.42298,19.286036,0,2024-05-27 20:46:34,day,Excimer,OK
1716847221,11,19.668867,62.40184,2.8549466,0,2024-05-27 22:00:21,night,Nd:YAG,OK
1716848193,99,15.239637,19.093853,1.0122524,0,2024-05-27 22:16:33,night,Excimer,OK
1716858924,26,127.91241,52.417286,9.544379,0,2024-05-28 01:15:24,night,Nd:YAG,WARNING
1716860863,35,21.063288,43.82675,9.8542595,0,2024-05-28 01:47:43,night,CO2,OK
1716862521,65,32.550533,50.63907,96.010475,0,2024-05-28 02:15:21,night,CO2,OK
1716895146,52,38.83296,28.7446,4.7162514,0,2024-05-28 11:19:06,morning,Fiber,OK
1716955172,78,88.72156,34.00488,1.1395414,0,2024-05-29 03:59:32,night,Diode,OK
1716961892,45,44.108643,45.599804,14.774036,0,2024-05-29 05:51:32,night,CO2,OK
1716974486,12,60.286312,53.270103,15.433762,0,2024-05-29 09:21:26,morning,Fiber,OK
1716989647,36,14.597911,55.61421,82.46648,0,2024-05-29 13:34:07,morning,Nd:YAG,OK
1717005047,55,8.475098,63.64957,15.781418,0,2024-05-29 17:50:47,day,CO2,WARNING
1717009827,6,93.7129,60.040585,1.199532,0,2024-05-29 19:10:27,day,Nd:YAG,OK
1717014720,3,51.623447,37.48794,18.402681,0,2024-05-29 20:32:00,day,Diode,OK
1717021899,27,44.04359,48.269787,15.262057,0,2024-05-29 22:31:39,night,Fiber,OK
1717030562,36,27.599339,39.700954,6.04349,0,2024-05-30 00:56:02,night,Nd:YAG,OK
1717069202,90,89.22824,37.80111,12.933514,0,2024-05-30 11:40:02,morning,CO2,OK
1717080830,31,46.90999,8.556235,6.1743054,0,2024-05-30 14:53:50,day,Nd:YAG,OK
1717087040,72,5.114683,51.208916,4.9285345,0,2024-05-30 16:37:20,day,Fiber,WARNING
1717095383,88,40.077934,22.417494,0.33562082,0,2024-05-30 18:56:23,day,Diode,OK
1717100448,58,56.242165,42.433697,17.811892,0,2024-05-30 20:20:48,day,Diode,OK
1717133109,45,36.083168,13.992868,10.756673,0,2024-05-31 05:25:09,night,CO2,OK
1717133819,47,67.99999,47.896214,2.6580572,0,2024-05-31 05:36:59,night,Fiber,OK
1717137781,75,19.870672,34.486946,4.288974,0,2024-05-31 06:43:01,morning,CO2,OK
1717138829,20,65.64362,38.07013,11.049508,0,2024-05-31 07:00:29,morning,CO2,OK
1717138909,87,67.69232,44.099346,3.1528351,0,2024-05-31 07:01:49,morning,Fiber,OK
1717156142,13,89.317,69.48814,3.001523,0,2024-05-31 11:49:02,morning,Diode,OK
1717168015,81,7.3297687,42.89436,7.009222,0,2024-05-31 15:06:55,day,Nd:YAG,WARNING
1717172456,10,19.335587,50.997883,4.5508986,0,2024-05-31 16:20:56,day,CO2,OK
1717193990,33,324.83234,68.23667,1.9222019,0,2024-05-31 22:19:50,night,Diode,WARNING
1717231951,23,269.9724,81.73581,2.9952824,0,2024-06-01 08:52:31,morning,Diode,WARNING
1717259440,66,130.08405,81.07344,5.0973926,0,2024-06-01 16:30:40,day,Nd:YAG,WARNING
1717281736,3,58.103104,16.694414,2.6318557,0,2024-06-01 22:42:16,night,Diode,OK
1717297775,78,59.336998,65.07282,5.5992303,0,2024-06-02 03:09:35,night,Diode,OK
1717298985,62,101.89735,52.53395,10.384604,0,2024-06-02 03:29:45,night,Fiber,WARNING
1717303720,44,11.100854,63.904366,6.924627,0,2024-06-02 04:48:40,night,Excimer,OK
1717331541,65,45.313095,57.68525,1.3317027,0,2024-06-02 12:32:21,morning,CO2,OK
1717343725,14,33.14701,28.226206,11.90238,0,2024-06-02 15:55:25,day,Excimer,OK
1717370219,30,72.71897,22.563902,8.498108,0,2024-06-02 23:16:59,night,CO2,OK
1717400101,88,24.809128,39.594868,4.5653443,0,2024-06-03 07:35:01,morning,Diode,OK
1717414063,73,57.4769,6.6823177,7.470043,0,2024-06-03 11:27:43,morning,Diode,OK
1717439555,17,38.93862,87.393295,2.8808596,0,2024-06-03 18:32:35,day,Fiber,OK
1717440909,43,80.723595,73.382904,6.0983315,0,2024-06-03 18:55:09,day,Diode,OK
1717490486,21,95.1603,34.0588,0.958863,0,2024-06-04 08:41:26,morning,Nd:YAG,OK
1717507222,18,68.18502,88.7605,1.0944679,0,2024-06-04 13:20:22,morning,Diode,OK
1717523746,87,66.68965,1.053695,0.4179364,0,2024-06-04 17:55:46,day,Fiber,OK
1717565389,20,23.839773,48.201252,11.842396,0,2024-06-05 05:29:49,night,CO2,OK
1717591869,89,91.19305,69.24324,2.0405736,0,2024-06-05 12:51:09,morning,Excimer,OK
1717594588,65,48.01121,22.749163,2.9332213,0,2024-06-05 13:36:28,morning,CO2,OK
1717601165,54,12.57129,49.94059,4.2786775,0,2024-06-05 15:26:05,day,Excimer,OK
1717612206,0,76.87278,48.089592,5.139926,0,2024-06-05 18:30:06,day,CO2,OK
1717638818,66,89.070366,50.648617,6.0968676,0,2024-06-06 01:53:38,night,Nd:YAG,OK
1717659289,28,64.401505,49.851376,13.375539,0,2024-06-06 07:34:49,morning,Diode,OK
1717674768,37,63.50517,21.720629,16.2674,0,2024-06-06 11:52:48,morning,Fiber,OK
1717712991,95,62.31263,50.745033,6.657086,0,2024-06-06 22:29:51,night,CO2,OK
1717756089,89,25.929485,24.321733,9.373106,0,2024-06-07 10:28:09,morning,Excimer,OK
1717819185,5,84.405876,81.77458,6.973263,0,2024-06-08 03:59:45,night,CO2,OK
1717823082,87,62.615116,23.704601,7.312831,0,2024-06-08 05:04:42,night,Fiber,OK
1717856789,77,263.70828,27.071991,10.245956,0,2024-06-08 14:26:29,day,Fiber,WARNING
1717859279,42,1.8097987,32.077084,1.467499,0,2024-06-08 15:07:59,day,Fiber,WARNING
1717862116,41,83.974915,59.915863,0.30929157,0,2024-06-08 15:55:16,day,Nd:YAG,OK
1717866567,33,72.09901,71.10788,0.90934336,0,2024-06-08 17:09:27,day,Diode,OK
1717881948,72,62.591015,10.38137,8.911751,0,2024-06-08 21:25:48,day,Fiber,OK
1717882280,26,46.702583,36.157127,22.714859,0,2024-06-08 21:31:20,day,Nd:YAG,OK
1717914313,12,59.386616,83.07329,17.962551,0,2024-06-09 06:25:13,morning,Fiber,OK
1717918874,75,46.73022,61.31504,2.767703,0,2024-06-09 07:41:14,morning,CO2,OK
1718000751,34,316.67645,47.92361,9.137963,0,2024-06-10 06:25:51,morning,Excimer,WARNING
1718041866,29,41.57529,34.964634,10.531069,0,2024-06-10 17:51:06,day,Excimer,OK
1718046805,38,91.50236,18.045588,8.005709,0,2024-06-10 19:13:25,day,Diode,OK
1718060551,37,63.303913,28.100344,1.6442314,0,2024-06-10 23:02:31,night,Fiber,OK
1718074505,3,94.63113,40.989464,126.76924,0,2024-06-11 02:55:05,night,Diode,OK
1718080124,46,8.525871,44.662037,0.4088106,0,2024-06-11 04:28:44,night,Nd:YAG,WARNING
1718099060,87,19.705399,62.02079,5.394149,0,2024-06-11 09:44:20,morning,Fiber,OK
1718112917,56,96.95464,41.23924,11.216273,0,2024-06-11 13:35:17,morning,Nd:YAG,OK
1718122705,90,54.713745,92.03617,29.120823,0,2024-06-11 16:18:25,day,CO2,OK
1718131015,57,27.47879,47.666065,5.610461,0,2024-06-11 18:36:55,day,Fiber,OK
1718138878,16,51.78482,31.25262,3.4074113,0,2024-06-11 20:47:58,day,Nd:YAG,OK
1718180344,45,50.143105,41.409306,14.9465475,0,2024-06-12 08:19:04,morning,CO2,OK
1718181449,86,73.762054,30.742828,116.0266,0,2024-06-12 08:37:29,morning,Nd:YAG,OK
1718205632,1,31.169956,53.542274,3.6410768,0,2024-06-12 15:20:32,day,Nd:YAG,OK
1718218805,34,43.625755,38.287125,5.2843347,0,2024-06-12 19:00:05,day,Excimer,OK
1718236736,11,68.417145,53.04077,1.0873765,0,2024-06-12 23:58:56,night,Nd:YAG,OK
1718258615,14,77.02982,66.604164,3.4073222,0,2024-06-13 06:03:35,morning,Excimer,OK
1718367803,16,51.26913,49.090836,12.369489,0,2024-06-14 12:23:23,morning,Nd:YAG,OK
1718387781,63,98.7665,39.80386,0.08362323,0,2024-06-14 17:56:21,day,Diode,OK
1718395082,74,22.656961,24.661545,9.446102,0,2024-06-14 19:58:02,day,Excimer,OK
1718411220,11,57.605915,93.13541,6.676519,0,2024-06-15 00:27:00,night,Nd:YAG,OK
1718412179,15,68.10023,48.52293,18.883429,0,2024-06-15 00:42:59,night,CO2,OK
1718412596,21,57.37213,35.094578,5.5000663,0,2024-06-15 00:49:56,night,Nd:YAG,OK
1718415602,92,84.876915,44.30567,4.404546,0,2024-06-15 01:40:02,night,Fiber,OK
1718451237,23,29.068748,93.679985,72.921196,0,2024-06-15 11:33:57,morning,Diode,OK
1718451718,26,24.529099,78.37081,9.002092,0,2024-06-15 11:41:58,morning,Nd:YAG,OK
1718490042,29,45.93209,241.44633,13.772999,0,2024-06-15 22:20:42,night,Excimer,OK
1718508204,85,51.55798,62.082645,4.6069818,0,2024-06-16 03:23:24,night,CO2,ERROR
1718538882,90,77.16367,21.119396,7.9039693,0,2024-06-16 11:54:42,morning,CO2,OK
1718562922,84,41.817245,35.42907,5.2457714,0,2024-06-16 18:35:22,day,Excimer,OK
1718589312,99,5.8494115,83.75965,0.1935833,0,2024-06-17 01:55:12,night,Excimer,WARNING
1718613038,16,55.344784,82.96002,1.2661293,0,2024-06-17 08:30:38,morning,Nd:YAG,OK
1718632156,86,11.537373,90.65204,1.4334432,0,2024-06-17 13:49:16,morning,Nd:YAG,OK
1718680762,3,68.22314,45.08905,10.698579,0,2024-06-18 03:19:22,night,Diode,OK
1718685003,31,28.50965,21.320427,11.083274,0,2024-06-18 04:30:03,night,Nd:YAG,OK
1718713399,77,33.23304,22.762869,21.13087,0,2024-06-18 12:23:19,morning,Fiber,OK
1718714493,33,17.833904,24.234434,11.03782,0,2024-06-18 12:41:33,morning,Diode,OK
1718729146,13,44.56701,74.239006,5.3703074,0,2024-06-18 16:45:46,day,Diode,OK
1718747312,17,39.440403,68.53684,8.307657,0,2024-06-18 21:48:32,day,Fiber,OK
1718748537,28,47.978146,32.506817,2.4508169,0,2024-06-18 22:08:57,night,Diode,OK
1718756361,66,61.363483,106.11595,0.68363667,0,2024-06-19 00:19:21,night,Nd:YAG,OK
1718775040,11,54.058628,39.641216,11.324214,0,2024-06-19 05:30:40,night,Nd:YAG,OK
1718800651,33,33.783348,52.715622,1.2123806,0,2024-06-19 12:37:31,morning,Diode,OK
1718809820,77,6.380237,11.121994,5.467957,0,2024-06-19 15:10:20,day,Fiber,WARNING
1718825108,82,57.267956,34.37959,1.3323421,0,2024-06-19 19:25:08,day,Fiber,OK
1718835625,32,50.12454,50.82754,2.2727911,0,2024-06-19 22:20:25,night,Fiber,OK
1718844436,36,17.908625,33.95889,4.4770064,0,2024-06-20 00:47:16,night,Nd:YAG,OK
1718848795,33,58.84769,75.59717,3.9066393,0,2024-06-20 01:59:55,night,Diode,OK
1718863049,6,92.34694,68.461006,10.233161,0,2024-06-20 05:57:29,night,Nd:YAG,OK
1718866868,27,76.820656,69.590324,8.838996,0,2024-06-20 07:01:08,morning,Fiber,OK
1718875237,95,70.76127,100.09398,3.3637764,0,2024-06-20 09:20:37,morning,CO2,OK
1718891883,54,38.747276,33.0857,9.650416,0,2024-06-20 13:58:03,morning,Excimer,ERROR
1718928341,21,77.19574,13.445928,3.5433385,0,2024-06-21 00:05:41,night,Nd:YAG,OK
1718946517,41,89.86606,21.64048,6.424612,0,2024-06-21 05:08:37,night,Nd:YAG,OK
1718957857,67,120.43702,92.155495,2.457711,0,2024-06-21 08:17:37,morning,Fiber,WARNING
1719014196,89,9.48022,40.910694,3.5340202,0,2024-06-21 23:56:36,night,Excimer,WARNING
1719029126,58,51.910908,33.372223,2.2863615,0,2024-06-22 04:05:26,night,Diode,OK
1719051679,25,154.03651,39.487385,9.07973,0,2024-06-22 10:21:19,morning,CO2,WARNING
1719064376,66,56.999725,48.75542,9.500174,0,2024-06-22 13:52:56,morning,Nd:YAG,OK
1719079318,43,70.277756,26.759726,1.2278286,0,2024-06-22 18:01:58,day,Diode,OK
1719089251,6,43.991627,72.69171,17.680899,0,2024-06-22 20:47:31,day,Nd:YAG,OK
1719100338,23,64.69509,32.5248,129.55028,0,2024-06-22 23:52:18,night,Diode,OK
1719116603,65,54.079975,84.196976,0.9205299,0,2024-06-23 04:23:23,night,CO2,ERROR
1719143279,77,70.67228,48.21052,2.9508216,0,2024-06-23 11:47:59,morning,Fiber,OK
1719144161,75,10.225219,59.172306,99.42396,0,2024-06-23 12:02:41,morning,CO2,WARNING
1719179104,23,73.354416,19.144566,6.8182473,0,2024-06-23 21:45:04,day,Diode,OK
1719186402,99,357.41992,37.611107,0.11589369,0,2024-06-23 23:46:42,night,Excimer,WARNING
1719200689,68,65.74071,56.224888,3.2762895,0,2024-06-24 03:44:49,night,Diode,OK
1719200960,73,59.97408,35.907425,4.2524605,0,2024-06-24 03:49:20,night,Diode,OK
1719215974,57,40.2293,67.702126,13.943991,0,2024-06-24 07:59:34,morning,Fiber,OK
1719216406,83,18.303326,44.009933,17.051058,0,2024-06-24 08:06:46,morning,Diode,OK
1719228982,81,43.953007,51.766655,9.828022,0,2024-06-24 11:36:22,morning,Nd:YAG,OK
1719230445,5,76.70379,123.76843,21.10145,0,2024-06-24 12:00:45,morning,CO2,OK
1719234370,36,28.159775,56.56858,22.207573,0,2024-06-24 13:06:10,morning,Nd:YAG,OK
1719262432,71,53.53925,46.92028,1.9398124,0,2024-06-24 20:53:52,day,Nd:YAG,OK
1719297309,14,47.160366,60.74522,8.638033,0,2024-06-25 06:35:09,morning,Excimer,OK
1719327760,37,21.7117,95.45994,8.660049,0,2024-06-25 15:02:40,day,Fiber,OK
1719349354,65,40.464836,38.479477,10.437989,0,2024-06-25 21:02:34,day,CO2,OK
1719368595,87,52.00096,135.98611,6.6403146,0,2024-06-26 02:23:15,night,Fiber,OK
1719369758,28,41.114086,49.6125,92.15198,0,2024-06-26 02:42:38,night,Diode,OK
1719370309,77,370.71902,26.337475,4.7334037,0,2024-06-26 02:51:49,night,Fiber,WARNING
1719403102,49,19.401197,59.618164,10.238633,0,2024-06-26 11:58:22,morning,Excimer,OK
1719425705,96,21.50675,53.383965,7.5427623,0,2024-06-26 18:15:05,day,Nd:YAG,OK
1719427916,19,79.628876,45.584774,3.409246,0,2024-06-26 18:51:56,day,Excimer,OK
1719432644,42,44.41607,56.32133,2.810265,0,2024-06-26 20:10:44,day,Fiber,OK
1719443426,2,71.322365,9.370441,8.1034,0,2024-06-26 23:10:26,night,Fiber,OK
1719473458,45,9.2425375,16.800623,5.8847733,0,2024-06-27 07:30:58,morning,CO2,WARNING
1719486308,3,42.65849,42.21766,14.688983,0,2024-06-27 11:05:08,morning,Diode,OK
1719490494,68,56.251602,91.14316,12.833224,0,2024-06-27 12:14:54,morning,Diode,OK
1719497516,99,56.460064,55.43733,1.9613987,0,2024-06-27 14:11:56,day,Excimer,OK
1719545770,17,86.93448,316.40955,15.409147,0,2024-06-28 03:36:10,night,Fiber,OK
1719554338,43,26.475798,55.31823,12.256468,0,2024-06-28 05:58:58,night,Diode,OK
1719567953,95,94.29503,44.05108,7.262454,0,2024-06-28 09:45:53,morning,CO2,OK
1719578469,26,39.89389,72.82738,1.7936279,0,2024-06-28 12:41:09,morning,Nd:YAG,OK
1719595736,24,82.16662,36.14144,5.97045,0,2024-06-28 17:28:56,day,Excimer,OK
1719616901,9,5.175485,94.41331,1.2969611,0,2024-06-28 23:21:41,night,Excimer,WARNING
1719619177,4,49.043865,29.707546,16.200603,0,2024-06-28 23:59:37,night,Excimer,OK
1719626222,0,57.23694,32.751083,4.876073,0,2024-06-29 01:57:02,night,CO2,OK
1719640068,51,21.746801,28.544497,4.170815,0,2024-06-29 05:47:48,night,Nd:YAG,OK
1719662439,36,88.535355,35.505466,14.146662,0,2024-06-29 12:00:39,morning,Nd:YAG,OK
1719671413,69,99.95652,52.92864,9.624653,0,2024-06-29 14:30:13,day,Excimer,OK
1719681172,35,6.6219444,11.49289,7.7106047,0,2024-06-29 17:12:52,day,CO2,WARNING
1719702203,50,52.037075,74.87988,2.936662,0,2024-06-29 23:03:23,night,CO2,OK
1719705079,33,64.84457,48.50468,11.403242,0,2024-06-29 23:51:19,night,Diode,OK
1719710123,68,17.659336,58.15913,18.140352,0,2024-06-30 01:15:23,night,Diode,OK
1719710210,48,29.35276,50.17438,7.270519,0,2024-06-30 01:16:50,night,Diode,OK
1719712327,27,36.02148,23.962233,4.4098296,0,2024-06-30 01:52:07,night,Fiber,OK
1719748318,89,85.29206,41.92668,3.4928532,0,2024-06-30 11:51:58,morning,Excimer,OK
1719774883,83,43.515408,88.33472,1.122945,0,2024-06-30 19:14:43,day,Diode,OK
1719784790,19,118.06106,105.90214,65.8342,0,2024-06-30 21:59:50,day,Excimer,WARNING
1719809671,63,66.23904,60.210335,10.021655,0,2024-07-01 04:54:31,night,Diode,OK
1719821056,47,29.72369,49.33766,9.292649,0,2024-07-01 08:04:16,morning,Fiber,OK
1719842049,4,24.70759,98.62359,4.1741753,0,2024-07-01 13:54:09,morning,Excimer,OK
1719847455,44,56.455276,2.87175,13.022064,0,2024-07-01 15:24:15,day,Excimer,OK
1719894215,4,68.10258,61.879856,88.65942,0,2024-07-02 04:23:35,night,Excimer,OK
1719932169,41,21.362293,40.104595,3.0822253,0,2024-07-02 14:56:09,day,Nd:YAG,OK
1719950141,35,31.771208,54.630142,18.25955,0,2024-07-02 19:55:41,day,CO2,OK
1719956017,50,24.863844,58.99818,121.66472,0,2024-07-02 21:33:37,day,CO2,OK
1720035092,10,36.24562,84.6896,7.90336,0,2024-07-03 19:31:32,day,CO2,OK
1720106172,36,6.442137,22.51459,18.298347,0,2024-07-04 15:16:12,day,Nd:YAG,WARNING
1720138382,33,103.679886,46.490204,10.939184,0,2024-07-05 00:13:02,night,Diode,WARNING
1720175339,3,69.47014,13.942535,7.8810287,0,2024-07-05 10:28:59,morning,Diode,OK
1720176489,93,74.495384,14.714608,4.7401037,0,2024-07-05 10:48:09,morning,Diode,OK
1720194231,6,301.2827,27.857027,74.90589,0,2024-07-05 15:43:51,day,Nd:YAG,WARNING
1720213545,67,0.5325583,35.11037,7.812132,0,2024-07-05 21:05:45,day,Fiber,WARNING
1720221838,12,53.195877,64.43545,23.224083,0,2024-07-05 23:23:58,night,Fiber,OK
1720310748,77,63.634438,41.31699,2.8128734,0,2024-07-07 00:05:48,night,Fiber,OK
1720320721,15,53.1462,41.479733,12.503917,0,2024-07-07 02:52:01,night,CO2,OK
1720346957,98,59.12865,378.27313,4.4304476,0,2024-07-07 10:09:17,morning,Diode,OK
1720349809,32,61.011253,60.88914,12.699409,0,2024-07-07 10:56:49,morning,Fiber,OK
1720358251,46,19.346128,49.29641,14.63602,0,2024-07-07 13:17:31,morning,Nd:YAG,OK
1720359363,70,60.566086,50.079414,11.397119,0,2024-07-07 13:36:03,morning,CO2,OK
1720409505,27,6.1506376,46.959743,2.2935886,0,2024-07-08 03:31:45,night,Fiber,WARNING
1720433745,12,24.153734,57.40262,7.7453547,0,2024-07-08 10:15:45,morning,Fiber,OK
1720440346,94,38.393448,19.601208,3.3014708,0,2024-07-08 12:05:46,morning,Excimer,OK
1720532352,12,52.82666,37.771133,11.306612,0,2024-07-09 13:39:12,morning,Fiber,OK
1720547617,0,55.11357,57.983906,72.07646,0,2024-07-09 17:53:37,day,CO2,OK
1720626818,62,88.50931,31.089472,3.5121799,0,2024-07-10 15:53:38,day,Fiber,OK
1720633923,79,40.93427,50.31611,1.2870979,0,2024-07-10 17:52:03,day,Excimer,OK
1720650126,65,35.65913,70.3155,1.709873,0,2024-07-10 22:22:06,night,CO2,OK
1720698849,42,60.136753,66.240486,19.11062,0,2024-07-11 11:54:09,morning,Fiber,OK
1720714404,25,44.286755,81.14097,8.578623,0,2024-07-11 16:13:24,day,CO2,OK
1720759666,59,325.81128,21.410425,1.4768583,0,2024-07-12 04:47:46,night,Excimer,WARNING
1720759983,12,68.17535,25.941462,4.2983966,0,2024-07-12 04:53:03,night,Fiber,OK
1720775029,1,61.81859,48.66249,19.955795,0,2024-07-12 09:03:49,morning,Nd:YAG,OK
1720783881,46,55.795704,63.38928,16.888514,0,2024-07-12 11:31:21,morning,Nd:YAG,OK
1720804297,61,77.58722,33.778873,0.41569543,0,2024-07-12 17:11:37,day,Nd:YAG,OK
1720829149,74,67.61927,51.550747,13.046717,0,2024-07-13 00:05:49,night,Excimer,OK
1720839794,34,34.918453,44.425476,139.34933,0,2024-07-13 03:03:14,night,Excimer,OK
1720905477,14,81.69976,45.672268,15.473657,0,2024-07-13 21:17:57,day,Excimer,OK
1720911678,18,38.35229,72.959114,8.87031,0,2024-07-13 23:01:18,night,Diode,OK
1720916187,76,41.413315,47.76576,20.426159,0,2024-07-14 00:16:27,night,Nd:YAG,OK
1720922427,15,57.19147,41.462646,3.026016,0,2024-07-14 02:00:27,night,CO2,OK
1720924907,80,49.490177,88.03109,9.8549385,0,2024-07-14 02:41:47,night,CO2,OK
1720942491,21,46.811516,44.578594,8.960276,0,2024-07-14 07:34:51,morning,Nd:YAG,OK
1720953379,18,60.822693,42.1674,2.8830214,0,2024-07-14 10:36:19,morning,Diode,OK
1720972893,21,66.3696,90.049675,5.503968,0,2024-07-14 16:01:33,day,Nd:YAG,OK
1721025293,88,76.37017,52.31397,19.700117,0,2024-07-15 06:34:53,morning,Diode,OK
1721027074,68,66.90686,18.121834,15.281209,0,2024-07-15 07:04:34,morning,Diode,OK
1721065424,85,47.904343,53.889927,2.570678,0,2024-07-15 17:43:44,day,CO2,OK
1721079859,53,84.5318,46.636772,7.2047925,0,2024-07-15 21:44:19,day,Diode,OK
1721102590,68,86.485176,64.461525,11.119865,0,2024-07-16 04:03:10,night,Diode,OK
1721107450,23,37.48301,68.65814,5.847342,0,2024-07-16 05:24:10,night,Diode,OK
1721134582,29,27.915686,1.3416114,0.8171245,0,2024-07-16 12:56:22,morning,Excimer,OK
1721148054,20,44.48036,67.47342,1.8783283,0,2024-07-16 16:40:54,day,CO2,OK
1721266895,20,20.658812,36.737926,5.993179,0,2024-07-18 01:41:35,night,CO2,OK
1721270979,92,50.756805,27.108345,20.526573,0,2024-07-18 02:49:39,night,Fiber,OK
1721275427,85,20.63335,17.391005,3.7040887,0,2024-07-18 04:03:47,night,CO2,OK
1721292144,64,17.290026,20.615515,2.0743172,0,2024-07-18 08:42:24,morning,Excimer,OK
1721315197,78,27.66273,42.594612,1.1277503,0,2024-07-18 15:06:37,day,Diode,OK
1721326625,5,75.989265,15.059484,3.515802,0,2024-07-18 18:17:05,day,CO2,OK
1721335174,3,51.20409,61.72142,28.829645,0,2024-07-18 20:39:34,day,Diode,OK
1721354305,36,44.96336,65.37054,5.5366135,0,2024-07-19 01:58:25,night,Nd:YAG,OK
1721364691,17,60.077785,37.54738,2.4592617,0,2024-07-19 04:51:31,night,Fiber,OK
1721376660,95,378.5475,37.97576,5.255864,0,2024-07-19 08:11:00,morning,CO2,WARNING
1721389673,35,39.606216,71.4379,21.899073,0,2024-07-19 11:47:53,morning,CO2,OK
1721439867,63,94.19984,81.054504,15.462113,0,2024-07-20 01:44:27,night,Diode,OK
1721443695,40,47.694096,81.50884,105.322845,0,2024-07-20 02:48:15,night,CO2,OK
1721455300,68,22.393362,32.87978,0.5127231,0,2024-07-20 06:01:40,morning,Diode,OK
1721481048,85,59.416954,83.82672,9.412671,0,2024-07-20 13:10:48,morning,CO2,OK
1721491490,23,87.9385,30.606525,8.829791,0,2024-07-20 16:04:50,day,Diode,OK
1721517893,70,38.49387,30.287844,79.116035,0,2024-07-20 23:24:53,night,CO2,OK
1721539683,54,86.801796,33.365887,6.735112,0,2024-07-21 05:28:03,night,Excimer,OK
1721572124,61,49.15072,57.691677,7.611979,0,2024-07-21 14:28:44,day,Nd:YAG,OK
1721581438,60,28.779125,38.128357,23.71296,0,2024-07-21 17:03:58,day,CO2,OK
1721584260,79,63.554325,61.326054,2.8009267,0,2024-07-21 17:51:00,day,Excimer,OK
1721600143,85,71.14134,90.324265,128.5354,0,2024-07-21 22:15:43,night,CO2,OK
1721622058,5,79.48133,79.37724,1.0589463,0,2024-07-22 04:20:58,night,CO2,OK
1721630929,60,38.493954,32.901436,1.2586309,0,2024-07-22 06:48:49,morning,CO2,OK
1721637950,4,37.72662,74.91077,9.21411,0,2024-07-22 08:45:50,morning,Excimer,OK
1721654256,37,80.46161,49.03695,10.422895,0,2024-07-22 13:17:36,morning,Fiber,OK
1721668563,45,37.35471,76.954994,4.1241474,0,2024-07-22 17:16:03,day,CO2,OK
1721685569,42,49.961037,104.380424,7.3381333,0,2024-07-22 21:59:29,day,Fiber,OK
1721694163,69,37.605263,22.165,1.3071907,0,2024-07-23 00:22:43,night,Excimer,ERROR
1721697035,71,77.13002,35.472202,16.12525,0,2024-07-23 01:10:35,night,Nd:YAG,OK
1721707334,60,63.009117,83.880035,17.721369,0,2024-07-23 04:02:14,night,CO2,OK
1721710393,45,45.11423,52.150646,6.402202,0,2024-07-23 04:53:13,night,CO2,OK
1721742283,79,79.6311,21.589115,8.907383,0,2024-07-23 13:44:43,morning,Excimer,OK
1721755241,71,50.831482,25.844015,10.446735,0,2024-07-23 17:20:41,day,Nd:YAG,OK
1721762865,66,42.141582,65.278534,6.749773,0,2024-07-23 19:27:45,day,Nd:YAG,OK
1721779048,75,32.16946,35.280342,7.4590645,0,2024-07-23 23:57:28,night,CO2,OK
1721787300,50,30.372522,91.519714,6.44161,0,2024-07-24 02:15:00,night,CO2,OK
1721793094,43,63.448204,9.24031,4.5814023,0,2024-07-24 03:51:34,night,Diode,OK
1721821034,47,3.3799024,53.867863,8.894857,0,2024-07-24 11:37:14,morning,Fiber,WARNING
1721831572,52,65.443054,33.342308,18.24336,0,2024-07-24 14:32:52,day,Fiber,OK
1721840651,31,72.34164,35.042023,9.198897,0,2024-07-24 17:04:11,day,Nd:YAG,OK
1721850239,99,87.21972,391.53442,12.115179,0,2024-07-24 19:43:59,day,Excimer,OK
1721852392,52,75.599754,74.62648,6.4407024,0,2024-07-24 20:19:52,day,Fiber,OK
1721861014,50,227.07344,0.2861954,5.422542,0,2024-07-24 22:43:34,night,CO2,WARNING
1721863361,55,69.43716,13.757637,6.0364976,0,2024-07-24 23:22:41,night,CO2,OK
1721863557,95,44.955654,36.04632,8.901541,0,2024-07-24 23:25:57,night,CO2,OK
1721884040,5,28.040888,5.2450175,0.79341817,0,2024-07-25 05:07:20,night,CO2,OK
1721907274,75,51.50879,72.70654,9.743822,0,2024-07-25 11:34:34,morning,CO2,OK
1721920337,95,96.8288,75.277504,4.8861547,0,2024-07-25 15:12:17,day,CO2,OK
1721921323,58,30.894644,96.619156,12.7051935,0,2024-07-25 15:28:43,day,Diode,OK
1721947759,0,27.814032,378.1059,4.361387,0,2024-07-25 22:49:19,night,CO2,OK
1722001280,71,1.7954544,390.90204,10.389606,0,2024-07-26 13:41:20,morning,Nd:YAG,WARNING
1722004896,68,22.50635,40.49251,21.609951,0,2024-07-26 14:41:36,day,Diode,OK
1722011762,65,1.5309854,51.499596,4.4902782,0,2024-07-26 16:36:02,day,CO2,WARNING
1722025398,80,53.8843,87.095604,5.361861,0,2024-07-26 20:23:18,day,CO2,OK
1722026107,5,3.157733,83.52754,16.836351,0,2024-07-26 20:35:07,day,CO2,WARNING
1722082158,14,67.09206,25.527096,3.229513,0,2024-07-27 12:09:18,morning,Excimer,OK
1722101049,46,48.96737,38.616474,6.349214,0,2024-07-27 17:24:09,day,Nd:YAG,OK
1722104590,16,43.33554,47.734543,2.494038,0,2024-07-27 18:23:10,day,Nd:YAG,OK
1722114144,60,53.47095,36.947018,1.7605453,0,2024-07-27 21:02:24,day,CO2,OK
1722121446,38,64.55736,33.637814,4.9334307,0,2024-07-27 23:04:06,night,Diode,OK
1722145970,93,31.866194,40.909924,5.039403,0,2024-07-28 05:52:50,night,Diode,OK
1722158877,1,61.790504,8.036808,10.473945,0,2024-07-28 09:27:57,morning,Nd:YAG,OK
1722163785,46,90.88057,30.96586,17.068306,0,2024-07-28 10:49:45,morning,Nd:YAG,OK
1722187670,1,12.721844,41.39397,3.8290124,0,2024-07-28 17:27:50,day,Nd:YAG,OK
1722206405,54,33.89173,8.231888,13.192737,0,2024-07-28 22:40:05,night,Excimer,OK
1722226079,15,17.17493,14.703965,8.183906,0,2024-07-29 04:07:59,night,CO2,OK
1722229428,25,22.720505,86.052956,14.992774,0,2024-07-29 05:03:48,night,CO2,OK
1722236944,7,67.997154,50.871754,13.987646,0,2024-07-29 07:09:04,morning,Fiber,OK
1722261392,83,1.3316845,11.97058,9.137009,0,2024-07-29 13:56:32,morning,Diode,WARNING
1722263773,37,62.862743,66.66196,6.568461,0,2024-07-29 14:36:13,day,Fiber,OK
1722268912,85,35.204506,59.969624,110.45074,0,2024-07-29 16:01:52,day,CO2,OK
1722303270,88,44.490486,49.30748,5.259086,0,2024-07-30 01:34:30,night,Diode,OK
1722306835,54,56.62406,51.326015,0.085357115,0,2024-07-30 02:33:55,night,Excimer,OK
1722319115,69,68.28247,70.74514,3.187643,0,2024-07-30 05:58:35,night,Excimer,OK
1722352258,91,43.423748,26.183367,12.92093,0,2024-07-30 15:10:58,day,Nd:YAG,OK
1722356047,67,58.30816,48.915188,5.001862,0,2024-07-30 16:14:07,day,Fiber,OK
1722376816,5,16.16058,66.006065,6.8207216,0,2024-07-30 22:00:16,night,CO2,OK
1722377852,2,40.730034,45.693363,8.14365,0,2024-07-30 22:17:32,night,Fiber,OK
1722378328,68,33.284092,61.266705,6.079443,0,2024-07-30 22:25:28,night,Diode,OK
1722382685,6,36.027782,57.997696,8.036711,0,2024-07-30 23:38:05,night,Nd:YAG,OK
1722392201,53,16.849981,25.714178,1.7465795,0,2024-07-31 02:16:41,night,Diode,OK
1722415994,98,53.592976,18.816673,21.28547,0,2024-07-31 08:53:14,morning,Diode,OK
1722427828,11,66.358116,41.69976,0.7775768,0,2024-07-31 12:10:28,morning,Nd:YAG,OK
1722428231,70,12.672764,46.65683,2.866269,0,2024-07-31 12:17:11,morning,CO2,OK
1722430089,13,42.923904,55.72556,8.367435,0,2024-07-31 12:48:09,morning,Diode,OK
1722484880,0,72.76049,71.9137,3.084624,0,2024-08-01 04:01:20,night,CO2,OK
1722486867,30,84.76275,66.866325,0.46230024,0,2024-08-01 04:34:27,night,CO2,OK
1722487942,85,70.17805,73.70283,20.031937,0,2024-08-01 04:52:22,night,CO2,OK
1722495389,68,40.890648,48.958523,10.377463,0,2024-08-01 06:56:29,morning,Diode,OK
1722495697,31,69.13947,357.67752,12.343416,0,2024-08-01 07:01:37,morning,Nd:YAG,OK
1722511403,64,26.84598,52.41833,1.4158425,0,2024-08-01 11:23:23,morning,Excimer,OK
1722571863,88,40.03906,31.675726,8.154889,0,2024-08-02 04:11:03,night,Diode,OK
1722618578,88,97.58893,55.438713,10.5261755,0,2024-08-02 17:09:38,day,Diode,OK
1722645582,17,99.99684,53.737816,1.9074523,0,2024-08-03 00:39:42,night,Fiber,OK
1722663820,80,41.75763,63.96678,12.581827,0,2024-08-03 05:43:40,night,CO2,OK
1722664353,75,30.287516,58.990173,18.894417,0,2024-08-03 05:52:33,night,CO2,OK
1722683161,79,37.075516,36.599026,2.7980545,0,2024-08-03 11:06:01,morning,Excimer,OK
1722795184,77,19.597979,51.99846,3.1600688,0,2024-08-04 18:13:04,day,Fiber,OK
1722814561,75,20.773907,65.32974,12.323594,0,2024-08-04 23:36:01,night,CO2,OK
1722819365,34,8.869896,67.293816,20.298923,0,2024-08-05 00:56:05,night,Excimer,WARNING
1722823359,64,46.447613,30.411583,3.1366386,0,2024-08-05 02:02:39,night,Excimer,OK
1722825609,74,5.7191124,46.015343,10.435459,0,2024-08-05 02:40:09,night,Excimer,WARNING
1722828745,53,70.472145,65.50179,5.8578043,0,2024-08-05 03:32:25,night,Diode,OK
1722837524,98,36.1913,52.3133,8.46364,0,2024-08-05 05:58:44,night,Diode,OK
1722881326,8,48.94139,35.615627,8.055981,0,2024-08-05 18:08:46,day,Diode,OK
1722884952,34,70.13705,64.08066,14.863709,0,2024-08-05 19:09:12,day,Excimer,OK
1722888317,49,47.998817,40.53293,12.924534,0,2024-08-05 20:05:17,day,Excimer,OK
1722899438,21,29.241203,64.11514,17.655165,0,2024-08-05 23:10:38,night,Nd:YAG,OK
1722909573,71,51.270752,60.495564,8.03148,0,2024-08-06 01:59:33,night,Nd:YAG,OK
1722930430,81,41.560898,75.84752,8.96002,0,2024-08-06 07:47:10,morning,Nd:YAG,OK
1722967182,66,18.907234,60.54731,5.351283,0,2024-08-06 17:59:42,day,Nd:YAG,OK
1722995941,45,291.4214,75.068596,3.6436505,0,2024-08-07 01:59:01,night,CO2,WARNING
1723026421,19,56.238472,81.21167,18.366228,0,2024-08-07 10:27:01,morning,Excimer,OK
1723053184,62,2.651899,36.641617,130.3566,0,2024-08-07 17:53:04,day,Fiber,WARNING
1723079387,8,16.626629,49.93312,132.82227,0,2024-08-08 01:09:47,night,Diode,OK
1723079966,83,33.7488,46.763123,2.5490572,0,2024-08-08 01:19:26,night,Diode,OK
1723090150,12,54.87054,39.378437,3.6044295,0,2024-08-08 04:09:10,night,Fiber,OK
1723151879,81,11.69198,83.21909,3.3849943,0,2024-08-08 21:17:59,day,Nd:YAG,OK
1723152844,44,8.2906,41.467247,11.167068,0,2024-08-08 21:34:04,day,Excimer,WARNING
1723221336,65,80.10506,94.47304,17.128746,0,2024-08-09 16:35:36,day,CO2,OK
1723230892,77,48.68479,45.9044,8.546522,0,2024-08-09 19:14:52,day,Fiber,OK
1723249193,85,75.97129,55.22037,21.358307,0,2024-08-10 00:19:53,night,CO2,OK
1723256790,84,44.839893,84.610435,2.0033033,0,2024-08-10 02:26:30,night,Excimer,OK
1723283697,31,74.249886,55.571938,1.5869327,0,2024-08-10 09:54:57,morning,Nd:YAG,OK
1723311271,84,11.849144,67.783226,6.2270684,0,2024-08-10 17:34:31,day,Excimer,OK
1723315098,46,43.84206,78.96776,6.8220434,0,2024-08-10 18:38:18,day,Nd:YAG,OK
1723317440,0,50.938385,39.63219,5.374166,0,2024-08-10 19:17:20,day,CO2,OK
1723323581,43,6.3254924,53.047615,0.33576593,0,2024-08-10 20:59:41,day,Diode,WARNING
1723323620,47,80.54928,20.148434,1.5938197,0,2024-08-10 21:00:20,day,Fiber,OK
1723336638,36,51.777657,34.2086,11.16246,0,2024-08-11 00:37:18,night,Nd:YAG,OK
1723389949,23,104.0666,45.893227,9.344668,0,2024-08-11 15:25:49,day,Diode,WARNING
1723397048,94,44.549423,115.54333,0.76910144,0,2024-08-11 17:24:08,day,Excimer,OK
1723401862,83,64.08455,32.04367,7.4937987,0,2024-08-11 18:44:22,day,Diode,OK
1723415205,85,55.965042,66.91141,2.324995,0,2024-08-11 22:26:45,night,CO2,OK
1723453719,94,62.502445,17.784971,2.0365264,0,2024-08-12 09:08:39,morning,Excimer,OK
1723461874,60,44.97654,36.678825,16.178183,0,2024-08-12 11:24:34,morning,CO2,OK
1723463430,81,92.604935,115.562195,19.727425,0,2024-08-12 11:50:30,morning,Nd:YAG,OK
1723486759,3,51.432957,45.117218,2.4509656,0,2024-08-12 18:19:19,day,Diode,OK
1723580393,42,42.801594,12.989355,1.6150496,0,2024-08-13 20:19:53,day,Fiber,OK
1723612286,45,24.395403,52.79574,0.09702322,0,2024-08-14 05:11:26,night,CO2,OK
1723617269,23,54.15757,52.948433,5.4918137,0,2024-08-14 06:34:29,morning,Diode,OK
1723624269,98,52.30314,52.13408,9.109766,0,2024-08-14 08:31:09,morning,Diode,OK
1723644809,71,95.91582,57.46695,7.5910516,0,2024-08-14 14:13:29,day,Nd:YAG,OK
1723655445,50,61.944046,73.66252,8.912147,0,2024-08-14 17:10:45,day,CO2,OK
1723681580,96,43.88001,96.43125,2.4211903,0,2024-08-15 00:26:20,night,Nd:YAG,OK
1723707233,47,66.56725,87.80896,2.090049,0,2024-08-15 07:33:53,morning,Fiber,OK
1723709500,68,49.01907,48.113758,2.224971,0,2024-08-15 08:11:40,morning,Diode,OK
1723744208,30,51.077766,26.556837,2.9986956,0,2024-08-15 17:50:08,day,CO2,OK
1723773450,32,47.21802,31.653076,0.90407234,0,2024-08-16 01:57:30,night,Fiber,OK
1723786618,17,16.890278,61.894596,8.463874,0,2024-08-16 05:36:58,night,Fiber,OK
1723787208,7,51.350235,34.10728,7.6232963,0,2024-08-16 05:46:48,night,Fiber,OK
1723795507,93,52.06345,12.287889,3.639364,0,2024-08-16 08:05:07,morning,Diode,OK
1723803884,55,56.64078,414.61258,3.5354106,0,2024-08-16 10:24:44,morning,CO2,OK
1723814404,91,37.24017,49.892696,8.565662,0,2024-08-16 13:20:04,morning,Nd:YAG,OK
1723824387,86,49.168777,377.82846,1.6724871,0,2024-08-16 16:06:27,day,Nd:YAG,OK
1723827607,27,13.779563,66.62728,0.9518466,0,2024-08-16 17:00:07,day,Fiber,OK
1723835072,91,95.30837,40.104378,3.6651561,0,2024-08-16 19:04:32,day,Nd:YAG,OK
1723875452,5,36.579575,48.018833,2.6830761,0,2024-08-17 06:17:32,morning,CO2,OK
1723888573,93,29.302656,17.715443,6.4088864,0,2024-08-17 09:56:13,morning,Diode,OK
1723926735,40,67.90218,20.467619,13.21781,0,2024-08-17 20:32:15,day,CO2,OK
1723931471,47,44.54491,49.18323,13.811726,0,2024-08-17 21:51:11,day,Fiber,OK
1723941701,40,0.4864149,68.97528,7.7632604,0,2024-08-18 00:41:41,night,CO2,WARNING
1723941786,14,36.73076,58.00843,17.176414,0,2024-08-18 00:43:06,night,Excimer,OK
1723994607,94,77.791405,81.0607,0.50282305,0,2024-08-18 15:23:27,day,Excimer,OK
1724011214,95,88.975006,64.55854,20.147163,0,2024-08-18 20:00:14,day,CO2,OK
1724070462,80,33.323627,58.88158,6.8154936,0,2024-08-19 12:27:42,morning,CO2,OK
1724072001,19,64.00772,73.337746,9.691068,0,2024-08-19 12:53:21,morning,Excimer,OK
1724091199,62,16.009508,18.457985,10.685701,0,2024-08-19 18:13:19,day,Fiber,OK
1724095039,67,53.262886,82.27651,17.589582,0,2024-08-19 19:17:19,day,Fiber,OK
1724113633,71,36.297836,44.173264,3.5635624,0,2024-08-20 00:27:13,night,Nd:YAG,OK
1724118777,54,44.611,69.10628,5.336326,0,2024-08-20 01:52:57,night,Excimer,OK
1724128224,28,48.017513,78.1684,19.142622,0,2024-08-20 04:30:24,night,Diode,OK
1724164144,41,30.948326,46.847046,15.617726,0,2024-08-20 14:29:04,day,Nd:YAG,OK
1724187005,23,51.221786,71.729904,2.1248777,0,2024-08-20 20:50:05,day,Diode,OK
1724202539,73,40.59421,11.900687,20.121225,0,2024-08-21 01:08:59,night,Diode,OK
1724209616,92,18.018295,57.866573,6.767348,0,2024-08-21 03:06:56,night,Fiber,OK
1724251269,91,41.958458,38.031616,2.568688,0,2024-08-21 14:41:09,day,Nd:YAG,OK
1724277748,37,3.388729,80.60083,8.617532,0,2024-08-21 22:02:28,night,Fiber,WARNING
1724289182,90,5.928335,15.22397,4.737854,0,2024-08-22 01:13:02,night,CO2,WARNING
1724360465,41,33.259647,37.99265,9.722242,0,2024-08-22 21:01:05,day,Nd:YAG,OK
1724412425,35,52.575195,67.27253,1.2033058,0,2024-08-23 11:27:05,morning,CO2,OK
1724423469,16,62.725357,54.6589,6.9901414,0,2024-08-23 14:31:09,day,Nd:YAG,OK
1724427635,97,25.758863,18.524649,2.0900602,0,2024-08-23 15:40:35,day,Fiber,OK
1724455867,77,40.520485,28.897509,144.04448,0,2024-08-23 23:31:07,night,Fiber,OK
1724555207,41,22.614098,98.18943,3.593694,0,2024-08-25 03:06:47,night,Nd:YAG,OK
1724562531,67,56.943905,78.76739,9.359767,0,2024-08-25 05:08:51,night,Fiber,OK
1724562629,31,15.1840725,65.32186,3.7615702,0,2024-08-25 05:10:29,night,Nd:YAG,OK
1724575969,10,55.423775,83.063,122.41093,0,2024-08-25 08:52:49,morning,CO2,OK
1724596925,1,19.715738,14.301159,0.12256829,0,2024-08-25 14:42:05,day,Nd:YAG,OK
1724599961,8,56.642338,100.02852,106.949036,0,2024-08-25 15:32:41,day,Diode,OK
1724608548,70,64.65875,102.659706,9.414683,0,2024-08-25 17:55:48,day,CO2,OK
1724628923,41,65.549164,5.587912,2.0306704,0,2024-08-25 23:35:23,night,Nd:YAG,OK
1724692104,64,69.19328,40.171223,0.084455125,0,2024-08-26 17:08:24,day,Excimer,OK
1724705608,54,91.23103,60.66325,8.670599,0,2024-08-26 20:53:28,day,Excimer,OK
1724713215,3,76.78727,86.6145,17.699797,0,2024-08-26 23:00:15,night,Diode,OK
1724715488,5,87.362526,49.72138,1.4870071,0,2024-08-26 23:38:08,night,CO2,OK
1724726807,10,63.61022,51.772327,1.180916,0,2024-08-27 02:46:47,night,CO2,OK
1724763563,86,31.081968,10.106254,6.889053,0,2024-08-27 12:59:23,morning,Nd:YAG,OK
1724771234,18,36.299053,32.81126,3.2913122,0,2024-08-27 15:07:14,day,Diode,OK
1724780470,3,77.405304,16.625134,32.200165,0,2024-08-27 17:41:10,day,Diode,OK
1724798593,17,49.620644,0.05183023,8.678581,0,2024-08-27 22:43:13,night,Fiber,OK
1724811040,16,69.086105,6.3491125,90.2096,0,2024-08-28 02:10:40,night,Nd:YAG,OK
1724831210,25,40.897835,27.399918,5.609581,0,2024-08-28 07:46:50,morning,CO2,OK
1724843422,7,59.295372,67.687065,8.325955,0,2024-08-28 11:10:22,morning,Fiber,OK
1724862516,45,63.772293,25.896536,24.153677,0,2024-08-28 16:28:36,day,CO2,OK
1724868814,5,78.4012,19.281385,3.7706192,0,2024-08-28 18:13:34,day,CO2,OK
1724901921,33,15.815827,68.60708,0.5185608,0,2024-08-29 03:25:21,night,Diode,OK
1724913944,2,44.48396,86.67362,13.03935,0,2024-08-29 06:45:44,morning,Fiber,OK
1724923387,3,104.367195,73.583725,5.4300013,0,2024-08-29 09:23:07,morning,Diode,WARNING
1724940151,81,62.37458,76.11241,4.4283276,0,2024-08-29 14:02:31,day,Nd:YAG,OK
1724948252,11,30.797134,58.869347,32.44078,0,2024-08-29 16:17:32,day,Nd:YAG,OK
1724953120,84,1.7664753,38.090843,7.6372433,0,2024-08-29 17:38:40,day,Excimer,WARNING
1724961047,96,75.69917,57.100655,16.49412,0,2024-08-29 19:50:47,day,Nd:YAG,OK
1724968775,32,28.886312,46.75119,18.958694,0,2024-08-29 21:59:35,day,Fiber,OK
1724969365,18,56.14358,44.919395,2.355649,0,2024-08-29 22:09:25,night,Diode,OK
1724969659,40,54.354244,55.453056,3.4411204,0,2024-08-29 22:14:19,night,CO2,OK
1724970273,40,71.03234,53.054756,20.152054,0,2024-08-29 22:24:33,night,CO2,OK
1724970798,5,35.29403,55.982075,8.067752,0,2024-08-29 22:33:18,night,CO2,OK
1724982096,88,33.861378,26.132124,4.4815087,0,2024-08-30 01:41:36,night,Diode,OK
1724995457,96,73.47462,18.188108,11.166782,0,2024-08-30 05:24:17,night,Nd:YAG,OK
1725037067,77,65.656364,63.092125,5.61453,0,2024-08-30 16:57:47,day,Fiber,OK
1725037761,23,76.22035,72.91349,6.446063,0,2024-08-30 17:09:21,day,Diode,OK
1725039479,92,56.76715,17.142115,2.0815988,0,2024-08-30 17:37:59,day,Fiber,OK
1725100845,18,40.011944,86.29194,5.572839,0,2024-08-31 10:40:45,morning,Diode,OK
1725107384,69,65.25877,83.3606,4.936475,0,2024-08-31 12:29:44,morning,Excimer,OK
1725111169,13,263.9836,52.236767,2.7639782,0,2024-08-31 13:32:49,morning,Diode,WARNING
1725113791,87,47.08325,83.0699,6.78739,0,2024-08-31 14:16:31,day,Fiber,OK
1725126399,41,48.102947,4.55474,6.7666297,0,2024-08-31 17:46:39,day,Nd:YAG,OK
1725177817,94,43.54629,47.627895,2.6362538,0,2024-09-01 08:03:37,morning,Excimer,OK
1725193383,73,41.43994,25.988226,19.946583,0,2024-09-01 12:23:03,morning,Diode,OK
1725202375,80,62.704124,23.525185,13.340861,0,2024-09-01 14:52:55,day,CO2,OK
1725204967,53,431.98273,108.938576,17.074589,0,2024-09-01 15:36:07,day,Diode,WARNING
1725210543,5,26.857878,53.65793,9.16261,0,2024-09-01 17:09:03,day,CO2,OK
1725218944,96,63.088104,404.29987,129.8684,0,2024-09-01 19:29:04,day,Nd:YAG,OK
1725241514,44,7.6889353,32.690327,7.0134487,0,2024-09-02 01:45:14,night,Excimer,WARNING
1725262341,96,74.95875,43.784863,10.949912,0,2024-09-02 07:32:21,morning,Nd:YAG,OK
1725275937,65,66.924,307.81427,5.01329,0,2024-09-02 11:18:57,morning,CO2,OK
1725281943,79,20.837786,57.63396,2.6628675,0,2024-09-02 12:59:03,morning,Excimer,OK
1725320432,7,53.212658,66.93623,2.2842941,0,2024-09-02 23:40:32,night,Fiber,OK
1725333538,32,61.57636,69.33624,14.938234,0,2024-09-03 03:18:58,night,Fiber,OK
1725343325,69,35.98285,37.214275,4.840421,0,2024-09-03 06:02:05,morning,Excimer,OK
1725348728,98,33.09076,25.739954,5.2965403,0,2024-09-03 07:32:08,morning,Diode,OK
1725368703,66,58.708508,74.45803,74.474815,0,2024-09-03 13:05:03,morning,Nd:YAG,OK
1725397969,70,40.1229,36.927845,9.706277,0,2024-09-03 21:12:49,day,CO2,OK
1725406420,3,28.09461,53.412617,3.1610467,0,2024-09-03 23:33:40,night,Diode,OK
1725446841,45,60.12428,51.864094,2.8245754,0,2024-09-04 10:47:21,morning,CO2,OK
1725457976,80,44.711597,41.062843,6.166893,0,2024-09-04 13:52:56,morning,CO2,OK
1725470573,91,82.47068,61.129177,6.4087257,0,2024-09-04 17:22:53,day,Nd:YAG,OK
1725471820,44,338.81537,19.705662,3.3364313,0,2024-09-04 17:43:40,day,Excimer,WARNING
1725473602,57,55.258514,395.97836,18.927427,0,2024-09-04 18:13:22,day,Fiber,OK
1725506977,25,85.37661,73.414474,2.35997,0,2024-09-05 03:29:37,night,CO2,OK
1725522429,35,56.068535,12.3541155,7.4172716,0,2024-09-05 07:47:09,morning,CO2,OK
1725524839,96,83.73384,80.45407,13.192201,0,2024-09-05 08:27:19,morning,Nd:YAG,OK
1725556187,5,45.32382,37.09916,5.004228,0,2024-09-05 17:09:47,day,CO2,OK
1725557860,91,8.050649,43.702408,8.822131,0,2024-09-05 17:37:40,day,Nd:YAG,WARNING
1725582654,3,15.082482,40.20512,2.743618,0,2024-09-06 00:30:54,night,Diode,OK
1725605219,6,45.876255,52.242264,127.733444,0,2024-09-06 06:46:59,morning,Nd:YAG,OK
1725606043,49,260.53555,50.67498,6.4607897,0,2024-09-06 07:00:43,morning,Excimer,WARNING
1725613931,91,64.303955,35.525463,8.6675,0,2024-09-06 09:12:11,morning,Nd:YAG,OK
1725642281,37,57.187206,51.595318,5.524059,0,2024-09-06 17:04:41,day,Fiber,OK
1725642561,78,80.1395,48.902477,2.7121239,0,2024-09-06 17:09:21,day,Diode,OK
1725647702,15,17.11393,28.097689,16.231445,0,2024-09-06 18:35:02,day,CO2,OK
1725653370,8,91.90003,29.951456,2.3401177,0,2024-09-06 20:09:30,day,Diode,OK
1725664089,92,44.107117,25.773727,124.157776,0,2024-09-06 23:08:09,night,Fiber,OK
1725679183,28,69.02438,53.317234,10.37338,0,2024-09-07 03:19:43,night,Diode,OK
1725684406,68,71.899994,13.790699,5.6569333,0,2024-09-07 04:46:46,night,Diode,OK
1725707208,60,21.8918,87.594894,4.5566444,0,2024-09-07 11:06:48,morning,CO2,OK
1725712781,38,30.396296,52.65033,1.5999799,0,2024-09-07 12:39:41,morning,Diode,OK
1725745392,8,26.939943,101.73223,0.49942493,0,2024-09-07 21:43:12,day,Diode,OK
1725785380,66,54.82368,15.839011,13.194734,0,2024-09-08 08:49:40,morning,Nd:YAG,OK
1725829042,8,48.572292,12.602515,4.862969,0,2024-09-08 20:57:22,day,Diode,OK
1725834044,73,68.25162,293.4572,17.714678,0,2024-09-08 22:20:44,night,Diode,OK
1725838682,92,19.311361,67.72818,6.736354,0,2024-09-08 23:38:02,night,Fiber,OK
1725838889,32,20.843082,67.98861,17.122566,0,2024-09-08 23:41:29,night,Fiber,OK
1725850720,79,55.30527,65.45435,11.689086,0,2024-09-09 02:58:40,night,Excimer,OK
1725851243,87,62.464222,69.099304,6.191079,0,2024-09-09 03:07:23,night,Fiber,OK
1725859614,50,45.293053,14.555064,2.536223,0,2024-09-09 05:26:54,night,CO2,OK
1725876273,58,77.66397,60.4078,3.1183507,0,2024-09-09 10:04:33,morning,Diode,OK
1725895448,61,74.43896,35.392937,8.360807,0,2024-09-09 15:24:08,day,Nd:YAG,OK
1725898283,50,65.45335,31.719606,3.8732212,0,2024-09-09 16:11:23,day,CO2,OK
1725921001,98,71.34449,33.56891,1.5508468,0,2024-09-09 22:30:01,night,Diode,OK
1725947601,71,2.071388,78.47302,66.68372,0,2024-09-10 05:53:21,night,Nd:YAG,WARNING
1725956826,26,29.696518,73.66913,128.65353,0,2024-09-10 08:27:06,morning,Nd:YAG,OK
1725977883,96,85.88349,21.983044,1.5277739,0,2024-09-10 14:18:03,day,Nd:YAG,OK
1726043700,51,77.503876,93.89987,4.9058566,0,2024-09-11 08:35:00,morning,Nd:YAG,OK
1726055443,76,29.648464,60.739635,10.417121,0,2024-09-11 11:50:43,morning,Nd:YAG,OK
1726059363,71,74.76269,70.97018,1.9013635,0,2024-09-11 12:56:03,morning,Nd:YAG,OK
1726066332,26,53.235977,77.67422,1.137503,0,2024-09-11 14:52:12,day,Nd:YAG,OK
1726067846,4,79.30389,34.8018,9.471371,0,2024-09-11 15:17:26,day,Excimer,OK
1726074647,38,34.407787,50.776566,11.182041,0,2024-09-11 17:10:47,day,Diode,OK
1726078080,56,64.00914,57.58465,9.341993,0,2024-09-11 18:08:00,day,Nd:YAG,OK
1726083947,24,47.94184,77.9389,12.527629,0,2024-09-11 19:45:47,day,Excimer,OK
1726098965,32,33.389397,23.7553,4.473938,0,2024-09-11 23:56:05,night,Fiber,ERROR
1726109927,45,19.323282,4.617445,16.795515,0,2024-09-12 02:58:47,night,CO2,OK
1726110584,52,44.040794,38.62525,4.2754393,0,2024-09-12 03:09:44,night,Fiber,OK
1726135760,41,43.694218,86.69178,2.6555963,0,2024-09-12 10:09:20,morning,Nd:YAG,OK
1726197077,58,2.9904878,61.271385,2.7406027,0,2024-09-13 03:11:17,night,Diode,WARNING
1726251133,68,63.347614,66.3458,1.792966,0,2024-09-13 18:12:13,day,Diode,OK
1726262959,94,70.64559,44.642467,9.901306,0,2024-09-13 21:29:19,day,Excimer,OK
1726269398,99,4.964641,56.211716,18.44743,0,2024-09-13 23:16:38,night,Excimer,WARNING
1726286850,50,49.618725,40.793926,0.86285067,0,2024-09-14 04:07:30,night,CO2,OK
1726301885,43,81.76081,58.66738,15.807457,0,2024-09-14 08:18:05,morning,Diode,OK
1726388071,24,42.343613,29.184813,12.965422,0,2024-09-15 08:14:31,morning,Excimer,OK
1726395060,14,39.029186,46.236073,7.806008,0,2024-09-15 10:11:00,morning,Excimer,OK
1726397805,29,66.53048,65.10956,7.3495283,0,2024-09-15 10:56:45,morning,Excimer,OK
1726402799,96,90.02082,54.61052,11.328854,0,2024-09-15 12:19:59,morning,Nd:YAG,OK
1726408445,33,18.554,40.23413,12.449186,0,2024-09-15 13:54:05,morning,Diode,OK
1726441714,6,107.26021,331.1432,6.0481215,0,2024-09-15 23:08:34,night,Nd:YAG,WARNING
1726449368,14,72.2021,69.97393,6.907424,0,2024-09-16 01:16:08,night,Excimer,OK
1726463580,23,18.998804,12.532686,17.334072,0,2024-09-16 05:13:00,night,Diode,OK
1726489791,56,47.493946,9.893429,7.4800777,0,2024-09-16 12:29:51,morning,Nd:YAG,OK
1726520180,20,42.465775,122.06868,11.924613,0,2024-09-16 20:56:20,day,CO2,OK
1726605046,98,21.567284,75.62101,5.1411195,0,2024-09-17 20:30:46,day,Diode,OK
1726607556,43,46.20163,34.77782,4.47446,0,2024-09-17 21:12:36,day,Diode,OK
1726630720,56,34.351288,61.18197,0.16274671,0,2024-09-18 03:38:40,night,Nd:YAG,OK
1726642755,64,27.569534,41.198616,2.0122795,0,2024-09-18 06:59:15,morning,Excimer,OK
1726655068,36,95.48752,7.684802,89.50723,0,2024-09-18 10:24:28,morning,Nd:YAG,OK
1726663795,17,49.328915,59.326733,2.6478207,0,2024-09-18 12:49:55,morning,Fiber,OK
1726673075,26,127.49041,73.68152,6.5263,0,2024-09-18 15:24:35,day,Nd:YAG,WARNING
1726700436,47,65.961075,36.56948,10.583806,0,2024-09-18 23:00:36,night,Fiber,OK
1726788075,53,21.890179,54.764484,4.0441685,0,2024-09-19 23:21:15,night,Diode,OK
1726791061,24,60.74576,67.50222,16.343212,0,2024-09-20 00:11:01,night,Excimer,OK
1726858953,20,373.40005,35.710316,6.918355,0,2024-09-20 19:02:33,day,CO2,WARNING
1726963216,20,58.22028,97.20704,3.9303424,0,2024-09-22 00:00:16,night,CO2,OK
1726984549,49,49.098354,31.466133,9.650636,0,2024-09-22 05:55:49,night,Excimer,OK
1727020194,59,54.606667,430.35748,2.106576,0,2024-09-22 15:49:54,day,Excimer,OK
1727051727,64,23.384266,12.253858,5.7500854,0,2024-09-23 00:35:27,night,Excimer,OK
1727053446,37,74.98438,58.96652,3.6820564,0,2024-09-23 01:04:06,night,Fiber,OK
1727108193,25,97.41418,90.15538,8.123177,0,2024-09-23 16:16:33,day,CO2,OK
1727114328,19,18.068693,68.5086,76.41985,0,2024-09-23 17:58:48,day,Excimer,OK
1727134141,9,7.295611,8.408959,26.488953,0,2024-09-23 23:29:01,night,Excimer,WARNING
1727143134,31,19.876827,28.445936,12.488671,0,2024-09-24 01:58:54,night,Nd:YAG,OK
1727158260,28,72.57204,47.464195,13.413151,0,2024-09-24 06:11:00,morning,Diode,OK
1727187164,83,61.62197,68.45742,5.226554,0,2024-09-24 14:12:44,day,Diode,OK
1727203493,57,26.191208,56.209103,8.902466,0,2024-09-24 18:44:53,day,Fiber,OK
1727214083,63,42.33309,113.571915,128.59943,0,2024-09-24 21:41:23,day,Diode,OK
1727234344,60,32.37708,31.434235,15.646932,0,2024-09-25 03:19:04,night,CO2,OK
1727272632,83,77.94646,47.14962,11.407058,0,2024-09-25 13:57:12,morning,Diode,OK
1727273059,49,93.21134,62.8539,11.177493,0,2024-09-25 14:04:19,day,Excimer,OK
1727276218,31,54.003536,65.63821,4.880691,0,2024-09-25 14:56:58,day,Nd:YAG,OK
1727282492,5,56.77673,79.13324,24.719175,0,2024-09-25 16:41:32,day,CO2,OK
1727299597,5,26.45793,35.03658,5.138134,0,2024-09-25 21:26:37,day,CO2,OK
1727309684,82,32.219296,26.63497,71.36505,0,2024-09-26 00:14:44,night,Fiber,OK
1727318020,49,15.717586,45.884735,7.587825,0,2024-09-26 02:33:40,night,Excimer,OK
1727324678,55,2.6361346,56.14665,17.078243,0,2024-09-26 04:24:38,night,CO2,WARNING
1727338176,42,68.390785,39.88507,22.473509,0,2024-09-26 08:09:36,morning,Fiber,OK
1727409627,2,46.9463,43.168232,7.375863,0,2024-09-27 04:00:27,night,Fiber,OK
1727420754,99,64.06307,71.81447,13.200446,0,2024-09-27 07:05:54,morning,Excimer,OK
1727422937,38,49.373978,67.459435,24.195457,0,2024-09-27 07:42:17,morning,Diode,OK
1727432974,56,28.087793,58.990635,3.4898887,0,2024-09-27 10:29:34,morning,Nd:YAG,OK
1727452350,41,27.790997,35.882244,2.664201,0,2024-09-27 15:52:30,day,Nd:YAG,OK
1727457961,38,40.35279,62.86163,13.877961,0,2024-09-27 17:26:01,day,Diode,OK
1727472683,75,21.789782,36.634285,4.3501897,0,2024-09-27 21:31:23,day,CO2,OK
1727514309,30,50.795193,99.37665,5.8381557,0,2024-09-28 09:05:09,morning,CO2,OK
1727533828,59,11.826836,103.5535,1.6579299,0,2024-09-28 14:30:28,day,Excimer,OK
1727554355,68,36.429184,112.29226,13.041755,0,2024-09-28 20:12:35,day,Diode,OK
1727573635,44,65.760735,29.327362,0.08498438,0,2024-09-29 01:33:55,night,Excimer,OK
1727580663,63,23.89013,80.185,11.036625,0,2024-09-29 03:31:03,night,Diode,OK
1727618537,13,71.62737,23.276924,12.984319,0,2024-09-29 14:02:17,day,Diode,OK
1727620412,47,47.588444,52.93296,10.34833,0,2024-09-29 14:33:32,day,Fiber,OK
1727656368,59,32.032024,68.583145,18.489376,0,2024-09-30 00:32:48,night,Excimer,OK
1727664958,41,55.248276,57.26533,18.22927,0,2024-09-30 02:55:58,night,Nd:YAG,OK
1727670176,21,82.69437,84.77246,19.620811,0,2024-09-30 04:22:56,night,Nd:YAG,OK
1727729024,38,45.785717,46.82846,9.216929,0,2024-09-30 20:43:44,day,Diode,OK
1727738316,76,51.370213,65.87574,6.526658,0,2024-09-30 23:18:36,night,Nd:YAG,OK
1727744193,29,62.26129,63.283707,6.745555,0,2024-10-01 00:56:33,night,Excimer,OK
1727768598,98,59.14586,37.878258,1.8167566,0,2024-10-01 07:43:18,morning,Diode,OK
1727828274,60,51.27684,72.60574,8.435767,0,2024-10-02 00:17:54,night,CO2,OK
1727844534,55,39.488873,59.355503,9.993142,0,2024-10-02 04:48:54,night,CO2,OK
1727896964,68,71.57353,48.440434,15.062483,0,2024-10-02 19:22:44,day,Diode,OK
1727898176,94,42.59947,92.41378,8.721485,0,2024-10-02 19:42:56,day,Excimer,OK
1727928812,58,96.338005,53.503952,4.682286,0,2024-10-03 04:13:32,night,Diode,OK
1727964552,41,321.77002,52.823856,4.9367785,0,2024-10-03 14:09:12,day,Nd:YAG,WARNING
1728010239,48,64.60672,49.70138,7.091193,0,2024-10-04 02:50:39,night,Diode,OK
1728010297,56,100.61599,102.06838,4.6857147,0,2024-10-04 02:51:37,night,Nd:YAG,OK
1728012213,7,76.042816,68.68901,3.3754795,0,2024-10-04 03:23:33,night,Fiber,OK
1728014727,79,35.87327,95.69205,18.847784,0,2024-10-04 04:05:27,night,Excimer,OK
1728015216,41,58.90266,47.978455,9.546598,0,2024-10-04 04:13:36,night,Nd:YAG,OK
1728015540,50,67.28273,60.051117,2.5438805,0,2024-10-04 04:19:00,night,CO2,OK
1728024194,27,34.85718,52.54852,1.1580819,0,2024-10-04 06:43:14,morning,Fiber,OK
1728028564,69,226.4312,62.843834,103.2539,0,2024-10-04 07:56:04,morning,Excimer,WARNING
1728073533,6,64.96966,41.915405,8.016693,0,2024-10-04 20:25:33,day,Nd:YAG,OK
1728105570,52,43.12467,66.59519,6.5313807,0,2024-10-05 05:19:30,night,Fiber,OK
1728112279,51,78.20434,49.591915,13.776449,0,2024-10-05 07:11:19,morning,Nd:YAG,OK
1728127351,30,85.90065,10.451192,10.560462,0,2024-10-05 11:22:31,morning,CO2,OK
1728163283,55,35.077366,46.92286,8.506818,0,2024-10-05 21:21:23,day,CO2,OK
1728166642,63,83.801384,56.462193,6.8363924,0,2024-10-05 22:17:22,night,Diode,OK
1728173072,45,65.967445,69.67549,5.323819,0,2024-10-06 00:04:32,night,CO2,OK
1728191805,79,87.32374,24.711475,13.908068,0,2024-10-06 05:16:45,night,Excimer,OK
1728230272,68,62.46739,36.58388,4.9058075,0,2024-10-06 15:57:52,day,Diode,OK
1728238138,38,48.714382,30.533506,12.149028,0,2024-10-06 18:08:58,day,Diode,OK
1728262082,53,49.303585,39.074226,16.427917,0,2024-10-07 00:48:02,night,Diode,OK
1728271916,34,39.19343,24.92098,2.5063503,0,2024-10-07 03:31:56,night,Excimer,OK
1728288025,14,38.94885,24.005735,2.1515179,0,2024-10-07 08:00:25,morning,Excimer,OK
1728290007,42,70.037,37.213024,18.295835,0,2024-10-07 08:33:27,morning,Fiber,OK
1728304674,13,20.867933,41.522198,0.81228215,0,2024-10-07 12:37:54,morning,Diode,OK
1728323551,4,47.777283,7.3717566,0.9091814,0,2024-10-07 17:52:31,day,Excimer,OK
1728325809,45,54.63361,44.682194,7.8624763,0,2024-10-07 18:30:09,day,CO2,OK
1728349065,20,39.298534,66.80318,16.191576,0,2024-10-08 00:57:45,night,CO2,OK
1728391495,76,52.429398,64.08952,11.287759,0,2024-10-08 12:44:55,morning,Nd:YAG,OK
1728392515,70,91.30477,90.17941,5.366266,0,2024-10-08 13:01:55,morning,CO2,OK
1728397990,88,88.392044,60.03736,6.856334,0,2024-10-08 14:33:10,day,Diode,OK
1728404167,19,86.853645,29.627956,3.2606483,0,2024-10-08 16:16:07,day,Excimer,OK
1728407851,65,11.727134,36.447628,12.214085,0,2024-10-08 17:17:31,day,CO2,OK
1728417249,84,41.94598,66.09325,136.89438,0,2024-10-08 19:54:09,day,Excimer,OK
1728424159,50,31.71132,36.700863,3.900265,0,2024-10-08 21:49:19,day,CO2,OK
1728467588,4,59.683773,51.51409,21.250607,0,2024-10-09 09:53:08,morning,Excimer,OK
1728469324,17,73.21125,72.76674,12.205077,0,2024-10-09 10:22:04,morning,Fiber,OK
1728497246,16,76.20396,57.021236,3.518867,0,2024-10-09 18:07:26,day,Nd:YAG,OK
1728504475,59,270.3522,63.837856,4.335044,0,2024-10-09 20:07:55,day,Excimer,WARNING
1728520358,18,7.771333,77.73979,4.305089,0,2024-10-10 00:32:38,night,Diode,WARNING
1728550656,96,69.21291,72.45241,12.2548,0,2024-10-10 08:57:36,morning,Nd:YAG,OK
1728581086,77,116.06343,8.26005,9.961664,0,2024-10-10 17:24:46,day,Fiber,WARNING
1728583088,68,50.355045,49.326347,0.60532165,0,2024-10-10 17:58:08,day,Diode,OK
1728583688,13,93.98939,49.540607,2.3786178,0,2024-10-10 18:08:08,day,Diode,OK
1728591255,7,70.16316,50.52583,4.905231,0,2024-10-10 20:14:15,day,Fiber,OK
1728614023,49,67.68247,57.706142,6.950641,0,2024-10-11 02:33:43,night,Excimer,OK
1728625972,70,50.2634,52.650143,9.702983,0,2024-10-11 05:52:52,night,CO2,OK
1728656712,23,102.24276,49.38567,1.7743791,0,2024-10-11 14:25:12,day,Diode,WARNING
1728710644,15,57.143017,56.44828,1.0286857,0,2024-10-12 05:24:04,night,CO2,OK
1728741209,19,29.877756,25.411442,12.55291,0,2024-10-12 13:53:29,morning,Excimer,OK
1728772943,43,63.71249,49.293594,6.7572637,0,2024-10-12 22:42:23,night,Diode,OK
1728787714,88,1.3278738,36.09787,23.13727,0,2024-10-13 02:48:34,night,Diode,WARNING
1728842330,63,54.457336,53.338024,22.736961,0,2024-10-13 17:58:50,day,Diode,OK
1728847480,36,57.66653,72.26571,22.761078,0,2024-10-13 19:24:40,day,Nd:YAG,OK
1728850842,41,29.389486,338.67426,1.2393855,0,2024-10-13 20:20:42,day,Nd:YAG,OK
1728862261,47,253.15108,38.85624,18.721313,0,2024-10-13 23:31:01,night,Fiber,WARNING
1728927562,97,51.051582,91.33708,8.923602,0,2024-10-14 17:39:22,day,Fiber,OK
1728928746,47,55.96659,82.8864,5.2135944,0,2024-10-14 17:59:06,day,Fiber,OK
1728941092,3,5.6600065,67.55972,3.6305196,0,2024-10-14 21:24:52,day,Diode,WARNING
1728944382,75,73.05692,29.156744,5.434742,0,2024-10-14 22:19:42,night,CO2,OK
1728944877,9,59.69042,84.65982,29.055424,0,2024-10-14 22:27:57,night,Excimer,OK
1728970381,59,11.791908,55.359432,12.670182,0,2024-10-15 05:33:01,night,Excimer,OK
1729000958,91,23.0604,98.831894,26.4235,0,2024-10-15 14:02:38,day,Nd:YAG,OK
1729018983,47,48.820343,28.140343,3.0836864,0,2024-10-15 19:03:03,day,Fiber,OK
1729083827,67,76.68046,94.722824,4.0249553,0,2024-10-16 13:03:47,morning,Fiber,OK
1729117497,20,60.591972,102.51596,4.692475,0,2024-10-16 22:24:57,night,CO2,OK
1729118803,96,18.448933,20.050484,16.900723,0,2024-10-16 22:46:43,night,Nd:YAG,OK
1729137389,26,70.08314,63.63905,9.372291,0,2024-10-17 03:56:29,night,Nd:YAG,OK
1729174764,54,45.77642,82.452705,97.274124,0,2024-10-17 14:19:24,day,Excimer,OK
1729174858,96,48.66087,96.50286,18.579634,0,2024-10-17 14:20:58,day,Nd:YAG,OK
1729188271,35,62.072186,28.210194,9.604395,0,2024-10-17 18:04:31,day,CO2,OK
1729201548,7,10.888389,75.705444,2.7343864,0,2024-10-17 21:45:48,day,Fiber,OK
1729208651,71,19.873274,56.13537,23.314522,0,2024-10-17 23:44:11,night,Nd:YAG,OK
1729224363,56,29.475294,38.598072,11.485634,0,2024-10-18 04:06:03,night,Nd:YAG,OK
1729232804,5,66.41821,22.802889,8.741318,0,2024-10-18 06:26:44,morning,CO2,OK
1729234680,62,32.326336,81.49793,8.804737,0,2024-10-18 06:58:00,morning,Fiber,OK
1729241828,99,97.3736,47.61028,1.631526,0,2024-10-18 08:57:08,morning,Excimer,OK
1729299125,35,56.70016,74.93953,16.499794,0,2024-10-19 00:52:05,night,CO2,OK
1729310369,35,40.076584,37.074486,7.2081733,0,2024-10-19 03:59:29,night,CO2,OK
1729313803,13,32.821087,49.65962,5.439173,0,2024-10-19 04:56:43,night,Diode,OK
1729339288,61,98.18805,79.11669,3.7426147,0,2024-10-19 12:01:28,morning,Nd:YAG,OK
1729339571,37,77.90782,21.561653,3.7125125,0,2024-10-19 12:06:11,morning,Fiber,OK
1729355751,76,59.90014,53.023193,1.387532,0,2024-10-19 16:35:51,day,Nd:YAG,OK
1729367403,28,73.143974,90.18053,1.9783965,0,2024-10-19 19:50:03,day,Diode,OK
1729389327,86,41.83351,27.190481,14.967237,0,2024-10-20 01:55:27,night,Nd:YAG,OK
1729390187,68,27.018646,6.606746,7.446071,0,2024-10-20 02:09:47,night,Diode,OK
1729406607,21,50.594486,31.682716,9.009343,0,2024-10-20 06:43:27,morning,Nd:YAG,ERROR
1729416530,57,24.233366,79.99023,8.758568,0,2024-10-20 09:28:50,morning,Fiber,OK
1729428577,3,51.671986,53.944344,12.914073,0,2024-10-20 12:49:37,morning,Diode,OK
1729432528,46,37.64529,43.94266,19.365435,0,2024-10-20 13:55:28,morning,Nd:YAG,OK
1729442857,14,90.78702,71.149345,14.517894,0,2024-10-20 16:47:37,day,Excimer,OK
1729463331,37,95.12989,74.52868,0.046681345,0,2024-10-20 22:28:51,night,Fiber,OK
1729465930,22,14.228558,68.286,135.21446,0,2024-10-20 23:12:10,night,Fiber,ERROR
1729469530,7,90.61686,46.169216,1.1194528,0,2024-10-21 00:12:10,night,Fiber,OK
1729499763,98,46.370678,25.941147,1.1976731,0,2024-10-21 08:36:03,morning,Diode,OK
1729507267,35,42.257202,102.23122,2.3974113,0,2024-10-21 10:41:07,morning,CO2,OK
1729511675,3,85.66998,36.242413,8.484112,0,2024-10-21 11:54:35,morning,Diode,OK
1729567052,57,24.481846,19.282354,22.323252,0,2024-10-22 03:17:32,night,Fiber,OK
1729616938,65,46.157795,24.1938,12.174185,0,2024-10-22 17:08:58,day,CO2,OK
1729631407,96,62.50359,73.220024,11.906502,0,2024-10-22 21:10:07,day,Nd:YAG,OK
1729641371,98,44.264473,36.354095,7.115087,0,2024-10-22 23:56:11,night,Diode,OK
1729648901,59,64.97789,36.734444,0.24538024,0,2024-10-23 02:01:41,night,Excimer,OK
1729684079,41,61.05423,56.481567,4.753842,0,2024-10-23 11:47:59,morning,Nd:YAG,OK
1729687314,97,227.91205,62.420017,15.474438,0,2024-10-23 12:41:54,morning,Fiber,WARNING
1729710109,21,68.33411,77.18019,7.390324,0,2024-10-23 19:01:49,day,Nd:YAG,OK
1729714545,41,55.792274,90.69173,5.3230996,0,2024-10-23 20:15:45,day,Nd:YAG,OK
1729721706,52,59.479523,79.95866,14.945029,0,2024-10-23 22:15:06,night,Fiber,OK
1729734948,95,53.4019,63.550613,7.3543563,0,2024-10-24 01:55:48,night,CO2,OK
1729738900,89,59.101948,15.074855,1.3984008,0,2024-10-24 03:01:40,night,Excimer,OK
1729744903,14,28.17758,66.314,10.208286,0,2024-10-24 04:41:43,night,Excimer,OK
1729762119,99,67.24818,26.652874,2.3858323,0,2024-10-24 09:28:39,morning,Excimer,OK
1729771596,40,98.49309,70.287186,1.696101,0,2024-10-24 12:06:36,morning,CO2,OK
1729775333,31,40.909103,52.399715,12.794699,0,2024-10-24 13:08:53,morning,Nd:YAG,OK
1729833572,44,65.8864,32.62644,0.28073454,0,2024-10-25 05:19:32,night,Excimer,OK
1729837484,56,86.23628,24.45803,4.6975946,0,2024-10-25 06:24:44,morning,Nd:YAG,OK
1729853210,12,54.61535,54.34012,6.9351764,0,2024-10-25 10:46:50,morning,Fiber,OK
1729862105,43,52.38734,68.98397,102.35702,0,2024-10-25 13:15:05,morning,Diode,OK
1729898705,92,35.953556,50.900013,11.782817,0,2024-10-25 23:25:05,night,Fiber,OK
1729901168,93,18.812683,36.724213,6.553688,0,2024-10-26 00:06:08,night,Diode,OK
1729906888,7,284.82635,70.659676,23.335085,0,2024-10-26 01:41:28,night,Fiber,WARNING
1729909905,29,71.24394,39.787384,8.695082,0,2024-10-26 02:31:45,night,Excimer,OK
1729954945,45,81.627525,32.13213,146.85551,0,2024-10-26 15:02:25,day,CO2,OK
1729960745,25,53.091225,10.218103,0.3283738,0,2024-10-26 16:39:05,day,CO2,OK
1729990591,14,50.42476,75.977486,0.07522749,0,2024-10-27 00:56:31,night,Excimer,OK
1729992844,98,74.698,76.11842,10.323191,0,2024-10-27 01:34:04,night,Diode,OK
1730025385,91,56.119987,28.904476,0.19235449,0,2024-10-27 10:36:25,morning,Nd:YAG,OK
1730049906,69,79.98195,66.45581,6.199647,0,2024-10-27 17:25:06,day,Excimer,OK
1730055616,1,50.980576,97.70277,0.3327698,0,2024-10-27 19:00:16,day,Nd:YAG,OK
1730066891,20,67.07487,3.9657612,2.7852688,0,2024-10-27 22:08:11,night,CO2,OK
1730075668,65,77.83888,44.627235,1.8330159,0,2024-10-28 00:34:28,night,CO2,OK
1730118499,21,35.023186,62.079903,1.0798075,0,2024-10-28 12:28:19,morning,Nd:YAG,OK
1730118666,3,80.56677,41.49473,0.86608905,0,2024-10-28 12:31:06,morning,Diode,OK
1730153220,83,54.08496,6.1218905,8.137655,0,2024-10-28 22:07:00,night,Diode,OK
1730182194,77,74.00409,36.04091,10.026142,0,2024-10-29 06:09:54,morning,Fiber,OK
1730208870,28,31.763882,40.49844,9.365049,0,2024-10-29 13:34:30,morning,Diode,OK
1730224068,69,19.071394,10.144093,7.4310164,0,2024-10-29 17:47:48,day,Excimer,OK
1730238911,21,38.94722,69.21924,4.3469143,0,2024-10-29 21:55:11,day,Nd:YAG,ERROR
1730294767,1,47.39299,102.94036,0.24479027,0,2024-10-30 13:26:07,morning,Nd:YAG,OK
1730322091,65,84.850975,76.27088,4.7086577,0,2024-10-30 21:01:31,day,CO2,OK
1730322954,50,26.689106,24.153978,90.01961,0,2024-10-30 21:15:54,day,CO2,OK
1730336473,97,71.262764,80.58812,5.8116727,0,2024-10-31 01:01:13,night,Fiber,OK
1730371604,56,82.97812,34.468933,0.8799087,0,2024-10-31 10:46:44,morning,Nd:YAG,OK
1730384810,59,30.702988,45.319374,10.884006,0,2024-10-31 14:26:50,day,Excimer,OK
1730427730,14,9.450081,70.76652,76.35766,0,2024-11-01 02:22:10,night,Excimer,WARNING
1730435361,72,41.32983,33.175087,3.529098,0,2024-11-01 04:29:21,night,Fiber,OK
1730466499,13,7.7362537,51.006786,8.991002,0,2024-11-01 13:08:19,morning,Diode,WARNING
1730494061,60,55.984344,42.94245,3.032799,0,2024-11-01 20:47:41,day,CO2,OK
1730499371,94,45.034157,45.843193,1.4975204,0,2024-11-01 22:16:11,night,Excimer,OK
1730500122,22,12.736012,36.496548,14.845783,0,2024-11-01 22:28:42,night,Fiber,OK
1730502046,79,54.349163,37.678787,13.344589,0,2024-11-01 23:00:46,night,Excimer,OK
1730510918,83,36.219467,50.958534,10.449668,0,2024-11-02 01:28:38,night,Diode,OK
1730515590,12,20.707937,278.0482,75.0304,0,2024-11-02 02:46:30,night,Fiber,OK
1730519469,67,92.57899,55.968937,20.861336,0,2024-11-02 03:51:09,night,Fiber,OK
1730559466,99,103.87641,71.97201,5.123646,0,2024-11-02 14:57:46,day,Excimer,WARNING
1730574090,91,79.697845,38.828552,8.194428,0,2024-11-02 19:01:30,day,Nd:YAG,OK
1730599791,39,58.505074,59.850113,15.582854,0,2024-11-03 02:09:51,night,Excimer,OK
1730627798,42,47.738262,29.322348,4.556098,0,2024-11-03 09:56:38,morning,Fiber,OK
1730629392,82,59.569256,55.51495,13.179693,0,2024-11-03 10:23:12,morning,Fiber,OK
1730662256,18,346.46005,421.1746,4.7903075,0,2024-11-03 19:30:56,day,Diode,WARNING
1730673098,83,38.19097,46.497864,2.181702,0,2024-11-03 22:31:38,night,Diode,OK
1730683933,46,27.908298,34.61027,7.9701414,0,2024-11-04 01:32:13,night,Nd:YAG,OK
1730695533,61,57.88584,31.415058,14.093371,0,2024-11-04 04:45:33,night,Nd:YAG,OK
1730740423,12,90.39883,16.038662,1.3226484,0,2024-11-04 17:13:43,day,Fiber,OK
1730742764,62,119.65768,71.71134,13.562546,0,2024-11-04 17:52:44,day,Fiber,WARNING
1730750979,33,67.80846,11.173839,0.05471131,0,2024-11-04 20:09:39,day,Diode,OK
1730772548,58,96.268135,33.46838,1.505677,0,2024-11-05 02:09:08,night,Diode,OK
1730774144,76,91.452324,55.667217,4.2603,0,2024-11-05 02:35:44,night,Nd:YAG,OK
1730776495,11,50.973236,70.3591,4.937015,0,2024-11-05 03:14:55,night,Nd:YAG,OK
1730786013,11,34.38382,85.44745,0.69370073,0,2024-11-05 05:53:33,night,Nd:YAG,OK
1730839859,90,261.3156,73.773476,14.832986,0,2024-11-05 20:50:59,day,CO2,WARNING
1730868628,32,39.232887,250.91302,10.108524,0,2024-11-06 04:50:28,night,Fiber,OK
1730929732,94,31.75492,76.225784,13.751377,0,2024-11-06 21:48:52,day,Excimer,OK
1730938290,48,17.189754,56.45817,0.90170306,0,2024-11-07 00:11:30,night,Diode,OK
1730939922,52,78.72009,38.049286,3.6482823,0,2024-11-07 00:38:42,night,Fiber,OK
1730945283,76,93.53636,30.06329,3.0712588,0,2024-11-07 02:08:03,night,Nd:YAG,OK
1730959712,59,79.89411,31.441433,13.411749,0,2024-11-07 06:08:32,morning,Excimer,OK
1730963162,43,36.403248,34.10678,0.5088466,0,2024-11-07 07:06:02,morning,Diode,OK
1730979241,19,84.90994,45.739468,5.2245398,0,2024-11-07 11:34:01,morning,Excimer,OK
1730983496,21,77.12241,66.94145,9.688848,0,2024-11-07 12:44:56,morning,Nd:YAG,OK
1730991569,83,55.415173,90.4897,18.38903,0,2024-11-07 14:59:29,day,Diode,OK
1731013932,88,35.408524,69.03847,6.3392067,0,2024-11-07 21:12:12,day,Diode,OK
1731014921,40,63.994232,94.07724,16.743223,0,2024-11-07 21:28:41,day,CO2,OK
1731042048,49,69.44597,24.686247,2.3301005,0,2024-11-08 05:00:48,night,Excimer,OK
1731052452,56,69.552704,53.967857,15.58644,0,2024-11-08 07:54:12,morning,Nd:YAG,OK
1731064124,11,65.755,13.887507,8.021283,0,2024-11-08 11:08:44,morning,Nd:YAG,OK
1731064655,7,65.34579,50.345142,5.526144,0,2024-11-08 11:17:35,morning,Fiber,OK
1731103275,5,47.574226,33.86381,9.197928,0,2024-11-08 22:01:15,night,CO2,OK
1731109006,61,63.879715,24.631708,15.497404,0,2024-11-08 23:36:46,night,Nd:YAG,ERROR
1731142539,47,30.820227,51.134144,16.89011,0,2024-11-09 08:55:39,morning,Fiber,OK
1731170454,24,0.8772671,34.507683,13.489045,0,2024-11-09 16:40:54,day,Excimer,WARNING
1731199247,70,86.01038,88.580986,2.9369674,0,2024-11-10 00:40:47,night,CO2,OK
1731203593,14,54.897003,40.205444,108.05638,0,2024-11-10 01:53:13,night,Excimer,OK
1731204139,92,84.67305,31.297039,17.813543,0,2024-11-10 02:02:19,night,Fiber,OK
1731208533,87,6.6012707,36.334255,4.871646,0,2024-11-10 03:15:33,night,Fiber,WARNING
1731215918,7,31.21188,303.63278,0.8961683,0,2024-11-10 05:18:38,night,Fiber,OK
1731220572,84,59.414043,84.28985,3.963416,0,2024-11-10 06:36:12,morning,Excimer,OK
1731251198,38,60.650692,35.08416,8.013592,0,2024-11-10 15:06:38,day,Diode,OK
1731251365,49,254.26346,17.041498,3.7800531,0,2024-11-10 15:09:25,day,Excimer,WARNING
1731257983,69,12.087888,82.38789,18.130604,0,2024-11-10 16:59:43,day,Excimer,OK
1731260118,92,52.69339,25.459118,6.4132395,0,2024-11-10 17:35:18,day,Fiber,OK
1731273127,47,86.134155,86.80923,4.1358266,0,2024-11-10 21:12:07,day,Fiber,OK
1731291838,18,15.59355,92.57913,7.4794164,0,2024-11-11 02:23:58,night,Diode,OK
1731334740,63,48.290287,48.126377,22.81462,0,2024-11-11 14:19:00,day,Diode,OK
1731350585,7,59.49256,29.495056,11.760649,0,2024-11-11 18:43:05,day,Fiber,OK
1731387509,97,61.031517,42.869705,24.16637,0,2024-11-12 04:58:29,night,Fiber,OK
1731403756,99,55.99816,97.07004,3.9221756,0,2024-11-12 09:29:16,morning,Excimer,OK
1731449035,39,66.8243,77.8991,4.335691,0,2024-11-12 22:03:55,night,Excimer,OK
1731471988,55,60.34025,0.8988409,20.176043,0,2024-11-13 04:26:28,night,CO2,OK
1731485023,73,42.18129,73.57921,1.4260195,0,2024-11-13 08:03:43,morning,Diode,OK
1731487040,13,101.91661,61.454536,1.7350332,0,2024-11-13 08:37:20,morning,Diode,WARNING
1731496632,34,6.8523293,42.365814,122.045235,0,2024-11-13 11:17:12,morning,Excimer,WARNING
1731497284,60,30.479374,83.46231,12.537954,0,2024-11-13 11:28:04,morning,CO2,OK
1731514967,72,55.44045,30.256762,5.5379806,0,2024-11-13 16:22:47,day,Fiber,OK
1731533396,49,238.22897,63.93215,75.1143,0,2024-11-13 21:29:56,day,Excimer,WARNING
1731559952,89,26.90375,3.4980745,1.3895297,0,2024-11-14 04:52:32,night,Excimer,OK
1731561568,85,58.77638,29.913591,1.10164,0,2024-11-14 05:19:28,night,CO2,OK
1731592740,89,44.49599,80.10841,11.247683,0,2024-11-14 13:59:00,morning,Excimer,OK
1731603754,20,302.55518,390.90805,7.8999605,0,2024-11-14 17:02:34,day,CO2,WARNING
1731633989,13,46.725235,35.666283,4.992351,0,2024-11-15 01:26:29,night,Diode,OK
1731642509,2,66.774086,43.716064,100.89731,0,2024-11-15 03:48:29,night,Fiber,OK
1731648006,17,42.762344,20.097456,3.106078,0,2024-11-15 05:20:06,night,Fiber,OK
1731650987,45,50.607857,53.27137,8.489942,0,2024-11-15 06:09:47,morning,CO2,OK
1731702755,4,43.937515,10.180187,10.761721,0,2024-11-15 20:32:35,day,Excimer,OK
1731723778,55,46.750317,74.34593,8.992069,0,2024-11-16 02:22:58,night,CO2,OK
1731730296,97,30.065182,95.06145,3.3806067,0,2024-11-16 04:11:36,night,Fiber,OK
1731730952,49,78.27048,98.6574,11.42811,0,2024-11-16 04:22:32,night,Excimer,OK
1731801327,19,378.99786,108.94824,9.247126,0,2024-11-16 23:55:27,night,Excimer,WARNING
1731806754,94,49.11086,54.725567,18.218636,0,2024-11-17 01:25:54,night,Excimer,OK
1731820964,68,47.348515,63.317715,6.363834,0,2024-11-17 05:22:44,night,Diode,ERROR
1731824006,7,22.114464,15.7599325,14.661073,0,2024-11-17 06:13:26,morning,Fiber,OK
1731852077,44,78.49906,23.618494,8.961935,0,2024-11-17 14:01:17,day,Excimer,OK
1731864467,38,49.724323,37.8673,5.1102257,0,2024-11-17 17:27:47,day,Diode,OK
1731890027,90,47.89841,41.94604,9.06541,0,2024-11-18 00:33:47,night,CO2,OK
1731913041,22,67.69537,51.12979,5.351398,0,2024-11-18 06:57:21,morning,Fiber,OK
1731916102,53,77.578026,27.181606,26.240927,0,2024-11-18 07:48:22,morning,Diode,OK
1731923361,64,38.512974,28.568224,9.711368,0,2024-11-18 09:49:21,morning,Excimer,OK
1731942409,11,80.00992,34.474,5.357066,0,2024-11-18 15:06:49,day,Nd:YAG,OK
1731942844,59,68.763466,226.86441,5.8658447,0,2024-11-18 15:14:04,day,Excimer,OK
1731959330,64,70.48071,36.97257,16.87422,0,2024-11-18 19:48:50,day,Excimer,OK
1731981134,96,53.70283,13.598327,16.640797,0,2024-11-19 01:52:14,night,Nd:YAG,OK
1731981570,64,8.144225,51.338997,25.032282,0,2024-11-19 01:59:30,night,Excimer,WARNING
1732024393,98,47.87487,67.99355,11.135608,0,2024-11-19 13:53:13,morning,Diode,OK
1732024402,23,80.50204,16.879198,6.3940187,0,2024-11-19 13:53:22,morning,Diode,OK
1732044103,23,51.1677,76.79248,2.1894503,0,2024-11-19 19:21:43,day,Diode,OK
1732078432,17,46.47367,12.757533,2.5509002,0,2024-11-20 04:53:52,night,Fiber,OK
1732080788,97,43.372505,39.32949,81.66537,0,2024-11-20 05:33:08,night,Fiber,OK
1732121536,68,77.373,68.85972,2.7277524,0,2024-11-20 16:52:16,day,Diode,OK
1732122511,97,53.796005,19.42284,11.53718,0,2024-11-20 17:08:31,day,Fiber,OK
1732201399,87,35.973793,54.075867,5.328037,0,2024-11-21 15:03:19,day,Fiber,OK
1732211786,54,101.31304,51.89136,9.184693,0,2024-11-21 17:56:26,day,Excimer,WARNING
1732211952,46,33.015984,50.69903,1.9297388,0,2024-11-21 17:59:12,day,Nd:YAG,OK
1732228980,78,85.482254,60.167465,6.3662276,0,2024-11-21 22:43:00,night,Diode,OK
1732231092,71,26.779276,22.391684,0.044278678,0,2024-11-21 23:18:12,night,Nd:YAG,ERROR
1732243197,71,40.712234,66.13423,13.002368,0,2024-11-22 02:39:57,night,Nd:YAG,OK
1732244831,79,113.240585,95.07598,0.34430408,0,2024-11-22 03:07:11,night,Excimer,WARNING
1732249586,84,47.500645,25.937206,9.403378,0,2024-11-22 04:26:26,night,Excimer,OK
1732259677,95,68.62167,75.91273,0.34836125,0,2024-11-22 07:14:37,morning,CO2,OK
1732264954,53,83.3272,57.01213,14.456589,0,2024-11-22 08:42:34,morning,Diode,OK
1732296649,64,69.022804,44.228584,1.5501089,0,2024-11-22 17:30:49,day,Excimer,OK
1732342549,22,71.32341,25.170486,11.968369,0,2024-11-23 06:15:49,morning,Fiber,OK
1732346826,27,106.83794,34.49807,11.085202,0,2024-11-23 07:27:06,morning,Fiber,WARNING
1732354816,51,52.41972,86.59237,4.126812,0,2024-11-23 09:40:16,morning,Nd:YAG,OK
1732355092,74,267.18222,65.98849,14.866367,0,2024-11-23 09:44:52,morning,Excimer,WARNING
1732372089,29,65.722496,9.028839,0.9823538,0,2024-11-23 14:28:09,day,Excimer,OK
1732374025,34,18.391352,87.29265,21.166359,0,2024-11-23 15:00:25,day,Excimer,OK
1732452875,38,34.92504,35.45092,8.07996,0,2024-11-24 12:54:35,morning,Diode,OK
1732455097,91,82.44131,53.106686,2.962548,0,2024-11-24 13:31:37,morning,Nd:YAG,OK
1732459681,20,83.71882,67.77191,1.0162278,0,2024-11-24 14:48:01,day,CO2,OK
1732461803,90,5.069364,51.718517,106.088234,0,2024-11-24 15:23:23,day,CO2,WARNING
1732486267,4,38.55466,114.12238,86.03752,0,2024-11-24 22:11:07,night,Excimer,OK
1732493275,69,63.793262,30.038553,83.81923,0,2024-11-25 00:07:55,night,Excimer,OK
1732501376,37,64.422714,37.387413,7.078857,0,2024-11-25 02:22:56,night,Fiber,OK
1732505770,10,35.128098,64.79787,10.039281,0,2024-11-25 03:36:10,night,CO2,OK
1732510327,90,71.53177,91.873245,16.52821,0,2024-11-25 04:52:07,night,CO2,OK
1732518099,94,40.29629,56.234215,4.306684,0,2024-11-25 07:01:39,morning,Excimer,OK
1732525549,37,83.089294,14.569919,15.986565,0,2024-11-25 09:05:49,morning,Fiber,OK
1732550878,75,33.1618,220.0416,0.46992725,0,2024-11-25 16:07:58,day,CO2,OK
1732579175,29,73.671326,59.860603,0.47375128,0,2024-11-25 23:59:35,night,Excimer,OK
1732580476,16,102.03563,27.558802,3.253448,0,2024-11-26 00:21:16,night,Nd:YAG,WARNING
1732650212,32,54.839844,1.2119073,11.331426,0,2024-11-26 19:43:32,day,Fiber,OK
1732671489,81,17.706772,43.79822,4.0011654,0,2024-11-27 01:38:09,night,Nd:YAG,OK
1732706851,72,91.899345,60.173782,5.4401255,0,2024-11-27 11:27:31,morning,Fiber,OK
1732708386,17,49.6524,14.280918,6.1605225,0,2024-11-27 11:53:06,morning,Fiber,OK
1732724880,15,44.165092,76.799736,15.663992,0,2024-11-27 16:28:00,day,CO2,OK
1732764153,38,62.508377,109.400536,6.5502853,0,2024-11-28 03:22:33,night,Diode,OK
1732777506,57,69.03543,54.19317,0.0020941368,0,2024-11-28 07:05:06,morning,Fiber,OK
1732823033,23,88.442,64.37018,3.3217473,0,2024-11-28 19:43:53,day,Diode,OK
1732823777,26,60.348896,26.455725,11.477756,0,2024-11-28 19:56:17,day,Nd:YAG,OK
1732842104,78,58.46681,10.874706,6.198461,0,2024-11-29 01:01:44,night,Diode,OK
1732858540,99,4.1192603,7.247441,4.901762,0,2024-11-29 05:35:40,night,Excimer,WARNING
1732880143,57,37.02218,47.46998,2.7484763,0,2024-11-29 11:35:43,morning,Fiber,OK
1732998436,66,76.014786,67.73307,2.7434497,0,2024-11-30 20:27:16,day,Nd:YAG,OK
1733045693,62,79.619354,20.319975,0.45394403,0,2024-12-01 09:34:53,morning,Fiber,OK
1733078118,61,50.799572,63.566296,4.780185,0,2024-12-01 18:35:18,day,Nd:YAG,OK
1733078497,75,84.43226,32.74291,18.229399,0,2024-12-01 18:41:37,day,CO2,OK
1733080664,37,57.968227,274.80365,4.295158,0,2024-12-01 19:17:44,day,Fiber,OK
1733084707,2,63.95682,67.99279,7.666599,0,2024-12-01 20:25:07,day,Fiber,OK
1733089392,70,257.88052,35.17517,3.6098988,0,2024-12-01 21:43:12,day,CO2,WARNING
1733099523,75,387.04865,50.826397,2.738879,0,2024-12-02 00:32:03,night,CO2,WARNING
1733208324,57,49.978577,46.498528,0.8248465,0,2024-12-03 06:45:24,morning,Fiber,OK
1733224765,20,36.224094,60.44132,0.6995768,0,2024-12-03 11:19:25,morning,CO2,OK
1733247975,5,64.81433,58.253822,7.7805285,0,2024-12-03 17:46:15,day,CO2,OK
1733303374,91,83.567245,7.357849,4.4923606,0,2024-12-04 09:09:34,morning,Nd:YAG,OK
1733314048,34,15.037851,27.115984,3.8208354,0,2024-12-04 12:07:28,morning,Excimer,OK
1733318649,51,35.07264,39.059784,8.126466,0,2024-12-04 13:24:09,morning,Nd:YAG,OK
1733343310,74,12.783977,50.765755,18.310562,0,2024-12-04 20:15:10,day,Excimer,OK
1733348453,51,68.984375,44.615566,10.789911,0,2024-12-04 21:40:53,day,Nd:YAG,OK
1733380217,14,13.725745,34.870697,6.7359343,0,2024-12-05 06:30:17,morning,Excimer,OK
1733448124,36,50.942142,22.387342,24.791319,0,2024-12-06 01:22:04,night,Nd:YAG,OK
1733456663,76,37.741062,4.4490447,1.7944595,0,2024-12-06 03:44:23,night,Nd:YAG,OK
1733481062,16,79.37778,41.18159,14.613352,0,2024-12-06 10:31:02,morning,Nd:YAG,OK
1733486308,98,46.09077,33.765575,2.2798076,0,2024-12-06 11:58:28,morning,Diode,OK
1733541192,81,9.909841,29.436779,3.664419,0,2024-12-07 03:13:12,night,Nd:YAG,WARNING
1733547958,18,55.290096,62.568703,91.68521,0,2024-12-07 05:05:58,night,Diode,OK
1733551730,5,40.359264,37.342964,1.2528763,0,2024-12-07 06:08:50,morning,CO2,OK
1733554935,42,20.610373,60.855835,19.533136,0,2024-12-07 07:02:15,morning,Fiber,OK
1733564030,87,73.32454,68.87098,0.4278096,0,2024-12-07 09:33:50,morning,Fiber,OK
1733572899,79,65.4987,63.500496,15.6056385,0,2024-12-07 12:01:39,morning,Excimer,OK
1733586151,59,62.5238,64.89404,8.401096,0,2024-12-07 15:42:31,day,Excimer,OK
1733598684,99,37.880695,62.3994,1.997921,0,2024-12-07 19:11:24,day,Excimer,OK
1733630009,30,27.900356,56.404957,6.972273,0,2024-12-08 03:53:29,night,CO2,OK
1733662716,60,30.516,95.21846,15.796074,0,2024-12-08 12:58:36,morning,CO2,OK
1733686327,9,56.08754,22.371876,124.96988,0,2024-12-08 19:32:07,day,Excimer,OK
1733722681,97,27.760157,65.3571,3.8151004,0,2024-12-09 05:38:01,night,Fiber,OK
1733731668,44,99.59662,98.012215,14.759197,0,2024-12-09 08:07:48,morning,Excimer,OK
1733754848,17,76.85823,65.355095,11.263159,0,2024-12-09 14:34:08,day,Fiber,OK
1733763115,65,43.686405,52.449345,9.223047,0,2024-12-09 16:51:55,day,CO2,OK
1733805049,59,78.143845,46.967472,14.325353,0,2024-12-10 04:30:49,night,Excimer,OK
1733812233,21,74.75189,94.96813,9.273072,0,2024-12-10 06:30:33,morning,Nd:YAG,OK
1733813295,49,34.85576,55.98188,2.247042,0,2024-12-10 06:48:15,morning,Excimer,OK
1733819879,33,72.62353,25.126093,3.7917058,0,2024-12-10 08:37:59,morning,Diode,OK
1733820349,35,41.062336,83.36522,13.965945,0,2024-12-10 08:45:49,morning,CO2,OK
1733827689,0,52.57911,249.74669,7.5939527,0,2024-12-10 10:48:09,morning,CO2,OK
1733832840,34,46.282475,27.897438,5.141499,0,2024-12-10 12:14:00,morning,Excimer,OK
1733833135,22,53.631607,62.19873,3.0371509,0,2024-12-10 12:18:55,morning,Fiber,OK
1733833891,29,72.097565,54.308277,10.633776,0,2024-12-10 12:31:31,morning,Excimer,OK
1733835051,48,33.551956,15.803982,2.2780342,0,2024-12-10 12:50:51,morning,Diode,OK
1733858667,89,39.086166,20.690014,2.9145396,0,2024-12-10 19:24:27,day,Excimer,OK
1733901227,52,34.921482,47.47794,17.438112,0,2024-12-11 07:13:47,morning,Fiber,OK
1733905536,19,41.351215,47.340427,6.4215546,0,2024-12-11 08:25:36,morning,Excimer,OK
1733929868,73,13.706836,59.644894,0.31276995,0,2024-12-11 15:11:08,day,Diode,OK
1733934510,63,58.974182,61.062653,17.18497,0,2024-12-11 16:28:30,day,Diode,OK
1733935785,90,27.366613,0.8203819,0.73157686,0,2024-12-11 16:49:45,day,CO2,OK
1733947734,53,55.858498,57.981678,1.258262,0,2024-12-11 20:08:54,day,Diode,OK
1733980139,10,89.562645,60.455494,6.079664,0,2024-12-12 05:08:59,night,CO2,OK
1733990946,41,45.093838,32.38645,4.4001193,0,2024-12-12 08:09:06,morning,Nd:YAG,OK
1733991388,35,20.935102,64.48144,1.8548614,0,2024-12-12 08:16:28,morning,CO2,OK
1733998337,80,54.31587,25.361557,11.486309,0,2024-12-12 10:12:17,morning,CO2,OK
1734017720,97,50.469727,37.597996,12.08012,0,2024-12-12 15:35:20,day,Fiber,OK
1734035896,52,52.456203,66.88938,3.6720855,0,2024-12-12 20:38:16,day,Fiber,OK
1734058837,86,21.833157,28.38319,6.132481,0,2024-12-13 03:00:37,night,Nd:YAG,OK
1734062505,47,83.36871,4.433294,17.284687,0,2024-12-13 04:01:45,night,Fiber,OK
1734065927,28,62.81158,72.36515,0.75163233,0,2024-12-13 04:58:47,night,Diode,OK
1734077502,37,45.349712,20.849533,11.638966,0,2024-12-13 08:11:42,morning,Fiber,OK
1734099917,67,43.07422,69.160286,5.751198,0,2024-12-13 14:25:17,day,Fiber,OK
1734101429,44,47.405426,50.203568,12.273134,0,2024-12-13 14:50:29,day,Excimer,OK
1734134632,29,57.961334,26.715544,6.2317376,0,2024-12-14 00:03:52,night,Excimer,OK
1734200749,94,105.36422,131.98596,8.925719,0,2024-12-14 18:25:49,day,Excimer,WARNING
1734219732,52,33.88338,383.2172,1.044874,0,2024-12-14 23:42:12,night,Fiber,OK
1734222929,34,58.46522,12.467626,11.357792,0,2024-12-15 00:35:29,night,Excimer,OK
1734228765,67,36.023483,91.7785,7.3654428,0,2024-12-15 02:12:45,night,Fiber,OK
1734239039,79,2.7270694,48.588947,11.187137,0,2024-12-15 05:03:59,night,Excimer,WARNING
1734264876,47,34.19979,73.38088,6.200292,0,2024-12-15 12:14:36,morning,Fiber,OK
1734281106,73,59.10509,55.18055,4.5619416,0,2024-12-15 16:45:06,day,Diode,OK
1734284647,6,48.815586,40.05243,1.4739238,0,2024-12-15 17:44:07,day,Nd:YAG,OK
1734341523,96,11.28539,47.33815,3.9793017,0,2024-12-16 09:32:03,morning,Nd:YAG,OK
1734401235,52,11.977353,38.939556,7.5990458,0,2024-12-17 02:07:15,night,Fiber,OK
1734409375,7,84.48892,46.440605,4.625771,0,2024-12-17 04:22:55,night,Fiber,OK
1734411384,84,59.199924,69.28267,1.3484359,0,2024-12-17 04:56:24,night,Excimer,OK
1734447843,64,63.250546,45.33594,1.3372878,0,2024-12-17 15:04:03,day,Excimer,OK
1734457798,60,87.88698,99.16807,5.860664,0,2024-12-17 17:49:58,day,CO2,OK
1734476221,92,49.678772,58.500835,1.4388573,0,2024-12-17 22:57:01,night,Fiber,OK
1734501889,30,60.907112,22.212889,0.19082879,0,2024-12-18 06:04:49,morning,CO2,OK
1734511443,46,16.801783,55.900566,8.726927,0,2024-12-18 08:44:03,morning,Nd:YAG,OK
1734530399,64,25.10798,41.00774,19.545197,0,2024-12-18 13:59:59,morning,Excimer,OK
1734534386,48,248.8447,81.91177,9.490729,0,2024-12-18 15:06:26,day,Diode,WARNING
1734557366,66,81.12615,66.21996,1.7512347,0,2024-12-18 21:29:26,day,Nd:YAG,OK
1734587608,10,66.061066,63.225025,9.510853,0,2024-12-19 05:53:28,night,CO2,OK
1734629825,26,51.820656,236.77507,4.4712353,0,2024-12-19 17:37:05,day,Nd:YAG,OK
1734683259,86,54.041725,33.46311,0.23914726,0,2024-12-20 08:27:39,morning,Nd:YAG,OK
1734684567,68,76.43089,39.84937,127.87077,0,2024-12-20 08:49:27,morning,Diode,OK
1734687071,35,103.73718,27.088627,1.0297794,0,2024-12-20 09:31:11,morning,CO2,WARNING
1734706129,66,31.786259,51.054153,2.3647635,0,2024-12-20 14:48:49,day,Nd:YAG,OK
1734710805,20,69.06363,74.33816,1.2849705,0,2024-12-20 16:06:45,day,CO2,OK
1734722374,50,76.17067,95.59129,15.680425,0,2024-12-20 19:19:34,day,CO2,OK
1734736342,80,35.595802,53.120537,6.472678,0,2024-12-20 23:12:22,night,CO2,OK
1734739151,58,48.201004,31.749088,2.2066584,0,2024-12-20 23:59:11,night,Diode,OK
1734787934,9,35.928368,13.345468,2.5611691,0,2024-12-21 13:32:14,morning,Excimer,ERROR
1734811233,30,14.286957,20.166647,4.0194755,0,2024-12-21 20:00:33,day,CO2,OK
1734849360,86,0.49430344,14.961798,9.194357,0,2024-12-22 06:36:00,morning,Nd:YAG,WARNING
1734852939,5,95.202095,52.6886,10.15042,0,2024-12-22 07:35:39,morning,CO2,OK
1734859904,86,18.010582,351.70578,30.814932,0,2024-12-22 09:31:44,morning,Nd:YAG,OK
1734861393,87,48.851864,64.17736,2.1078017,0,2024-12-22 09:56:33,morning,Fiber,OK
1734870291,44,419.28354,31.512758,10.277384,0,2024-12-22 12:24:51,morning,Excimer,WARNING
1734875746,11,20.753227,31.002487,0.46850634,0,2024-12-22 13:55:46,morning,Nd:YAG,OK
1734875855,81,37.99067,36.594494,14.003171,0,2024-12-22 13:57:35,morning,Nd:YAG,OK
1734880862,86,74.33298,78.37703,10.407475,0,2024-12-22 15:21:02,day,Nd:YAG,OK
1734887122,85,74.15379,46.509594,0.5581649,0,2024-12-22 17:05:22,day,CO2,OK
1734923670,44,56.94731,33.74641,4.2072053,0,2024-12-23 03:14:30,night,Excimer,OK
1734924210,98,59.396786,51.996002,5.4750295,0,2024-12-23 03:23:30,night,Diode,OK
1734999146,88,27.630816,62.301888,6.0323014,0,2024-12-24 00:12:26,night,Diode,OK
1735063802,37,52.364864,43.315548,8.834037,0,2024-12-24 18:10:02,day,Fiber,OK
1735075930,8,58.084045,49.267296,1.4123166,0,2024-12-24 21:32:10,day,Diode,OK
1735080491,17,63.18222,54.764366,2.375225,0,2024-12-24 22:48:11,night,Fiber,OK
1735181123,95,66.7268,46.028416,8.467111,0,2024-12-26 02:45:23,night,CO2,OK
1735263724,42,31.069418,302.05127,2.139301,0,2024-12-27 01:42:04,night,Fiber,OK
1735287189,98,25.255083,7.039615,93.41304,0,2024-12-27 08:13:09,morning,Diode,OK
1735298376,31,53.238274,75.479996,10.861994,0,2024-12-27 11:19:36,morning,Nd:YAG,OK
1735312533,31,73.674995,38.003628,13.858294,0,2024-12-27 15:15:33,day,Nd:YAG,OK
1735349540,80,52.44149,56.537704,14.303081,0,2024-12-28 01:32:20,night,CO2,OK
1735353836,55,93.785255,56.402294,15.620096,0,2024-12-28 02:43:56,night,CO2,OK
1735354886,0,57.617092,20.956276,10.692467,0,2024-12-28 03:01:26,night,CO2,OK
1735373842,7,40.594727,44.525196,2.9665446,0,2024-12-28 08:17:22,morning,Fiber,OK
1735391896,45,94.03967,34.84954,4.781861,0,2024-12-28 13:18:16,morning,CO2,OK
1735402028,25,14.162378,87.83161,30.61928,0,2024-12-28 16:07:08,day,CO2,OK
1735410810,2,70.02227,18.239273,6.5367103,0,2024-12-28 18:33:30,day,Fiber,OK
1735417283,33,22.182278,49.36764,15.298563,0,2024-12-28 20:21:23,day,Diode,OK
1735439489,89,51.959026,269.55173,24.847286,0,2024-12-29 02:31:29,night,Excimer,OK
1735439757,76,30.676958,28.035854,7.5399566,0,2024-12-29 02:35:57,night,Nd:YAG,OK
1735485564,6,55.017426,376.0301,4.58092,0,2024-12-29 15:19:24,day,Nd:YAG,OK
1735490776,66,51.39595,75.80949,1.6621407,0,2024-12-29 16:46:16,day,Nd:YAG,OK
1735507828,4,100.4479,3.9661636,5.731094,0,2024-12-29 21:30:28,day,Excimer,OK
1735555437,87,19.089464,77.720116,109.12624,0,2024-12-30 10:43:57,morning,Fiber,OK
1735587253,35,11.671662,62.74329,5.7351656,0,2024-12-30 19:34:13,day,CO2,OK
1735594153,55,33.124454,30.126911,3.8088562,0,2024-12-30 21:29:13,day,CO2,OK
1735621164,95,64.40471,50.199535,137.1661,0,2024-12-31 04:59:24,night,CO2,OK
1735628465,86,48.759808,15.682365,0.22765532,0,2024-12-31 07:01:05,morning,Nd:YAG,OK
1735635879,83,43.478355,58.591564,0.69712305,0,2024-12-31 09:04:39,morning,Diode,OK
1735636498,3,102.81811,43.993465,10.578999,0,2024-12-31 09:14:58,morning,Diode,WARNING
1735679523,0,71.557594,22.582235,10.453862,0,2024-12-31 21:12:03,day,CO2,OK
1735705499,66,101.56033,55.839104,1.9051089,0,2025-01-01 04:24:59,night,Nd:YAG,WARNING
1735716170,61,45.636074,71.46057,0.41199076,0,2025-01-01 07:22:50,morning,Nd:YAG,OK
1735731428,12,69.03437,16.243076,11.270351,0,2025-01-01 11:37:08,morning,Fiber,OK
1735733568,93,72.38552,385.3798,3.228844,0,2025-01-01 12:12:48,morning,Diode,OK
1735737443,89,229.83377,357.89664,3.8727083,0,2025-01-01 13:17:23,morning,Excimer,WARNING
1735745933,43,60.247555,26.670048,5.7163954,0,2025-01-01 15:38:53,day,Diode,OK
1735750625,55,45.587727,51.450275,8.664673,0,2025-01-01 16:57:05,day,CO2,OK
1735770294,96,72.08298,33.207867,14.661033,0,2025-01-01 22:24:54,night,Nd:YAG,OK
1735792337,10,37.64912,48.91402,8.164665,0,2025-01-02 04:32:17,night,CO2,OK
1735798322,63,74.074936,70.90661,23.369825,0,2025-01-02 06:12:02,morning,Diode,OK
1735810593,58,91.21475,63.828903,18.948633,0,2025-01-02 09:36:33,morning,Diode,OK
1735836644,88,65.268105,60.7598,8.537443,0,2025-01-02 16:50:44,day,Diode,OK
1735857493,54,363.5161,372.8652,7.802789,0,2025-01-02 22:38:13,night,Excimer,WARNING
1735900254,46,96.14051,82.21184,7.26522,0,2025-01-03 10:30:54,morning,Nd:YAG,OK
1735904993,57,418.54037,34.84469,10.199202,0,2025-01-03 11:49:53,morning,Fiber,WARNING
1735908635,79,71.20437,14.663085,7.4281363,0,2025-01-03 12:50:35,morning,Excimer,OK
1735926329,94,45.99039,76.22008,13.4916525,0,2025-01-03 17:45:29,day,Excimer,OK
1735930335,32,271.553,15.896491,0.22476028,0,2025-01-03 18:52:15,day,Fiber,WARNING
1735931264,19,4.6385264,24.925806,4.8948507,0,2025-01-03 19:07:44,day,Excimer,WARNING
1735935536,76,30.446678,29.70255,3.4163222,0,2025-01-03 20:18:56,day,Nd:YAG,OK
1735943248,76,43.799885,53.818996,0.13636771,0,2025-01-03 22:27:28,night,Nd:YAG,OK
1735945733,10,60.977684,22.444078,27.484371,0,2025-01-03 23:08:53,night,CO2,OK
1735952590,75,7.346283,44.483906,11.928663,0,2025-01-04 01:03:10,night,CO2,WARNING
1735978601,69,54.08702,0.51982737,105.46858,0,2025-01-04 08:16:41,morning,Excimer,OK
1736003724,52,21.385086,48.650967,19.654228,0,2025-01-04 15:15:24,day,Fiber,OK
1736020579,52,63.163734,38.618176,6.355226,0,2025-01-04 19:56:19,day,Fiber,OK
1736029640,2,14.523641,13.849358,9.558661,0,2025-01-04 22:27:20,night,Fiber,OK
1736035695,74,46.258224,69.14826,13.469657,0,2025-01-05 00:08:15,night,Excimer,OK
1736046275,12,60.401108,108.45213,8.962726,0,2025-01-05 03:04:35,night,Fiber,OK
1736050296,26,50.446003,29.855913,9.7043085,0,2025-01-05 04:11:36,night,Nd:YAG,OK
1736060078,95,24.333834,31.8863,9.051149,0,2025-01-05 06:54:38,morning,CO2,OK
1736093735,57,50.367123,59.009323,0.44564843,0,2025-01-05 16:15:35,day,Fiber,OK
1736116457,89,41.903645,76.04083,2.9839327,0,2025-01-05 22:34:17,night,Excimer,OK
1736139884,74,37.03602,375.7858,75.65002,0,2025-01-06 05:04:44,night,Excimer,OK
1736191196,61,15.45669,28.090256,5.599791,0,2025-01-06 19:19:56,day,Nd:YAG,OK
1736229067,89,33.692734,77.658485,6.1744843,0,2025-01-07 05:51:07,night,Excimer,OK
1736273345,15,87.93718,52.596508,13.990591,0,2025-01-07 18:09:05,day,CO2,OK
1736289934,64,32.222443,40.577873,21.201542,0,2025-01-07 22:45:34,night,Excimer,OK
1736330419,22,56.217842,24.672401,7.3012557,0,2025-01-08 10:00:19,morning,Fiber,OK
1736365078,11,52.837765,69.69609,12.959096,0,2025-01-08 19:37:58,day,Nd:YAG,OK
1736373510,96,23.942726,24.08625,17.634323,0,2025-01-08 21:58:30,day,Nd:YAG,OK
1736380182,38,14.523507,2.0130193,25.170862,0,2025-01-08 23:49:42,night,Diode,OK
1736395083,34,62.473366,61.504,3.53068,0,2025-01-09 03:58:03,night,Excimer,OK
1736440639,20,36.125298,55.161694,3.0493708,0,2025-01-09 16:37:19,day,CO2,OK
1736447689,4,45.612797,45.31659,5.318743,0,2025-01-09 18:34:49,day,Excimer,OK
1736496682,86,42.136147,32.36264,8.639016,0,2025-01-10 08:11:22,morning,Nd:YAG,OK
1736502996,10,70.90145,40.82724,8.049668,0,2025-01-10 09:56:36,morning,CO2,OK
1736524842,10,97.238625,52.206516,139.33449,0,2025-01-10 16:00:42,day,CO2,OK
1736570650,17,53.52616,37.050915,4.7858167,0,2025-01-11 04:44:10,night,Fiber,OK
1736592801,95,26.106947,90.21834,15.095075,0,2025-01-11 10:53:21,morning,CO2,OK
1736593754,25,37.283226,78.81653,8.70646,0,2025-01-11 11:09:14,morning,CO2,OK
1736607632,84,36.07707,46.761326,5.8284616,0,2025-01-11 15:00:32,day,Excimer,OK
1736640970,65,95.03689,53.86341,18.50798,0,2025-01-12 00:16:10,night,CO2,OK
1736642458,21,64.067024,63.290516,13.173541,0,2025-01-12 00:40:58,night,Nd:YAG,OK
1736642668,99,71.8114,18.579739,115.43693,0,2025-01-12 00:44:28,night,Excimer,OK
1736687476,63,56.56601,31.65894,7.5350695,0,2025-01-12 13:11:16,morning,Diode,OK
1736692874,41,38.096653,29.398497,3.4904697,0,2025-01-12 14:41:14,day,Nd:YAG,OK
1736705967,39,31.321611,83.128334,8.311612,0,2025-01-12 18:19:27,day,Excimer,OK
1736723159,55,93.741066,36.980316,3.6327326,0,2025-01-12 23:05:59,night,CO2,OK
1736730330,33,59.805923,94.94027,5.143372,0,2025-01-13 01:05:30,night,Diode,OK
1736744616,29,58.36812,44.177807,16.409332,0,2025-01-13 05:03:36,night,Excimer,OK
1736750581,49,82.42769,42.894917,1.6842668,0,2025-01-13 06:43:01,morning,Excimer,OK
1736756580,93,287.3398,39.36404,3.153032,0,2025-01-13 08:23:00,morning,Diode,WARNING
1736782027,43,61.635853,73.062325,1.064738,0,2025-01-13 15:27:07,day,Diode,OK
1736822971,89,47.30731,79.41744,2.5309744,0,2025-01-14 02:49:31,night,Excimer,OK
1736824891,93,38.30863,39.99675,12.757495,0,2025-01-14 03:21:31,night,Diode,OK
1736845226,41,35.671154,67.27464,0.7416086,0,2025-01-14 09:00:26,morning,Nd:YAG,OK
1736848990,27,22.769129,68.43595,7.731905,0,2025-01-14 10:03:10,morning,Fiber,OK
1736860154,59,61.82446,8.92957,16.433578,0,2025-01-14 13:09:14,morning,Excimer,OK
1736862739,66,31.723074,57.49349,9.180927,0,2025-01-14 13:52:19,morning,Nd:YAG,OK
1736892831,12,73.45696,111.803055,6.8510265,0,2025-01-14 22:13:51,night,Fiber,OK
1736907198,24,46.316322,68.49245,139.95988,0,2025-01-15 02:13:18,night,Excimer,OK
1736926025,54,40.92122,53.219845,3.5836961,0,2025-01-15 07:27:05,morning,Excimer,OK
1736941710,14,38.394516,73.59208,1.0803595,0,2025-01-15 11:48:30,morning,Excimer,OK
1736944731,12,32.44353,87.88657,17.778357,0,2025-01-15 12:38:51,morning,Fiber,OK
1736946171,76,99.83257,73.71425,138.48605,0,2025-01-15 13:02:51,morning,Nd:YAG,OK
1736953125,59,28.288086,72.847115,0.12052624,0,2025-01-15 14:58:45,day,Excimer,OK
1737012612,41,27.394882,55.141113,16.80711,0,2025-01-16 07:30:12,morning,Nd:YAG,OK
1737025387,44,20.424097,50.12377,15.954521,0,2025-01-16 11:03:07,morning,Excimer,OK
1737045613,86,64.40461,7.033354,0.3283741,0,2025-01-16 16:40:13,day,Nd:YAG,OK
1737081414,15,55.47861,74.08317,14.662505,0,2025-01-17 02:36:54,night,CO2,OK
1737106952,12,62.0805,29.536787,6.6523576,0,2025-01-17 09:42:32,morning,Fiber,OK
1737107363,61,82.581566,13.551755,10.612117,0,2025-01-17 09:49:23,morning,Nd:YAG,OK
1737144605,31,22.66803,66.43095,15.874759,0,2025-01-17 20:10:05,day,Nd:YAG,OK
1737155967,9,21.362389,118.73701,3.698226,0,2025-01-17 23:19:27,night,Excimer,OK
1737163929,7,58.75023,51.19738,6.8062067,0,2025-01-18 01:32:09,night,Fiber,OK
1737170011,91,78.409744,21.310497,5.766939,0,2025-01-18 03:13:31,night,Nd:YAG,OK
1737172957,87,23.343855,307.14746,25.017443,0,2025-01-18 04:02:37,night,Fiber,OK
1737195068,70,83.116165,47.004623,10.48745,0,2025-01-18 10:11:08,morning,CO2,OK
1737220631,5,48.51429,95.696815,1.4752002,0,2025-01-18 17:17:11,day,CO2,OK
1737251941,53,85.68501,0.5319667,19.106148,0,2025-01-19 01:59:01,night,Diode,OK
1737261784,95,105.632675,61.6574,2.2192144,0,2025-01-19 04:43:04,night,CO2,WARNING
1737289320,6,43.043934,41.81793,2.8969734,0,2025-01-19 12:22:00,morning,Nd:YAG,OK
1737293997,48,91.94018,40.158993,0.106160805,0,2025-01-19 13:39:57,morning,Diode,OK
1737333074,81,73.09987,82.00371,2.3648217,0,2025-01-20 00:31:14,night,Nd:YAG,OK
1737339207,10,57.28516,88.46865,1.9429051,0,2025-01-20 02:13:27,night,CO2,OK
1737446995,95,19.315126,29.171993,4.4142714,0,2025-01-21 08:09:55,morning,CO2,OK
1737449029,83,51.011436,35.18749,8.138436,0,2025-01-21 08:43:49,morning,Diode,OK
1737455590,75,52.583847,22.391476,9.9081,0,2025-01-21 10:33:10,morning,CO2,OK
1737470331,1,52.805088,49.69528,8.075458,0,2025-01-21 14:38:51,day,Nd:YAG,OK
1737473824,31,25.544838,67.399345,15.818312,0,2025-01-21 15:37:04,day,Nd:YAG,OK
1737497448,76,31.49939,82.962524,139.7498,0,2025-01-21 22:10:48,night,Nd:YAG,OK
1737534758,59,57.77285,90.498375,2.2994933,0,2025-01-22 08:32:38,morning,Excimer,OK
1737610526,31,247.83882,74.605095,10.019866,0,2025-01-23 05:35:26,night,Nd:YAG,WARNING
1737625853,81,44.772385,49.463524,105.66779,0,2025-01-23 09:50:53,morning,Nd:YAG,OK
1737689171,82,44.903046,44.951664,9.943587,0,2025-01-24 03:26:11,night,Fiber,OK
1737697614,9,2.5153131,63.409256,6.4460554,0,2025-01-24 05:46:54,night,Excimer,WARNING
1737718640,6,17.219006,67.06482,7.2972546,0,2025-01-24 11:37:20,morning,Nd:YAG,OK
1737719582,24,251.67894,83.480064,1.4951991,0,2025-01-24 11:53:02,morning,Excimer,WARNING
1737719656,72,75.74811,24.526476,8.247847,0,2025-01-24 11:54:16,morning,Fiber,OK
1737723637,46,71.09142,74.8364,6.302375,0,2025-01-24 13:00:37,morning,Nd:YAG,OK
1737734351,76,49.983227,97.15726,10.819059,0,2025-01-24 15:59:11,day,Nd:YAG,OK
1737736233,1,29.53539,80.30207,11.953835,0,2025-01-24 16:30:33,day,Nd:YAG,OK
1737751322,46,11.419493,48.93383,8.755165,0,2025-01-24 20:42:02,day,Nd:YAG,OK
1737780552,15,71.66554,61.160854,7.439803,0,2025-01-25 04:49:12,night,CO2,OK
1737785501,5,38.763336,45.694477,8.876732,0,2025-01-25 06:11:41,morning,CO2,OK
1737788625,58,30.828321,40.622658,6.645652,0,2025-01-25 07:03:45,morning,Diode,OK
1737791642,40,65.58359,14.448001,16.16198,0,2025-01-25 07:54:02,morning,CO2,OK
1737795670,77,50.936703,63.853893,0.7995028,0,2025-01-25 09:01:10,morning,Fiber,OK
1737803607,19,26.898237,10.638097,22.565725,0,2025-01-25 11:13:27,morning,Excimer,OK
1737806581,94,40.87759,90.47697,84.64516,0,2025-01-25 12:03:01,morning,Excimer,OK
1737823324,75,90.458984,52.56019,9.179769,0,2025-01-25 16:42:04,day,CO2,OK
1737845872,93,57.39457,67.03197,5.2487407,0,2025-01-25 22:57:52,night,Diode,OK
1737845920,11,47.294365,32.89943,3.2911904,0,2025-01-25 22:58:40,night,Nd:YAG,OK
1737863067,77,33.69454,41.749527,8.978771,0,2025-01-26 03:44:27,night,Fiber,OK
1737877452,2,226.02443,1.2888443,9.837543,0,2025-01-26 07:44:12,morning,Fiber,WARNING
1737897033,19,83.3487,54.14275,0.46276924,0,2025-01-26 13:10:33,morning,Excimer,OK
1737931604,80,61.276596,103.74081,3.0464988,0,2025-01-26 22:46:44,night,CO2,OK
1737952065,3,47.985058,24.124527,146.65517,0,2025-01-27 04:27:45,night,Diode,OK
1737954684,46,69.17965,50.848793,115.56977,0,2025-01-27 05:11:24,night,Nd:YAG,OK
1737964779,17,70.9247,8.734031,4.6711316,0,2025-01-27 07:59:39,morning,Fiber,OK
1737974311,5,43.758564,99.2196,4.873802,0,2025-01-27 10:38:31,morning,CO2,OK
1737975088,34,62.877014,70.66154,6.6745453,0,2025-01-27 10:51:28,morning,Excimer,OK
1738008154,56,297.35477,74.74813,146.3641,0,2025-01-27 20:02:34,day,Nd:YAG,WARNING
1738010038,77,385.24808,38.756336,12.807017,0,2025-01-27 20:33:58,day,Fiber,WARNING
1738017561,73,36.883568,83.64669,11.918115,0,2025-01-27 22:39:21,night,Diode,OK
1738029965,47,28.632095,127.42863,1.8877772,0,2025-01-28 02:06:05,night,Fiber,OK
1738083283,62,83.46757,46.851982,14.537461,0,2025-01-28 16:54:43,day,Fiber,OK
1738109767,65,32.9584,43.78441,18.409649,0,2025-01-29 00:16:07,night,CO2,OK
1738150835,43,63.524426,29.2175,6.8902864,0,2025-01-29 11:40:35,morning,Diode,OK
1738184033,65,41.4119,18.546782,0.72049403,0,2025-01-29 20:53:53,day,CO2,OK
1738188797,46,80.14762,62.299408,5.683448,0,2025-01-29 22:13:17,night,Nd:YAG,OK
1738212049,96,54.429996,55.304718,7.091444,0,2025-01-30 04:40:49,night,Nd:YAG,OK
1738213651,49,105.458046,45.924942,1.6912502,0,2025-01-30 05:07:31,night,Excimer,WARNING
1738239976,45,45.531128,41.96532,9.128914,0,2025-01-30 12:26:16,morning,CO2,OK
1738256484,2,59.436604,39.93172,16.187637,0,2025-01-30 17:01:24,day,Fiber,OK
1738269597,93,80.47697,51.630085,3.5608342,0,2025-01-30 20:39:57,day,Diode,OK
1738272689,43,56.048923,52.5593,2.5107915,0,2025-01-30 21:31:29,day,Diode,OK
1738293887,32,48.349754,42.75784,8.312576,0,2025-01-31 03:24:47,night,Fiber,OK
1738300661,94,35.908787,43.531498,14.330647,0,2025-01-31 05:17:41,night,Excimer,OK
1738301465,83,32.722397,90.2489,11.334252,0,2025-01-31 05:31:05,night,Diode,OK
1738315684,45,63.704823,40.1664,23.917868,0,2025-01-31 09:28:04,morning,CO2,OK
1738321527,38,67.45301,24.940481,112.95921,0,2025-01-31 11:05:27,morning,Diode,OK
1738395001,55,28.147367,49.76102,1.7948982,0,2025-02-01 07:30:01,morning,CO2,OK
1738402549,86,50.976288,57.710484,8.19138,0,2025-02-01 09:35:49,morning,Nd:YAG,OK
1738412211,98,40.44298,51.184074,14.238307,0,2025-02-01 12:16:51,morning,Diode,OK
1738420809,91,12.897276,36.61802,11.002074,0,2025-02-01 14:40:09,day,Nd:YAG,OK
1738423629,85,9.57257,52.710907,11.461637,0,2025-02-01 15:27:09,day,CO2,WARNING
1738447166,55,27.235888,29.145676,5.184186,0,2025-02-01 21:59:26,day,CO2,OK
1738454349,3,17.070038,41.834206,1.8755823,0,2025-02-01 23:59:09,night,Diode,OK
1738459180,41,68.166626,28.856329,2.5843632,0,2025-02-02 01:19:40,night,Nd:YAG,OK
1738490865,70,13.058389,63.59995,10.095126,0,2025-02-02 10:07:45,morning,CO2,OK
1738494936,29,60.88558,52.78765,1.5498322,0,2025-02-02 11:15:36,morning,Excimer,OK
1738522387,4,44.507824,68.928604,17.844233,0,2025-02-02 18:53:07,day,Excimer,OK
1738530949,4,73.86517,69.56191,19.660063,0,2025-02-02 21:15:49,day,Excimer,OK
1738549942,79,30.802742,91.64631,1.4005635,0,2025-02-03 02:32:22,night,Excimer,OK
1738558467,74,44.210533,15.931076,3.2140968,0,2025-02-03 04:54:27,night,Excimer,OK
1738562907,98,78.44983,49.520008,4.8064475,0,2025-02-03 06:08:27,morning,Diode,OK
1738565319,24,29.086115,60.445286,6.12256,0,2025-02-03 06:48:39,morning,Excimer,OK
1738581332,15,50.922512,58.938442,9.153981,0,2025-02-03 11:15:32,morning,CO2,OK
1738589690,6,43.492752,58.493767,7.7773433,0,2025-02-03 13:34:50,morning,Nd:YAG,OK
1738612806,53,60.755814,51.192314,65.656494,0,2025-02-03 20:00:06,day,Diode,OK
1738622964,3,42.415443,94.53116,117.84044,0,2025-02-03 22:49:24,night,Diode,OK
1738672558,95,61.207775,50.238693,3.2631075,0,2025-02-04 12:35:58,morning,CO2,OK
1738694699,50,28.944534,44.72946,6.117108,0,2025-02-04 18:44:59,day,CO2,OK
1738696572,65,312.5974,71.235405,3.8636913,0,2025-02-04 19:16:12,day,CO2,WARNING
1738708353,7,23.576921,21.200472,8.56614,0,2025-02-04 22:32:33,night,Fiber,OK
1738721504,49,74.15322,19.59739,24.637527,0,2025-02-05 02:11:44,night,Excimer,OK
1738729560,77,38.403576,4.400328,1.1267251,0,2025-02-05 04:26:00,night,Fiber,OK
1738733975,32,50.603897,29.37511,1.498977,0,2025-02-05 05:39:35,night,Fiber,OK
1738751362,98,7.079177,45.009583,7.4218125,0,2025-02-05 10:29:22,morning,Diode,WARNING
1738775334,93,49.361683,53.745125,14.771159,0,2025-02-05 17:08:54,day,Diode,OK
1738782886,91,7.79176,58.097603,102.94798,0,2025-02-05 19:14:46,day,Nd:YAG,WARNING
1738811902,70,58.265343,38.296993,23.897194,0,2025-02-06 03:18:22,night,CO2,OK
1738860547,62,39.038097,40.177017,1.1381236,0,2025-02-06 16:49:07,day,Fiber,OK
1738862350,42,39.017666,9.843983,6.6980004,0,2025-02-06 17:19:10,day,Fiber,OK
1738892227,32,54.545197,37.789898,7.6537237,0,2025-02-07 01:37:07,night,Fiber,OK
1738906783,13,61.169937,82.730034,2.2351158,0,2025-02-07 05:39:43,night,Diode,OK
1738914693,82,2.795177,76.080986,6.156316,0,2025-02-07 07:51:33,morning,Fiber,WARNING
1738934145,60,53.92561,52.813614,5.690246,0,2025-02-07 13:15:45,morning,CO2,OK
1738974640,95,65.56366,31.163591,4.6095743,0,2025-02-08 00:30:40,night,CO2,OK
1738982029,99,36.196392,88.81554,3.6374407,0,2025-02-08 02:33:49,night,Excimer,OK
1739000419,61,340.9129,76.19222,14.729819,0,2025-02-08 07:40:19,morning,Nd:YAG,WARNING
1739069652,53,99.78834,275.28455,10.253749,0,2025-02-09 02:54:12,night,Diode,OK
1739079187,13,49.405712,82.3829,0.39111727,0,2025-02-09 05:33:07,night,Diode,OK
1739083138,34,72.70087,47.927704,21.021564,0,2025-02-09 06:38:58,morning,Excimer,OK
1739098446,2,61.043884,54.08242,6.0654497,0,2025-02-09 10:54:06,morning,Fiber,OK
1739110717,74,55.16574,6.072496,10.1396675,0,2025-02-09 14:18:37,day,Excimer,OK
1739112942,21,45.800217,11.177773,13.019942,0,2025-02-09 14:55:42,day,Nd:YAG,OK
1739117904,89,1.9685581,88.90546,15.6490135,0,2025-02-09 16:18:24,day,Excimer,WARNING
1739144185,81,43.28797,50.808502,15.959578,0,2025-02-09 23:36:25,night,Nd:YAG,OK
1739160430,91,58.439068,57.54997,145.45686,0,2025-02-10 04:07:10,night,Nd:YAG,OK
1739163822,10,46.975937,12.9545145,3.6684215,0,2025-02-10 05:03:42,night,CO2,OK
1739175996,17,0.4495528,7.0880375,0.9177506,0,2025-02-10 08:26:36,morning,Fiber,WARNING
1739199019,28,31.982067,39.286003,16.990185,0,2025-02-10 14:50:19,day,Diode,OK
1739235872,41,99.47132,44.804432,3.2014892,0,2025-02-11 01:04:32,night,Nd:YAG,OK
1739236146,56,45.113342,68.190384,6.4902005,0,2025-02-11 01:09:06,night,Nd:YAG,OK
1739264675,90,68.17083,68.84215,0.88019377,0,2025-02-11 09:04:35,morning,CO2,OK
1739267488,30,51.176773,43.228546,7.0845413,0,2025-02-11 09:51:28,morning,CO2,OK
1739297396,10,100.10879,28.515728,17.345085,0,2025-02-11 18:09:56,day,CO2,OK
1739310527,39,395.93283,22.408802,2.916942,0,2025-02-11 21:48:47,day,Excimer,WARNING
1739315631,77,41.850037,67.354126,0.81821877,0,2025-02-11 23:13:51,night,Fiber,OK
1739377525,79,7.413962,60.07695,9.075764,0,2025-02-12 16:25:25,day,Excimer,WARNING
1739430179,88,46.2867,95.07134,8.752819,0,2025-02-13 07:02:59,morning,Diode,OK
1739436012,48,46.374092,291.92474,4.6926193,0,2025-02-13 08:40:12,morning,Diode,OK
1739438322,52,49.615856,45.539486,1.3979288,0,2025-02-13 09:18:42,morning,Fiber,OK
1739446492,87,84.15026,33.99809,4.499787,0,2025-02-13 11:34:52,morning,Fiber,OK
1739454237,61,76.31671,50.46197,9.933662,0,2025-02-13 13:43:57,morning,Nd:YAG,OK
1739511452,9,86.271675,106.61311,13.311011,0,2025-02-14 05:37:32,night,Excimer,OK
1739548653,68,71.49311,47.410923,6.994532,0,2025-02-14 15:57:33,day,Diode,OK
1739577690,50,37.639416,45.218475,9.447172,0,2025-02-15 00:01:30,night,CO2,OK
1739590086,79,62.608826,341.39236,5.306203,0,2025-02-15 03:28:06,night,Excimer,OK
1739601288,44,14.319133,342.9358,134.16583,0,2025-02-15 06:34:48,morning,Excimer,OK
1739603380,89,69.33782,36.24683,1.6584079,0,2025-02-15 07:09:40,morning,Excimer,OK
1739644924,35,99.42131,67.780106,5.5112624,0,2025-02-15 18:42:04,day,CO2,OK
1739648155,88,77.90183,33.02121,23.796917,0,2025-02-15 19:35:55,day,Diode,OK
1739736239,92,23.41638,46.50998,17.967957,0,2025-02-16 20:03:59,day,Fiber,OK
1739758189,49,76.35404,72.78636,0.20469762,0,2025-02-17 02:09:49,night,Excimer,OK
1739786426,48,45.843204,45.993195,67.09529,0,2025-02-17 10:00:26,morning,Diode,OK
1739810585,22,55.047157,49.704647,9.560374,0,2025-02-17 16:43:05,day,Fiber,OK
1739832640,95,44.075943,1.8749392,4.479235,0,2025-02-17 22:50:40,night,CO2,OK
1739832810,61,58.94421,68.830086,5.567068,0,2025-02-17 22:53:30,night,Nd:YAG,OK
1739839209,14,26.351215,71.72549,3.7991738,0,2025-02-18 00:40:09,night,Excimer,OK
1739845896,92,68.986565,48.577015,5.0296564,0,2025-02-18 02:31:36,night,Fiber,OK
1739876939,28,99.264915,69.83256,13.099035,0,2025-02-18 11:08:59,morning,Diode,OK
1739891770,45,71.86592,399.1307,84.39627,0,2025-02-18 15:16:10,day,CO2,OK
1739901512,47,69.35588,93.41806,3.7616544,0,2025-02-18 17:58:32,day,Fiber,OK
1739902243,68,80.16358,57.852985,9.188768,0,2025-02-18 18:10:43,day,Diode,OK
1739916620,47,47.57187,103.65335,4.8655925,0,2025-02-18 22:10:20,night,Fiber,OK
1739946361,10,48.78086,55.391636,25.105505,0,2025-02-19 06:26:01,morning,CO2,OK
1739974143,95,38.38977,75.14926,17.941034,0,2025-02-19 14:09:03,day,CO2,OK
1739981511,9,406.02567,10.728393,8.421868,0,2025-02-19 16:11:51,day,Excimer,WARNING
1739992550,40,61.708855,44.01435,100.55137,0,2025-02-19 19:15:50,day,CO2,OK
1740001836,56,61.594933,12.784117,15.361615,0,2025-02-19 21:50:36,day,Nd:YAG,OK
1740030706,72,8.047229,65.24155,1.981845,0,2025-02-20 05:51:46,night,Fiber,WARNING
1740036246,84,40.575542,36.33821,3.5411382,0,2025-02-20 07:24:06,morning,Excimer,OK
1740045873,2,49.80816,96.80765,6.1446524,0,2025-02-20 10:04:33,morning,Fiber,OK
1740046604,47,55.328842,46.64743,9.819268,0,2025-02-20 10:16:44,morning,Fiber,OK
1740097614,85,66.77546,12.267946,5.3708973,0,2025-02-21 00:26:54,night,CO2,OK
1740103107,81,51.886337,29.733202,113.89436,0,2025-02-21 01:58:27,night,Nd:YAG,OK
1740153828,94,58.92612,65.17986,6.070047,0,2025-02-21 16:03:48,day,Excimer,OK
1740196778,5,65.36344,84.06016,9.565754,0,2025-02-22 03:59:38,night,CO2,OK
1740199375,31,63.344433,74.67573,5.1484256,0,2025-02-22 04:42:55,night,Nd:YAG,OK
1740216830,84,27.595509,4.39048,2.320394,0,2025-02-22 09:33:50,morning,Excimer,OK
1740221634,36,77.95923,66.32705,31.29824,0,2025-02-22 10:53:54,morning,Nd:YAG,OK
1740288574,36,59.65004,30.32391,2.6501222,0,2025-02-23 05:29:34,night,Nd:YAG,OK
1740315132,92,95.31936,90.24174,2.2799304,0,2025-02-23 12:52:12,morning,Fiber,OK
1740317072,66,29.798445,10.570497,0.79844594,0,2025-02-23 13:24:32,morning,Nd:YAG,OK
1740329460,9,21.865484,49.02298,11.037378,0,2025-02-23 16:51:00,day,Excimer,OK
1740341837,56,73.77267,46.98581,3.8277264,0,2025-02-23 20:17:17,day,Nd:YAG,OK
1740344021,86,38.107162,18.82646,19.776278,0,2025-02-23 20:53:41,day,Nd:YAG,OK
1740348937,26,55.762295,64.1886,5.650842,0,2025-02-23 22:15:37,night,Nd:YAG,OK
1740360898,11,46.308056,105.09774,15.655232,0,2025-02-24 01:34:58,night,Nd:YAG,OK
1740362231,81,64.822556,52.669765,8.019667,0,2025-02-24 01:57:11,night,Nd:YAG,OK
1740362673,60,27.982094,309.95572,9.591867,0,2025-02-24 02:04:33,night,CO2,OK
1740377472,95,55.510967,38.826225,10.881115,0,2025-02-24 06:11:12,morning,CO2,OK
1740380932,0,350.0232,106.227585,3.2567914,0,2025-02-24 07:08:52,morning,CO2,WARNING
1740415379,39,33.01851,64.13653,11.937729,0,2025-02-24 16:42:59,day,Excimer,OK
1740418319,94,28.102085,58.819748,5.6768403,0,2025-02-24 17:31:59,day,Excimer,OK
1740428513,57,64.614174,88.90572,1.6722436,0,2025-02-24 20:21:53,day,Fiber,OK
1740440951,0,69.54449,84.28852,6.948661,0,2025-02-24 23:49:11,night,CO2,OK
1740472792,77,32.993423,34.02657,2.9064162,0,2025-02-25 08:39:52,morning,Fiber,OK
1740484460,53,43.552097,62.139874,6.2433243,0,2025-02-25 11:54:20,morning,Diode,OK
1740489301,18,66.63026,6.491666,11.776467,0,2025-02-25 13:15:01,morning,Diode,OK
1740493496,47,40.568905,55.809742,18.42772,0,2025-02-25 14:24:56,day,Fiber,OK
1740511048,5,41.92596,63.997997,9.452375,0,2025-02-25 19:17:28,day,CO2,OK
1740543613,12,128.71199,40.70499,13.962107,0,2025-02-26 04:20:13,night,Fiber,WARNING
1740552725,46,38.07854,32.363693,5.7031336,0,2025-02-26 06:52:05,morning,Nd:YAG,OK
1740555924,34,22.562916,75.63931,7.481416,0,2025-02-26 07:45:24,morning,Excimer,OK
1740586196,9,100.58711,28.264069,5.493376,0,2025-02-26 16:09:56,day,Excimer,OK
1740586740,3,37.156796,53.639736,6.719108,0,2025-02-26 16:19:00,day,Diode,OK
1740593720,0,226.38254,50.690952,13.139596,0,2025-02-26 18:15:20,day,CO2,WARNING
1740610287,5,80.8592,60.16817,6.551628,0,2025-02-26 22:51:27,night,CO2,OK
1740640675,1,54.546104,58.508423,3.113193,0,2025-02-27 07:17:55,morning,Nd:YAG,OK
1740642798,12,94.88328,47.622856,12.599984,0,2025-02-27 07:53:18,morning,Fiber,OK
1740684192,21,48.221844,10.205732,22.94932,0,2025-02-27 19:23:12,day,Nd:YAG,OK
1740686328,3,45.507084,60.37903,7.2129626,0,2025-02-27 19:58:48,day,Diode,OK
1740689689,90,59.843346,94.799736,7.9684086,0,2025-02-27 20:54:49,day,CO2,OK
1740699490,50,51.694126,32.162697,13.735262,0,2025-02-27 23:38:10,night,CO2,OK
1740710510,13,63.052998,81.28748,3.8274817,0,2025-02-28 02:41:50,night,Diode,OK
1740711859,4,58.441692,53.224846,4.007282,0,2025-02-28 03:04:19,night,Excimer,OK
1740712509,0,22.930777,37.750763,8.570488,0,2025-02-28 03:15:09,night,CO2,OK
1740716522,65,69.86851,81.51058,13.769903,0,2025-02-28 04:22:02,night,CO2,OK
1740745848,96,40.05828,17.456028,1.1475023,0,2025-02-28 12:30:48,morning,Nd:YAG,OK
1740753913,74,76.52245,55.400517,0.685776,0,2025-02-28 14:45:13,day,Excimer,OK
1740756241,57,74.72839,52.141552,2.3590097,0,2025-02-28 15:24:01,day,Fiber,OK
1740764566,50,33.744328,45.816383,20.922266,0,2025-02-28 17:42:46,day,CO2,OK
1740767053,19,35.85614,296.05893,120.528885,0,2025-02-28 18:24:13,day,Excimer,OK
1740796223,62,79.829895,52.155067,8.049099,0,2025-03-01 02:30:23,night,Fiber,OK
1740797661,1,316.52106,51.984005,3.6696353,0,2025-03-01 02:54:21,night,Nd:YAG,WARNING
1740808074,84,3.64964,53.070343,1.5960207,0,2025-03-01 05:47:54,night,Excimer,WARNING
1740835425,62,21.713322,71.67402,36.73873,0,2025-03-01 13:23:45,morning,Fiber,OK
1740835776,19,65.85832,37.61923,4.263956,0,2025-03-01 13:29:36,morning,Excimer,OK
1740836096,32,35.258446,51.264267,0.6965628,0,2025-03-01 13:34:56,morning,Fiber,OK
1740840619,68,51.54279,29.16829,12.040891,0,2025-03-01 14:50:19,day,Diode,OK
1740845961,91,38.013683,55.538143,6.2938046,0,2025-03-01 16:19:21,day,Nd:YAG,OK
1740923808,44,58.234097,13.297444,6.0526266,0,2025-03-02 13:56:48,morning,Excimer,OK
1740940795,98,34.526016,11.375242,8.124195,0,2025-03-02 18:39:55,day,Diode,OK
1740953589,19,45.41571,43.024956,1.6051835,0,2025-03-02 22:13:09,night,Excimer,OK
1740976591,87,100.952736,40.39627,0.62641233,0,2025-03-03 04:36:31,night,Fiber,WARNING
1740978149,51,81.321625,67.729614,98.921974,0,2025-03-03 05:02:29,night,Nd:YAG,OK
1741011322,58,6.7565594,24.297928,9.021453,0,2025-03-03 14:15:22,day,Diode,WARNING
1741014892,66,15.9789295,41.30328,5.121113,0,2025-03-03 15:14:52,day,Nd:YAG,OK
1741049402,87,6.464228,68.7483,16.81431,0,2025-03-04 00:50:02,night,Fiber,WARNING
1741093239,21,18.852732,22.055483,13.48094,0,2025-03-04 13:00:39,morning,Nd:YAG,OK
1741118455,65,66.38386,50.722336,2.0694332,0,2025-03-04 20:00:55,day,CO2,OK
1741137144,41,82.528404,42.894623,2.0259717,0,2025-03-05 01:12:24,night,Nd:YAG,OK
1741139443,4,77.82924,84.99849,11.08597,0,2025-03-05 01:50:43,night,Excimer,OK
1741192335,71,39.10865,24.63996,0.20199263,0,2025-03-05 16:32:15,day,Nd:YAG,OK
1741197681,99,99.48503,54.815212,11.171521,0,2025-03-05 18:01:21,day,Excimer,OK
1741234354,21,50.8321,29.21177,6.659196,0,2025-03-06 04:12:34,night,Nd:YAG,OK
1741273926,16,24.3486,4.9695945,8.011749,0,2025-03-06 15:12:06,day,Nd:YAG,OK
1741304162,15,52.809402,93.220055,0.39349782,0,2025-03-06 23:36:02,night,CO2,OK
1741306505,52,31.598658,62.266705,15.257452,0,2025-03-07 00:15:05,night,Fiber,OK
1741329842,81,72.85356,29.965773,11.534913,0,2025-03-07 06:44:02,morning,Nd:YAG,OK
1741334604,73,50.561024,67.48874,6.645635,0,2025-03-07 08:03:24,morning,Diode,OK
1741372843,65,62.867428,43.13125,10.567938,0,2025-03-07 18:40:43,day,CO2,OK
1741390305,77,3.5390208,33.38707,1.6371715,0,2025-03-07 23:31:45,night,Fiber,ERROR
1741422077,72,50.37749,60.482,12.496239,0,2025-03-08 08:21:17,morning,Fiber,OK
1741463308,40,63.419357,29.620596,6.2096863,0,2025-03-08 19:48:28,day,CO2,OK
1741489431,75,97.064026,26.966167,7.5294113,0,2025-03-09 03:03:51,night,CO2,OK
1741495085,16,28.796053,29.250475,1.0903894,0,2025-03-09 04:38:05,night,Nd:YAG,OK
1741507556,42,25.607391,95.426186,3.0771155,0,2025-03-09 08:05:56,morning,Fiber,OK
1741510724,90,44.399494,60.388107,2.358568,0,2025-03-09 08:58:44,morning,CO2,OK
1741519661,9,74.23081,23.423912,1.8915015,0,2025-03-09 11:27:41,morning,Excimer,OK
1741540754,44,58.062874,65.09514,19.2061,0,2025-03-09 17:19:14,day,Excimer,OK
1741547011,71,60.080566,78.04288,12.901386,0,2025-03-09 19:03:31,day,Nd:YAG,OK
1741563931,74,77.626175,69.887054,7.0675583,0,2025-03-09 23:45:31,night,Excimer,OK
1741584762,39,60.683315,226.34933,5.606009,0,2025-03-10 05:32:42,night,Excimer,OK
1741596529,35,41.084644,239.01802,7.0767446,0,2025-03-10 08:48:49,morning,CO2,OK
1741602095,6,65.39026,28.124184,0.9607915,0,2025-03-10 10:21:35,morning,Nd:YAG,OK
1741621279,93,20.678429,409.13422,1.438542,0,2025-03-10 15:41:19,day,Diode,OK
1741622634,85,31.64368,46.62127,14.089744,0,2025-03-10 16:03:54,day,CO2,OK
1741625382,70,17.425007,47.463146,9.3297825,0,2025-03-10 16:49:42,day,CO2,OK
1741637951,42,61.958164,421.95853,20.396297,0,2025-03-10 20:19:11,day,Fiber,OK
1741661189,11,71.91517,44.322025,7.3878775,0,2025-03-11 02:46:29,night,Nd:YAG,OK
1741663653,96,122.18476,13.240103,8.8090925,0,2025-03-11 03:27:33,night,Nd:YAG,WARNING
1741673990,75,34.222248,73.48623,1.8821678,0,2025-03-11 06:19:50,morning,CO2,OK
1741675882,34,15.340493,72.168594,9.066018,0,2025-03-11 06:51:22,morning,Excimer,OK
1741693599,55,43.393536,66.4403,7.785367,0,2025-03-11 11:46:39,morning,CO2,OK
1741697598,18,14.869502,60.84858,4.96124,0,2025-03-11 12:53:18,morning,Diode,OK
1741715160,87,360.47482,60.121853,126.207664,0,2025-03-11 17:46:00,day,Fiber,WARNING
1741743426,74,66.88473,104.340744,22.289927,0,2025-03-12 01:37:06,night,Excimer,OK
1741777507,14,6.339488,102.64054,5.6374507,0,2025-03-12 11:05:07,morning,Excimer,WARNING
1741791565,26,135.72684,62.811905,2.1733394,0,2025-03-12 14:59:25,day,Nd:YAG,WARNING
1741791780,83,37.450386,51.395485,110.96098,0,2025-03-12 15:03:00,day,Diode,OK
1741828457,72,58.40086,29.492332,3.386332,0,2025-03-13 01:14:17,night,Fiber,OK
1741831728,69,39.516403,71.45348,88.39874,0,2025-03-13 02:08:48,night,Excimer,OK
1741842924,95,10.385569,23.803047,11.210797,0,2025-03-13 05:15:24,night,CO2,WARNING
1741844349,58,46.192913,46.896088,14.434514,0,2025-03-13 05:39:09,night,Diode,OK
1741847629,2,46.61674,33.58647,1.1474124,0,2025-03-13 06:33:49,morning,Fiber,OK
1741858964,65,72.76885,78.490685,14.859938,0,2025-03-13 09:42:44,morning,CO2,OK
1741867973,87,74.93653,56.098885,5.322795,0,2025-03-13 12:12:53,morning,Fiber,OK
1741871705,29,105.42944,20.14277,7.0053234,0,2025-03-13 13:15:05,morning,Excimer,WARNING
1741881629,58,78.976585,68.21346,14.452534,0,2025-03-13 16:00:29,day,Diode,OK
1741937032,96,42.83267,101.77808,16.718008,0,2025-03-14 07:23:52,morning,Nd:YAG,OK
1741956205,27,19.016708,36.67657,2.7547412,0,2025-03-14 12:43:25,morning,Fiber,OK
1742002647,89,43.435966,53.655697,4.016239,0,2025-03-15 01:37:27,night,Excimer,OK
1742002900,86,32.42856,38.716705,87.10609,0,2025-03-15 01:41:40,night,Nd:YAG,OK
1742009438,93,52.606686,2.4592097,4.711221,0,2025-03-15 03:30:38,night,Diode,OK
1742022874,81,76.63761,71.20039,6.04583,0,2025-03-15 07:14:34,morning,Nd:YAG,ERROR
1742142338,15,11.938391,35.581425,130.01314,0,2025-03-16 16:25:38,day,CO2,OK
1742167152,99,21.01213,20.354916,0.13697717,0,2025-03-16 23:19:12,night,Excimer,OK
1742186693,39,69.31391,24.419617,3.1558154,0,2025-03-17 04:44:53,night,Excimer,OK
1742215799,38,65.2823,37.7984,16.431227,0,2025-03-17 12:49:59,morning,Diode,OK
1742226191,89,63.685284,39.762188,14.797286,0,2025-03-17 15:43:11,day,Excimer,OK
1742234994,80,83.78186,89.43704,16.517372,0,2025-03-17 18:09:54,day,CO2,OK
1742236229,2,49.288074,32.916035,1.0697936,0,2025-03-17 18:30:29,day,Fiber,OK
1742245242,82,41.851143,4.9008946,11.841389,0,2025-03-17 21:00:42,day,Fiber,OK
1742247354,24,26.045275,29.39859,8.255939,0,2025-03-17 21:35:54,day,Excimer,OK
1742275277,83,20.944517,82.23723,103.65843,0,2025-03-18 05:21:17,night,Diode,OK
1742282669,93,95.89068,70.183716,2.0801404,0,2025-03-18 07:24:29,morning,Diode,OK
1742321384,7,73.12678,25.800251,1.8626633,0,2025-03-18 18:09:44,day,Fiber,OK
1742335800,42,64.705414,35.54767,26.808746,0,2025-03-18 22:10:00,night,Fiber,ERROR
1742357076,67,34.90572,1.0448124,16.602793,0,2025-03-19 04:04:36,night,Fiber,OK
1742358912,69,5.0337777,56.360985,1.0432673,0,2025-03-19 04:35:12,night,Excimer,WARNING
1742379710,92,58.28471,44.38356,7.9892907,0,2025-03-19 10:21:50,morning,Fiber,ERROR
1742382061,10,32.196735,38.0235,8.740462,0,2025-03-19 11:01:01,morning,CO2,OK
1742423016,16,331.3925,0.04256752,142.4835,0,2025-03-19 22:23:36,night,Nd:YAG,WARNING
1742430337,86,72.06613,55.392307,17.19223,0,2025-03-20 00:25:37,night,Nd:YAG,OK
1742448234,43,62.740776,75.19996,9.257539,0,2025-03-20 05:23:54,night,Diode,OK
1742458820,33,61.68714,82.41654,11.750781,0,2025-03-20 08:20:20,morning,Diode,OK
1742482166,27,52.13079,49.57136,0.23028274,0,2025-03-20 14:49:26,day,Fiber,OK
1742510571,47,87.22344,39.897434,6.3299217,0,2025-03-20 22:42:51,night,Fiber,OK
1742516016,32,43.371807,40.12867,7.1418,0,2025-03-21 00:13:36,night,Fiber,OK
1742516443,7,68.80006,16.594725,9.481241,0,2025-03-21 00:20:43,night,Fiber,OK
1742544087,8,62.525715,35.066895,12.671486,0,2025-03-21 08:01:27,morning,Diode,OK
1742572502,39,23.807194,68.91562,141.98512,0,2025-03-21 15:55:02,day,Excimer,OK
1742574284,45,54.507195,12.929621,3.404175,0,2025-03-21 16:24:44,day,CO2,OK
1742635499,72,40.046124,56.32797,10.128231,0,2025-03-22 09:24:59,morning,Fiber,OK
1742654764,76,48.534027,5.9493027,78.33498,0,2025-03-22 14:46:04,day,Nd:YAG,OK
1742700437,83,41.415836,54.393764,10.87677,0,2025-03-23 03:27:17,night,Diode,OK
1742732255,37,21.16282,15.11496,5.6439004,0,2025-03-23 12:17:35,morning,Fiber,OK
1742805879,14,52.87832,5.1185827,4.07233,0,2025-03-24 08:44:39,morning,Excimer,OK
1742814218,10,20.844316,56.73673,15.89529,0,2025-03-24 11:03:38,morning,CO2,OK
1742834218,36,17.846815,90.513084,5.104642,0,2025-03-24 16:36:58,day,Nd:YAG,OK
1742835159,49,74.84386,78.59521,4.888552,0,2025-03-24 16:52:39,day,Excimer,OK
1742837738,13,21.173893,60.856052,11.618843,0,2025-03-24 17:35:38,day,Diode,OK
1742838811,2,78.934586,336.28168,2.247465,0,2025-03-24 17:53:31,day,Fiber,OK
1742926497,32,49.91879,44.00991,17.508102,0,2025-03-25 18:14:57,day,Fiber,OK
1742955845,28,28.473692,65.26184,20.065798,0,2025-03-26 02:24:05,night,Diode,OK
1742963596,85,13.849406,116.47178,4.7595706,0,2025-03-26 04:33:16,night,CO2,OK
1742977625,68,48.56554,20.445139,1.0779147,0,2025-03-26 08:27:05,morning,Diode,OK
1742982557,72,76.43401,63.484814,6.8508396,0,2025-03-26 09:49:17,morning,Fiber,OK
1742997428,35,304.02393,66.76691,1.8878794,0,2025-03-26 13:57:08,morning,CO2,WARNING
1743006439,9,14.573526,63.512127,9.120259,0,2025-03-26 16:27:19,day,Excimer,OK
1743016740,86,69.87341,59.873413,88.32248,0,2025-03-26 19:19:00,day,Nd:YAG,OK
1743038262,8,40.263863,68.40321,8.004272,0,2025-03-27 01:17:42,night,Diode,OK
1743047811,72,85.22625,36.436115,23.609259,0,2025-03-27 03:56:51,night,Fiber,OK
1743048283,30,1.9304786,235.19519,5.8411636,0,2025-03-27 04:04:43,night,CO2,WARNING
1743054955,29,109.15224,43.896706,10.084429,0,2025-03-27 05:55:55,night,Excimer,WARNING
1743076266,3,98.47688,73.54763,7.671985,0,2025-03-27 11:51:06,morning,Diode,OK
1743081556,49,21.31752,50.31909,7.432434,0,2025-03-27 13:19:16,morning,Excimer,OK
1743116211,96,36.041374,314.10678,2.2786748,0,2025-03-27 22:56:51,night,Nd:YAG,OK
1743131490,8,79.76631,97.09195,10.609079,0,2025-03-28 03:11:30,night,Diode,OK
1743154963,0,48.627983,40.942196,3.339097,0,2025-03-28 09:42:43,morning,CO2,OK
1743167625,44,53.900898,34.43312,4.1677175,0,2025-03-28 13:13:45,morning,Excimer,OK
1743188775,85,78.734604,46.63818,1.6503898,0,2025-03-28 19:06:15,day,CO2,OK
1743235977,25,28.61902,30.78176,9.719593,0,2025-03-29 08:12:57,morning,CO2,OK
1743318388,0,34.301384,46.842846,7.141202,0,2025-03-30 07:06:28,morning,CO2,OK
1743320417,10,72.08078,80.54209,0.6806819,0,2025-03-30 07:40:17,morning,CO2,OK
1743383692,93,310.91855,78.36825,5.3788466,0,2025-03-31 01:14:52,night,Diode,WARNING
1743405911,2,5.928919,42.230087,4.543567,0,2025-03-31 07:25:11,morning,Fiber,WARNING
1743406339,6,24.387266,53.590572,1.1810874,0,2025-03-31 07:32:19,morning,Nd:YAG,OK
1743410894,93,62.5834,27.722729,19.699217,0,2025-03-31 08:48:14,morning,Diode,OK
1743413709,44,8.660465,62.212643,20.322039,0,2025-03-31 09:35:09,morning,Excimer,WARNING
1743416835,44,58.551304,89.87654,14.914628,0,2025-03-31 10:27:15,morning,Excimer,OK
1743479670,68,17.851877,9.120415,84.52999,0,2025-04-01 03:54:30,night,Diode,OK
1743481687,35,64.11553,9.776841,1.6352366,0,2025-04-01 04:28:07,night,CO2,OK
1743482964,74,10.87251,61.763428,1.7405475,0,2025-04-01 04:49:24,night,Excimer,OK
1743484361,0,66.07234,68.848656,4.6849394,0,2025-04-01 05:12:41,night,CO2,OK
1743515632,2,83.32085,66.508995,127.53441,0,2025-04-01 13:53:52,morning,Fiber,OK
1743546217,27,94.42045,37.039627,3.9061723,0,2025-04-01 22:23:37,night,Fiber,OK
1743546442,21,73.89465,24.27163,6.3846364,0,2025-04-01 22:27:22,night,Nd:YAG,OK
1743578413,29,30.665504,40.2821,4.713545,0,2025-04-02 07:20:13,morning,Excimer,OK
1743630078,38,19.720303,69.99612,12.556982,0,2025-04-02 21:41:18,day,Diode,OK
1743657067,48,87.51791,51.40674,5.4344234,0,2025-04-03 05:11:07,night,Diode,OK
1743662766,10,56.661995,9.673326,12.7653885,0,2025-04-03 06:46:06,morning,CO2,OK
1743677430,29,45.41682,73.76678,2.2900164,0,2025-04-03 10:50:30,morning,Excimer,OK
1743678543,27,6.147284,58.924736,7.829565,0,2025-04-03 11:09:03,morning,Fiber,WARNING
1743683889,13,58.02016,65.934006,2.0497823,0,2025-04-03 12:38:09,morning,Diode,OK
1743691890,2,38.18175,5.590284,0.6268132,0,2025-04-03 14:51:30,day,Fiber,OK
1743721698,82,30.567373,247.04567,10.062023,0,2025-04-03 23:08:18,night,Fiber,OK
1743729384,85,21.275454,32.123173,4.507921,0,2025-04-04 01:16:24,night,CO2,OK
1743733779,78,6.363091,84.295006,14.826777,0,2025-04-04 02:29:39,night,Diode,WARNING
1743737257,97,59.968094,35.32933,9.4468975,0,2025-04-04 03:27:37,night,Fiber,OK
1743767644,38,4.8770413,50.563133,15.720155,0,2025-04-04 11:54:04,morning,Diode,WARNING
1743838801,10,50.62057,44.968082,8.112623,0,2025-04-05 07:40:01,morning,CO2,ERROR
1743853927,36,56.485786,55.33764,4.632577,0,2025-04-05 11:52:07,morning,Nd:YAG,OK
1743866015,42,32.192112,59.53723,14.216266,0,2025-04-05 15:13:35,day,Fiber,OK
1743884612,32,50.341217,52.45901,5.6358633,0,2025-04-05 20:23:32,day,Fiber,OK
1743901734,45,97.299774,26.727816,10.811251,0,2025-04-06 01:08:54,night,CO2,OK
1743912314,11,83.51383,17.031393,1.5476624,0,2025-04-06 04:05:14,night,Nd:YAG,OK
1743988425,88,52.88832,34.82425,1.3038832,0,2025-04-07 01:13:45,night,Diode,OK
1744006596,97,74.09532,35.026413,1.0635233,0,2025-04-07 06:16:36,morning,Fiber,OK
1744049824,26,48.638428,57.59421,0.75248,0,2025-04-07 18:17:04,day,Nd:YAG,OK
1744127193,87,63.638874,63.911102,10.377146,0,2025-04-08 15:46:33,day,Fiber,OK
1744129011,71,121.02121,88.272484,6.587702,0,2025-04-08 16:16:51,day,Nd:YAG,WARNING
1744130270,19,34.36337,69.294586,17.422123,0,2025-04-08 16:37:50,day,Excimer,OK
1744136632,23,37.49762,57.94829,7.2480392,0,2025-04-08 18:23:52,day,Diode,OK
1744163595,0,17.141,56.602512,1.9835681,0,2025-04-09 01:53:15,night,CO2,OK
1744165564,5,80.59921,78.6291,7.7190733,0,2025-04-09 02:26:04,night,CO2,OK
1744180514,82,26.557268,68.84534,1.8299109,0,2025-04-09 06:35:14,morning,Fiber,OK
1744181927,19,25.73975,30.71357,3.4423146,0,2025-04-09 06:58:47,morning,Excimer,OK
1744224634,65,71.975395,67.86607,0.15193862,0,2025-04-09 18:50:34,day,CO2,OK
1744241602,60,224.9414,38.558533,4.2256656,0,2025-04-09 23:33:22,night,CO2,WARNING
1744256730,13,97.11964,59.98419,2.7621088,0,2025-04-10 03:45:30,night,Diode,OK
1744262218,57,54.958797,27.459326,93.24971,0,2025-04-10 05:16:58,night,Fiber,OK
1744263898,41,73.25671,50.392643,3.120193,0,2025-04-10 05:44:58,night,Nd:YAG,OK
1744272065,79,58.946846,83.11974,0.6360631,0,2025-04-10 08:01:05,morning,Excimer,OK
1744282951,66,5.23552,43.31092,10.708941,0,2025-04-10 11:02:31,morning,Nd:YAG,WARNING
1744284422,43,52.340637,42.69859,6.2991576,0,2025-04-10 11:27:02,morning,Diode,OK
1744373703,55,50.291965,52.559578,9.218676,0,2025-04-11 12:15:03,morning,CO2,OK
1744395698,49,53.299274,54.454792,10.13419,0,2025-04-11 18:21:38,day,Excimer,OK
1744405884,13,49.092308,53.124237,6.3077264,0,2025-04-11 21:11:24,day,Diode,OK
1744460867,30,91.07546,58.5054,23.066902,0,2025-04-12 12:27:47,morning,CO2,OK
1744482909,95,39.04605,38.353966,10.898818,0,2025-04-12 18:35:09,day,CO2,OK
1744492732,4,102.683586,266.5339,1.4682926,0,2025-04-12 21:18:52,day,Excimer,WARNING
1744509133,22,89.43151,84.409676,0.5806004,0,2025-04-13 01:52:13,night,Fiber,OK
1744577257,97,59.022743,82.02279,1.817251,0,2025-04-13 20:47:37,day,Fiber,OK
1744579708,25,82.469475,81.49694,2.4864795,0,2025-04-13 21:28:28,day,CO2,OK
1744583197,92,29.731497,42.403187,4.043447,0,2025-04-13 22:26:37,night,Fiber,OK
1744615623,72,37.17062,37.942795,11.689496,0,2025-04-14 07:27:03,morning,Fiber,OK
1744618208,16,52.516514,73.98568,1.1103706,0,2025-04-14 08:10:08,morning,Nd:YAG,OK
1744629500,89,93.63347,88.86269,1.50736,0,2025-04-14 11:18:20,morning,Excimer,OK
1744633884,0,30.092813,47.746284,1.0132787,0,2025-04-14 12:31:24,morning,CO2,OK
1744657265,34,0.36868033,57.847893,9.691787,0,2025-04-14 19:01:05,day,Excimer,WARNING
1744691635,72,18.134792,73.40566,4.2800574,0,2025-04-15 04:33:55,night,Fiber,OK
1744703136,6,41.744854,8.548176,12.875417,0,2025-04-15 07:45:36,morning,Nd:YAG,OK
1744709278,71,63.014797,85.33692,2.0948806,0,2025-04-15 09:27:58,morning,Nd:YAG,OK
1744718593,8,61.489857,35.01429,11.145564,0,2025-04-15 12:03:13,morning,Diode,OK
1744754699,9,40.761444,34.489662,0.030929292,0,2025-04-15 22:04:59,night,Excimer,OK
1744832972,92,10.14732,59.353413,122.80858,0,2025-04-16 19:49:32,day,Fiber,ERROR
1744833244,75,27.208345,47.76616,9.167323,0,2025-04-16 19:54:04,day,CO2,OK
1744852911,41,50.795074,37.75949,93.7939,0,2025-04-17 01:21:51,night,Nd:YAG,OK
1744889598,79,45.236828,55.314754,10.345881,0,2025-04-17 11:33:18,morning,Excimer,OK
1744917524,20,69.2188,62.582184,5.197676,0,2025-04-17 19:18:44,day,CO2,OK
1744920608,51,42.2771,60.585888,3.2122483,0,2025-04-17 20:10:08,day,Nd:YAG,OK
1744928426,53,71.648445,56.65374,0.4202168,0,2025-04-17 22:20:26,night,Diode,OK
1744942651,72,67.69458,28.738558,18.076124,0,2025-04-18 02:17:31,night,Fiber,OK
1744947328,81,20.544706,19.146694,4.4837127,0,2025-04-18 03:35:28,night,Nd:YAG,OK
1744992871,68,40.242065,35.244637,7.6140647,0,2025-04-18 16:14:31,day,Diode,OK
1745039688,57,69.24731,41.12153,4.573824,0,2025-04-19 05:14:48,night,Fiber,OK
1745047922,75,44.51119,33.877983,6.262327,0,2025-04-19 07:32:02,morning,CO2,OK
1745066518,75,23.285196,41.11557,0.92874455,0,2025-04-19 12:41:58,morning,CO2,OK
1745077166,20,57.82714,35.106678,15.669115,0,2025-04-19 15:39:26,day,CO2,OK
1745080194,37,47.707664,31.949467,0.16277052,0,2025-04-19 16:29:54,day,Fiber,OK
1745112293,3,21.697235,62.046963,5.924068,0,2025-04-20 01:24:53,night,Diode,OK
1745122326,7,100.77093,368.16913,6.419611,0,2025-04-20 04:12:06,night,Fiber,WARNING
1745191582,15,40.052197,8.105929,13.0966015,0,2025-04-20 23:26:22,night,CO2,OK
1745192247,86,76.50346,62.33347,0.13480674,0,2025-04-20 23:37:27,night,Nd:YAG,OK
1745205630,6,44.124805,49.926758,1.8614645,0,2025-04-21 03:20:30,night,Nd:YAG,OK
1745209147,7,63.603157,47.372658,18.916368,0,2025-04-21 04:19:07,night,Fiber,OK
1745236045,35,75.32853,41.988174,3.760884,0,2025-04-21 11:47:25,morning,CO2,OK
1745274696,53,72.06701,50.101322,6.175245,0,2025-04-21 22:31:36,night,Diode,OK
1745288943,55,55.30286,38.45008,5.250359,0,2025-04-22 02:29:03,night,CO2,OK
1745323422,39,79.24564,2.9051201,4.1485486,0,2025-04-22 12:03:42,morning,Excimer,OK
1745327316,52,22.028675,57.98461,3.2602665,0,2025-04-22 13:08:36,morning,Fiber,OK
1745327830,54,42.718098,123.89705,0.7749729,0,2025-04-22 13:17:10,morning,Excimer,OK
1745351721,72,90.49253,28.809055,8.865113,0,2025-04-22 19:55:21,day,Fiber,OK
1745372619,27,47.317917,73.19704,6.6512136,0,2025-04-23 01:43:39,night,Fiber,OK
1745390959,99,54.510693,22.564629,14.456587,0,2025-04-23 06:49:19,morning,Excimer,OK
1745392662,60,57.357655,35.756966,14.111313,0,2025-04-23 07:17:42,morning,CO2,OK
1745423847,27,47.46093,64.24691,1.1283548,0,2025-04-23 15:57:27,day,Fiber,OK
1745450981,57,85.024185,87.295685,4.5135465,0,2025-04-23 23:29:41,night,Fiber,OK
1745455951,59,14.394086,88.00282,113.95253,0,2025-04-24 00:52:31,night,Excimer,OK
1745475080,81,63.45569,64.2338,126.05856,0,2025-04-24 06:11:20,morning,Nd:YAG,OK
1745482325,21,70.3577,21.760338,3.1566355,0,2025-04-24 08:12:05,morning,Nd:YAG,OK
1745522569,58,23.927706,36.560978,3.0067432,0,2025-04-24 19:22:49,day,Diode,OK
1745541760,21,29.489067,105.76903,17.804626,0,2025-04-25 00:42:40,night,Nd:YAG,OK
1745548841,20,63.00537,35.005623,12.551917,0,2025-04-25 02:40:41,night,CO2,OK
1745561651,30,3.8823626,77.65562,3.617601,0,2025-04-25 06:14:11,morning,CO2,WARNING
1745565112,68,53.40881,48.020947,7.8475757,0,2025-04-25 07:11:52,morning,Diode,OK
1745570328,72,69.256035,52.076477,18.575447,0,2025-04-25 08:38:48,morning,Fiber,OK
1745570725,54,71.333435,73.45095,20.547525,0,2025-04-25 08:45:25,morning,Excimer,OK
1745592170,35,43.309334,60.29316,11.99467,0,2025-04-25 14:42:50,day,CO2,OK
1745620705,64,42.833317,71.5459,10.784172,0,2025-04-25 22:38:25,night,Excimer,OK
1745634394,80,65.80501,24.576122,4.9514604,0,2025-04-26 02:26:34,night,CO2,OK
1745645806,13,43.87411,49.993427,5.5688095,0,2025-04-26 05:36:46,night,Diode,OK
1745652713,74,0.9313256,51.78224,13.135626,0,2025-04-26 07:31:53,morning,Excimer,WARNING
1745655045,42,36.476074,61.62802,17.593897,0,2025-04-26 08:10:45,morning,Fiber,OK
1745655295,90,69.51533,24.354794,11.254453,0,2025-04-26 08:14:55,morning,CO2,OK
1745661466,46,75.697,66.82503,3.7067792,0,2025-04-26 09:57:46,morning,Nd:YAG,OK
1745685579,55,59.61549,56.143078,0.78189456,0,2025-04-26 16:39:39,day,CO2,OK
1745715284,14,74.31984,41.32019,3.1521406,0,2025-04-27 00:54:44,night,Excimer,OK
1745747121,74,61.096455,60.28787,14.499039,0,2025-04-27 09:45:21,morning,Excimer,OK
1745763810,38,26.129488,64.27487,0.9734812,0,2025-04-27 14:23:30,day,Diode,OK
1745770639,8,35.71671,76.806046,13.915788,0,2025-04-27 16:17:19,day,Diode,OK
1745786235,16,39.847492,39.6466,3.7368317,0,2025-04-27 20:37:15,day,Nd:YAG,ERROR
1745814368,4,38.170128,77.817726,7.833586,0,2025-04-28 04:26:08,night,Excimer,OK
1745818840,41,0.48975536,22.57434,16.60088,0,2025-04-28 05:40:40,night,Nd:YAG,WARNING
1745869212,30,105.14271,26.6022,80.91675,0,2025-04-28 19:40:12,day,CO2,WARNING
1745888193,79,69.96717,104.08755,16.500961,0,2025-04-29 00:56:33,night,Excimer,OK
1745913344,24,31.332499,41.36764,7.4364896,0,2025-04-29 07:55:44,morning,Excimer,OK
1745916109,69,12.4167185,63.802406,14.147116,0,2025-04-29 08:41:49,morning,Excimer,OK
1745926315,52,44.23803,70.88443,1.4914553,0,2025-04-29 11:31:55,morning,Fiber,OK
1745942571,16,75.1879,8.0295725,21.310926,0,2025-04-29 16:02:51,day,Nd:YAG,OK
1745962278,32,55.06252,45.234753,11.706101,0,2025-04-29 21:31:18,day,Fiber,OK
1745965084,34,41.33495,27.44763,11.363242,0,2025-04-29 22:18:04,night,Excimer,OK
1745980662,23,47.0825,36.11158,10.160856,0,2025-04-30 02:37:42,night,Diode,OK
1745998794,99,62.148438,64.07863,7.045453,0,2025-04-30 07:39:54,morning,Excimer,OK
1746049085,63,35.956375,43.547176,10.292203,0,2025-04-30 21:38:05,day,Diode,OK
1746088653,18,57.36356,19.516138,5.3188143,0,2025-05-01 08:37:33,morning,Diode,OK
1746130452,74,43.068233,70.497215,3.3071404,0,2025-05-01 20:14:12,day,Excimer,OK
1746156045,2,25.372513,4.9598246,21.743742,0,2025-05-02 03:20:45,night,Fiber,OK
1746175615,76,30.057745,58.9504,10.976892,0,2025-05-02 08:46:55,morning,Nd:YAG,OK
1746212146,97,61.47731,89.905136,0.78328407,0,2025-05-02 18:55:46,day,Fiber,OK
1746224948,63,65.16637,55.842304,2.0798538,0,2025-05-02 22:29:08,night,Diode,OK
1746265736,15,28.511658,75.18399,4.420546,0,2025-05-03 09:48:56,morning,CO2,OK
1746312369,73,47.3319,46.66713,3.0007143,0,2025-05-03 22:46:09,night,Diode,OK
1746318990,72,36.303444,24.676268,10.504835,0,2025-05-04 00:36:30,night,Fiber,OK
1746352416,56,45.484463,85.70749,13.531752,0,2025-05-04 09:53:36,morning,Nd:YAG,OK
1746369686,46,2.789482,42.916973,10.466329,0,2025-05-04 14:41:26,day,Nd:YAG,WARNING
1746398996,12,419.16403,58.29192,9.450625,0,2025-05-04 22:49:56,night,Fiber,WARNING
1746413896,30,20.505667,61.251194,0.803147,0,2025-05-05 02:58:16,night,CO2,OK
1746428461,6,37.142365,25.070616,12.527699,0,2025-05-05 07:01:01,morning,Nd:YAG,OK
1746479200,50,26.19847,48.390285,5.7459764,0,2025-05-05 21:06:40,day,CO2,OK
1746513881,27,67.21486,58.128605,6.1874294,0,2025-05-06 06:44:41,morning,Fiber,OK
1746517778,47,0.6041541,46.069294,0.43934983,0,2025-05-06 07:49:38,morning,Fiber,WARNING
1746526348,13,74.76294,92.04031,8.287124,0,2025-05-06 10:12:28,morning,Diode,OK
1746529144,43,44.250572,28.772554,2.080284,0,2025-05-06 10:59:04,morning,Diode,OK
1746536847,4,46.85688,18.476782,18.285328,0,2025-05-06 13:07:27,morning,Excimer,OK
1746536854,47,68.353,40.07631,0.35953444,0,2025-05-06 13:07:34,morning,Fiber,OK
1746540674,97,21.155888,93.32506,4.741979,0,2025-05-06 14:11:14,day,Fiber,OK
1746547484,43,42.67832,25.649313,9.883092,0,2025-05-06 16:04:44,day,Diode,OK
1746551719,26,41.239216,2.2930362,126.276344,0,2025-05-06 17:15:19,day,Nd:YAG,OK
1746553281,25,61.866478,66.19963,4.100925,0,2025-05-06 17:41:21,day,CO2,OK
1746562528,68,33.851925,40.19572,10.232014,0,2025-05-06 20:15:28,day,Diode,OK
1746577866,73,1.8650225,67.75446,5.053177,0,2025-05-07 00:31:06,night,Diode,WARNING
1746626010,26,28.80677,17.684446,3.6380718,0,2025-05-07 13:53:30,morning,Nd:YAG,OK
1746638543,61,51.189148,86.89117,19.691183,0,2025-05-07 17:22:23,day,Nd:YAG,OK
1746652004,97,14.227067,2.7325704,8.414304,0,2025-05-07 21:06:44,day,Fiber,OK
1746661557,15,10.6069565,44.459633,0.6000032,0,2025-05-07 23:45:57,night,CO2,WARNING
1746669307,25,11.308983,35.715023,6.546069,0,2025-05-08 01:55:07,night,CO2,OK
1746674878,2,40.510693,57.379982,8.993183,0,2025-05-08 03:27:58,night,Fiber,OK
1746684538,63,40.647972,41.44694,2.8289704,0,2025-05-08 06:08:58,morning,Diode,OK
1746697750,58,77.39597,21.944735,5.833084,0,2025-05-08 09:49:10,morning,Diode,OK
1746744418,86,62.698757,55.09248,12.685376,0,2025-05-08 22:46:58,night,Nd:YAG,ERROR
1746744817,40,37.033447,47.037563,10.315945,0,2025-05-08 22:53:37,night,CO2,OK
1746756861,60,76.57114,71.28692,8.871046,0,2025-05-09 02:14:21,night,CO2,OK
1746764682,71,35.621204,81.285324,10.828274,0,2025-05-09 04:24:42,night,Nd:YAG,OK
1746766172,30,253.12889,63.6366,11.701866,0,2025-05-09 04:49:32,night,CO2,WARNING
1746776388,41,47.68204,86.94166,13.926275,0,2025-05-09 07:39:48,morning,Nd:YAG,OK
1746818897,49,85.18359,16.750134,2.7875466,0,2025-05-09 19:28:17,day,Excimer,OK
1746820096,35,53.324886,82.9705,0.1453906,0,2025-05-09 19:48:16,day,CO2,OK
1746848853,0,73.392654,61.19791,7.7563834,0,2025-05-10 03:47:33,night,CO2,OK
1746874304,32,43.044422,64.0226,4.7948155,0,2025-05-10 10:51:44,morning,Fiber,OK
1746891148,10,18.977736,45.54272,11.049161,0,2025-05-10 15:32:28,day,CO2,OK
1746907202,46,44.01776,6.972392,8.793699,0,2025-05-10 20:00:02,day,Nd:YAG,OK
1746921152,49,60.581554,48.040573,1.9607787,0,2025-05-10 23:52:32,night,Excimer,OK
1746926144,21,70.043434,12.706298,1.0623853,0,2025-05-11 01:15:44,night,Nd:YAG,OK
1746926945,8,41.013847,30.212265,19.983828,0,2025-05-11 01:29:05,night,Diode,OK
1746973992,93,13.531775,103.056274,0.6466076,0,2025-05-11 14:33:12,day,Diode,OK
1747025059,73,46.03631,46.361668,5.1035604,0,2025-05-12 04:44:19,night,Diode,OK
1747065426,25,5.5347676,44.794327,2.5906887,0,2025-05-12 15:57:06,day,CO2,WARNING
1747092326,66,22.405977,125.81481,0.6336325,0,2025-05-12 23:25:26,night,Nd:YAG,OK
1747114679,79,59.695835,60.309063,4.962113,0,2025-05-13 05:37:59,night,Excimer,OK
1747156741,41,0.833748,56.277534,5.6614203,0,2025-05-13 17:19:01,day,Nd:YAG,WARNING
1747193989,58,55.38731,42.51734,7.4367175,0,2025-05-14 03:39:49,night,Diode,OK
1747238061,85,22.229593,56.02801,6.3105106,0,2025-05-14 15:54:21,day,CO2,OK
1747245587,45,31.225607,55.097843,6.9324527,0,2025-05-14 17:59:47,day,CO2,OK
1747250258,83,62.86481,42.236618,0.5604761,0,2025-05-14 19:17:38,day,Diode,OK
1747260644,53,37.434864,37.962532,3.685596,0,2025-05-14 22:10:44,night,Diode,OK
1747265758,93,48.654636,3.3019602,16.9992,0,2025-05-14 23:35:58,night,Diode,OK
1747272382,0,39.83916,76.58552,6.0851207,0,2025-05-15 01:26:22,night,CO2,OK
1747290275,26,19.057535,52.741684,2.5628984,0,2025-05-15 06:24:35,morning,Nd:YAG,OK
1747296983,67,75.2813,56.63125,7.227353,0,2025-05-15 08:16:23,morning,Fiber,OK
1747319802,21,32.615475,49.11749,8.111474,0,2025-05-15 14:36:42,day,Nd:YAG,OK
1747325970,12,64.70577,30.697626,1.4355496,0,2025-05-15 16:19:30,day,Fiber,OK
1747334133,74,39.13969,25.552685,8.191183,0,2025-05-15 18:35:33,day,Excimer,OK
1747338593,47,14.163285,30.70381,4.6625338,0,2025-05-15 19:49:53,day,Fiber,OK
1747343987,1,19.472307,33.566216,8.408685,0,2025-05-15 21:19:47,day,Nd:YAG,OK
1747358973,51,28.82693,43.19221,0.6074293,0,2025-05-16 01:29:33,night,Nd:YAG,OK
1747360703,56,39.95654,30.237083,5.850419,0,2025-05-16 01:58:23,night,Nd:YAG,OK
1747373476,38,60.18118,24.046728,11.532302,0,2025-05-16 05:31:16,night,Diode,OK
1747377956,22,16.021017,21.258053,7.2299905,0,2025-05-16 06:45:56,morning,Fiber,OK
1747384135,1,34.615654,50.12854,9.921443,0,2025-05-16 08:28:55,morning,Nd:YAG,OK
1747386532,1,11.598861,50.884212,8.053729,0,2025-05-16 09:08:52,morning,Nd:YAG,OK
1747394426,55,56.677246,66.770355,4.886763,0,2025-05-16 11:20:26,morning,CO2,OK
1747407860,7,44.975677,45.923218,5.4130282,0,2025-05-16 15:04:20,day,Fiber,OK
1747422317,30,87.873604,28.0884,17.46906,0,2025-05-16 19:05:17,day,CO2,OK
1747437667,56,13.311273,101.89337,20.713512,0,2025-05-16 23:21:07,night,Nd:YAG,OK
1747449314,98,117.93923,66.59353,12.8228855,0,2025-05-17 02:35:14,night,Diode,WARNING
1747450186,29,51.99937,45.462273,2.7579236,0,2025-05-17 02:49:46,night,Excimer,OK
1747461858,48,20.917627,85.72351,1.8687595,0,2025-05-17 06:04:18,morning,Diode,OK
1747491560,54,39.932594,68.905045,0.6490453,0,2025-05-17 14:19:20,day,Excimer,OK
1747496775,58,20.027145,19.034279,22.122961,0,2025-05-17 15:46:15,day,Diode,OK
1747571702,75,23.91725,53.045555,3.570411,0,2025-05-18 12:35:02,morning,CO2,OK
1747576771,40,64.430244,77.65216,18.845612,0,2025-05-18 13:59:31,morning,CO2,OK
1747585058,17,74.715675,59.72075,8.514652,0,2025-05-18 16:17:38,day,Fiber,OK
1747593895,9,76.21965,78.62126,20.258795,0,2025-05-18 18:44:55,day,Excimer,OK
1747625235,58,54.122147,45.759727,0.14805986,0,2025-05-19 03:27:15,night,Diode,OK
1747660324,99,37.587925,53.764366,7.02486,0,2025-05-19 13:12:04,morning,Excimer,OK
1747662808,14,28.871592,80.35467,18.19575,0,2025-05-19 13:53:28,morning,Excimer,OK
1747669661,80,28.861658,14.43641,2.8166196,0,2025-05-19 15:47:41,day,CO2,OK
1747672096,94,60.671505,34.485886,7.0466776,0,2025-05-19 16:28:16,day,Excimer,OK
1747713250,68,61.434464,27.191769,20.53312,0,2025-05-20 03:54:10,night,Diode,OK
1747722523,9,50.997787,28.672806,17.795288,0,2025-05-20 06:28:43,morning,Excimer,OK
1747764361,13,2.4918783,65.25557,0.30109736,0,2025-05-20 18:06:01,day,Diode,WARNING
1747766686,59,51.256416,82.83765,5.0064554,0,2025-05-20 18:44:46,day,Excimer,OK
1747803124,0,55.407467,40.285187,0.14853767,0,2025-05-21 04:52:04,night,CO2,OK
1747822125,93,28.132393,72.938324,94.81712,0,2025-05-21 10:08:45,morning,Diode,OK
1747834430,96,41.5988,37.429726,21.44021,0,2025-05-21 13:33:50,morning,Nd:YAG,OK
1747853522,46,117.33662,82.815475,1.5318421,0,2025-05-21 18:52:02,day,Nd:YAG,WARNING
1747883072,49,28.639513,53.68034,5.1062455,0,2025-05-22 03:04:32,night,Excimer,OK
1747893192,52,4.732448,23.348822,6.7075863,0,2025-05-22 05:53:12,night,Fiber,WARNING
1747899082,99,48.601,25.713583,13.250382,0,2025-05-22 07:31:22,morning,Excimer,OK
1747928320,95,82.843315,57.698906,138.19716,0,2025-05-22 15:38:40,day,CO2,OK
1747945135,17,46.067665,69.52817,6.217958,0,2025-05-22 20:18:55,day,Fiber,OK
1747956881,55,48.985348,53.60116,1.3553836,0,2025-05-22 23:34:41,night,CO2,OK
1747957938,74,433.82834,9.834015,1.0020974,0,2025-05-22 23:52:18,night,Excimer,WARNING
1747960116,15,50.8032,35.222095,2.4432874,0,2025-05-23 00:28:36,night,CO2,OK
1747963319,90,36.49755,51.489784,0.037710704,0,2025-05-23 01:21:59,night,CO2,OK
1747995578,22,39.775986,40.30108,1.8838726,0,2025-05-23 10:19:38,morning,Fiber,OK
1748005608,17,55.263218,77.813515,20.63388,0,2025-05-23 13:06:48,morning,Fiber,OK
1748018526,75,50.48182,44.889725,11.031318,0,2025-05-23 16:42:06,day,CO2,OK
1748061659,1,42.38286,53.14081,1.3331621,0,2025-05-24 04:40:59,night,Nd:YAG,OK
1748090001,32,50.31821,44.447556,10.992872,0,2025-05-24 12:33:21,morning,Fiber,OK
1748100982,90,57.353016,4.340759,12.60702,0,2025-05-24 15:36:22,day,CO2,OK
1748208890,65,43.641766,45.015137,16.564423,0,2025-05-25 21:34:50,day,CO2,OK
1748273959,89,63.468544,137.99068,4.3908143,0,2025-05-26 15:39:19,day,Excimer,OK
1748292562,50,19.146606,329.43454,14.82377,0,2025-05-26 20:49:22,day,CO2,OK
1748342302,7,83.66732,18.26608,12.107364,0,2025-05-27 10:38:22,morning,Fiber,OK
1748345105,81,51.214127,58.738052,4.985492,0,2025-05-27 11:25:05,morning,Nd:YAG,OK
1748382696,2,65.036224,58.384197,14.288944,0,2025-05-27 21:51:36,day,Fiber,OK
1748405655,23,63.184246,57.320393,125.98056,0,2025-05-28 04:14:15,night,Diode,OK
1748405891,59,60.52131,77.30549,9.323704,0,2025-05-28 04:18:11,night,Excimer,OK
1748415431,83,90.91276,59.931454,126.705475,0,2025-05-28 06:57:11,morning,Diode,OK
1748423124,3,47.09961,37.35137,1.6542768,0,2025-05-28 09:05:24,morning,Diode,OK
1748433123,27,83.91779,86.43815,1.6835352,0,2025-05-28 11:52:03,morning,Fiber,OK
1748453427,20,69.09174,38.954952,21.557224,0,2025-05-28 17:30:27,day,CO2,OK
1748463438,15,55.940968,36.9026,2.7868593,0,2025-05-28 20:17:18,day,CO2,OK
1748466648,51,26.412878,75.74482,1.5999838,0,2025-05-28 21:10:48,day,Nd:YAG,OK
1748494574,29,65.331825,60.59151,11.374994,0,2025-05-29 04:56:14,night,Excimer,OK
1748504912,28,98.380936,66.87559,1.1039796,0,2025-05-29 07:48:32,morning,Diode,OK
1748560735,52,43.89042,60.37848,11.192418,0,2025-05-29 23:18:55,night,Fiber,OK
1748576024,94,84.58769,58.231667,2.1451511,0,2025-05-30 03:33:44,night,Excimer,OK
1748598342,29,39.053185,13.553267,1.0577497,0,2025-05-30 09:45:42,morning,Excimer,OK
1748615967,93,15.833415,91.65397,12.873615,0,2025-05-30 14:39:27,day,Diode,OK
1748616564,57,31.101936,66.59365,12.972231,0,2025-05-30 14:49:24,day,Fiber,OK
1748634290,6,9.894302,24.87961,4.0388336,0,2025-05-30 19:44:50,day,Nd:YAG,WARNING
1748658132,23,66.01317,35.317028,7.7199416,0,2025-05-31 02:22:12,night,Diode,OK
1748662324,4,105.13956,127.71681,0.4096667,0,2025-05-31 03:32:04,night,Excimer,WARNING
1748678159,71,47.521503,32.434315,0.8314279,0,2025-05-31 07:55:59,morning,Nd:YAG,OK
1748695194,65,59.28098,64.89032,11.389907,0,2025-05-31 12:39:54,morning,CO2,OK
1748706263,14,19.354765,70.10392,11.882797,0,2025-05-31 15:44:23,day,Excimer,OK
1748726308,97,32.84622,21.51108,3.2862515,0,2025-05-31 21:18:28,day,Fiber,OK
1748764120,1,70.96524,36.681934,3.9770627,0,2025-06-01 07:48:40,morning,Nd:YAG,OK
1748785393,0,46.007088,60.242107,5.000185,0,2025-06-01 13:43:13,morning,CO2,OK
1748787382,51,77.275475,34.860886,7.9110146,0,2025-06-01 14:16:22,day,Nd:YAG,OK
1748788077,83,46.22336,13.98179,28.94123,0,2025-06-01 14:27:57,day,Diode,OK
1748826670,91,85.59803,12.353082,9.916863,0,2025-06-02 01:11:10,night,Nd:YAG,OK
1748836670,39,60.11387,72.12597,2.3670754,0,2025-06-02 03:57:50,night,Excimer,OK
1748839961,73,41.99208,36.61164,8.281455,0,2025-06-02 04:52:41,night,Diode,OK
1748840532,60,14.962644,64.19924,8.425368,0,2025-06-02 05:02:12,night,CO2,OK
1748843683,61,42.677883,78.51857,8.50643,0,2025-06-02 05:54:43,night,Nd:YAG,OK
1748863051,6,90.22743,66.13974,2.533558,0,2025-06-02 11:17:31,morning,Nd:YAG,OK
1748869797,82,32.954075,68.14941,4.5943956,0,2025-06-02 13:09:57,morning,Fiber,OK
1748927421,75,47.87839,49.440258,0.29628435,0,2025-06-03 05:10:21,night,CO2,OK
1748945112,74,65.07489,44.369637,4.752266,0,2025-06-03 10:05:12,morning,Excimer,OK
1748950187,7,42.60237,27.751637,7.235882,0,2025-06-03 11:29:47,morning,Fiber,OK
1748965621,47,259.92474,39.43865,5.0320296,0,2025-06-03 15:47:01,day,Fiber,WARNING
1748978835,94,77.32434,61.035755,18.353779,0,2025-06-03 19:27:15,day,Excimer,OK
1748985374,47,60.28682,38.391033,83.44083,0,2025-06-03 21:16:14,day,Fiber,OK
1748992472,33,48.670937,50.222637,3.4786325,0,2025-06-03 23:14:32,night,Diode,OK
1749000305,73,24.887997,51.678284,10.372977,0,2025-06-04 01:25:05,night,Diode,OK
1749023455,98,45.704742,34.583687,3.2371237,0,2025-06-04 07:50:55,morning,Diode,OK
1749054957,63,64.274475,47.371323,12.482221,0,2025-06-04 16:35:57,day,Diode,OK
1749102797,16,30.17166,58.893993,82.87016,0,2025-06-05 05:53:17,night,Nd:YAG,OK
1749186026,27,82.76736,56.61686,6.30484,0,2025-06-06 05:00:26,night,Fiber,OK
1749213798,93,45.178192,53.59481,1.5590023,0,2025-06-06 12:43:18,morning,Diode,OK
1749220987,77,44.847797,68.24912,8.873431,0,2025-06-06 14:43:07,day,Fiber,OK
1749225861,3,51.779465,85.34187,2.8261938,0,2025-06-06 16:04:21,day,Diode,OK
1749234090,92,61.57046,29.430502,5.664058,0,2025-06-06 18:21:30,day,Fiber,OK
1749237394,88,90.475105,70.89499,1.949215,0,2025-06-06 19:16:34,day,Diode,OK
1749238659,37,68.84129,39.996178,2.7480721,0,2025-06-06 19:37:39,day,Fiber,OK
1749248289,57,68.517,46.743633,13.288139,0,2025-06-06 22:18:09,night,Fiber,OK
1749260545,57,18.453344,23.44476,5.489756,0,2025-06-07 01:42:25,night,Fiber,OK
1749263662,20,13.395671,51.123173,1.4244075,0,2025-06-07 02:34:22,night,CO2,OK
1749272029,20,39.285736,7.943598,14.732714,0,2025-06-07 04:53:49,night,CO2,OK
1749272414,29,26.896431,33.798725,16.872505,0,2025-06-07 05:00:14,night,Excimer,OK
1749281277,33,58.361847,21.477896,0.66278386,0,2025-06-07 07:27:57,morning,Diode,OK
1749307986,27,64.786095,52.335896,5.5348954,0,2025-06-07 14:53:06,day,Fiber,OK
1749315234,77,63.603622,69.158905,3.783157,0,2025-06-07 16:53:54,day,Fiber,OK
1749335283,2,77.36057,71.37638,4.2606,0,2025-06-07 22:28:03,night,Fiber,OK
1749407998,39,28.943186,46.91246,8.507026,0,2025-06-08 18:39:58,day,Excimer,OK
1749409045,81,62.4742,35.047176,1.7280657,0,2025-06-08 18:57:25,day,Nd:YAG,OK
1749412492,12,46.375145,55.041016,6.7098093,0,2025-06-08 19:54:52,day,Fiber,OK
1749414034,75,51.662704,39.508568,2.8060756,0,2025-06-08 20:20:34,day,CO2,OK
1749417777,59,27.066534,59.236366,0.84557164,0,2025-06-08 21:22:57,day,Excimer,OK
1749425711,25,7.9908347,50.7355,9.219935,0,2025-06-08 23:35:11,night,CO2,WARNING
1749431822,62,52.61186,52.099262,12.694502,0,2025-06-09 01:17:02,night,Fiber,OK
1749452737,86,64.326126,48.197617,7.5578136,0,2025-06-09 07:05:37,morning,Nd:YAG,OK
1749463870,30,96.45111,370.67853,13.598922,0,2025-06-09 10:11:10,morning,CO2,OK
1749501454,35,32.168327,55.893017,7.175032,0,2025-06-09 20:37:34,day,CO2,OK
1749518199,18,29.25603,37.822636,10.686816,0,2025-06-10 01:16:39,night,Diode,OK
1749573126,92,50.256374,44.749905,7.5369215,0,2025-06-10 16:32:06,day,Fiber,OK
1749591526,57,34.864403,70.56855,6.948696,0,2025-06-10 21:38:46,day,Fiber,OK
1749602376,60,59.8666,37.814922,7.3995605,0,2025-06-11 00:39:36,night,CO2,OK
1749604653,82,60.658627,23.775904,0.3649815,0,2025-06-11 01:17:33,night,Fiber,OK
1749625428,46,76.2082,46.911293,71.80977,0,2025-06-11 07:03:48,morning,Nd:YAG,OK
1749650237,29,47.38441,338.1573,8.61086,0,2025-06-11 13:57:17,morning,Excimer,OK
1749657360,12,31.132652,377.7805,2.3288193,0,2025-06-11 15:56:00,day,Fiber,OK
1749671700,44,70.15612,75.80384,13.182817,0,2025-06-11 19:55:00,day,Excimer,OK
1749715520,38,27.116095,33.474606,11.678461,0,2025-06-12 08:05:20,morning,Diode,OK
1749716102,31,100.658424,46.172417,11.611531,0,2025-06-12 08:15:02,morning,Nd:YAG,WARNING
1749719939,16,28.667454,43.418564,7.1764255,0,2025-06-12 09:18:59,morning,Nd:YAG,OK
1749748369,81,28.895023,71.90681,7.7755113,0,2025-06-12 17:12:49,day,Nd:YAG,OK
1749785177,95,61.42759,58.368736,3.665849,0,2025-06-13 03:26:17,night,CO2,OK
1749830133,69,10.148549,60.63949,69.11043,0,2025-06-13 15:55:33,day,Excimer,WARNING
1749830736,3,47.096935,59.41275,9.112681,0,2025-06-13 16:05:36,day,Diode,OK
1749846059,31,75.91705,9.033474,6.7958403,0,2025-06-13 20:20:59,day,Nd:YAG,OK
1749906277,96,92.077446,255.89156,69.943,0,2025-06-14 13:04:37,morning,Nd:YAG,OK
1749931523,11,89.0686,45.974785,1.0245389,0,2025-06-14 20:05:23,day,Nd:YAG,OK
1749979040,95,64.19214,38.90412,2.0961995,0,2025-06-15 09:17:20,morning,CO2,OK
1749980972,57,49.31433,83.08421,5.613278,0,2025-06-15 09:49:32,morning,Fiber,OK
